customerID,gender,SeniorCitizen,Partner,Dependents,tenure,PhoneService,InternetService,OnlineSecurity,TechSupport,Contract,PaperlessBilling,PaymentMethod,MonthlyCharges,TotalCharges,Churn
DEMO-00000,Male,Yes,Yes,No,12,Yes,Fiber optic,Yes,Yes,One year,Yes,Credit card,120.89,1441.96,Yes
DEMO-00001,Female,No,No,No,38,Yes,No,Yes,Yes,Month-to-month,Yes,Credit card,110.92,4054.04,No
DEMO-00002,Male,No,No,No,25,Yes,DSL,Yes,No,Two year,Yes,Credit card,28.61,799.06,Yes
DEMO-00003,Female,No,Yes,No,24,Yes,Fiber optic,No,No,One year,No,Bank transfer,64.11,1685.37,No
DEMO-00004,Male,No,Yes,Yes,72,Yes,No,No,No,Month-to-month,Yes,Mailed check,84.52,6182.74,No
DEMO-00005,Male,Yes,Yes,No,69,Yes,No,No internet service,Yes,Two year,Yes,Bank transfer,59.64,4098.25,No
DEMO-00006,Male,No,Yes,No,8,Yes,DSL,No,Yes,One year,No,Mailed check,116.57,971.31,No
DEMO-00007,Female,No,No,Yes,15,Yes,No,Yes,Yes,One year,Yes,Bank transfer,112.73,1760.84,Yes
DEMO-00008,Male,No,No,Yes,29,Yes,Fiber optic,No,No,Month-to-month,Yes,Electronic check,51.6,1553.7,No
DEMO-00009,Female,No,No,No,72,Yes,Fiber optic,No internet service,No,Month-to-month,No,Bank transfer,67.94,5014.69,No
DEMO-00010,Male,No,Yes,No,22,Yes,Fiber optic,No internet service,No,Month-to-month,No,Mailed check,53.26,1266.02,Yes
DEMO-00011,Male,No,Yes,Yes,33,Yes,DSL,Yes,Yes,Two year,Yes,Mailed check,67.12,2157.08,Yes
DEMO-00012,Male,Yes,No,No,36,Yes,No,No internet service,Yes,One year,Yes,Electronic check,66.36,2391.61,No
DEMO-00013,Female,No,No,No,71,Yes,Fiber optic,No,Yes,Two year,Yes,Electronic check,95.86,6755.58,No
DEMO-00014,Female,No,No,No,13,Yes,Fiber optic,No,No,Month-to-month,Yes,Bank transfer,49.79,663.39,Yes
DEMO-00015,Female,No,No,No,29,No,No,No,No,Month-to-month,Yes,Mailed check,20.0,393.11,Yes
DEMO-00016,Male,Yes,Yes,No,45,Yes,Fiber optic,No,No,Month-to-month,Yes,Electronic check,31.89,1627.88,Yes
DEMO-00017,Female,No,Yes,No,12,Yes,DSL,No,Yes,Month-to-month,No,Electronic check,46.29,477.51,No
DEMO-00018,Male,No,No,No,34,Yes,DSL,No,No,Two year,No,Mailed check,55.61,1839.42,No
DEMO-00019,Female,No,Yes,No,30,Yes,No,Yes,No,One year,Yes,Electronic check,76.68,2308.67,No
DEMO-00020,Male,No,Yes,Yes,61,Yes,Fiber optic,No,No,One year,Yes,Electronic check,45.01,2607.84,No
DEMO-00021,Male,No,Yes,Yes,56,Yes,No,No internet service,No,Month-to-month,Yes,Bank transfer,41.72,2302.78,Yes
DEMO-00022,Male,No,No,No,66,Yes,Fiber optic,No,Yes,Two year,No,Bank transfer,48.76,3235.02,No
DEMO-00023,Female,Yes,Yes,No,40,Yes,Fiber optic,No,No,Two year,No,Credit card,44.11,1929.27,No
DEMO-00024,Female,No,Yes,No,64,Yes,No,Yes,No,One year,No,Electronic check,58.14,3735.17,No
DEMO-00025,Female,Yes,Yes,No,14,Yes,Fiber optic,Yes,Yes,Month-to-month,Yes,Electronic check,57.07,758.42,No
DEMO-00026,Female,No,Yes,Yes,46,Yes,Fiber optic,Yes,No,Month-to-month,No,Electronic check,89.23,3992.02,Yes
DEMO-00027,Male,Yes,Yes,Yes,18,Yes,DSL,No,No,Month-to-month,No,Bank transfer,47.26,1064.51,Yes
DEMO-00028,Female,No,Yes,No,6,Yes,No,Yes,No,Month-to-month,Yes,Electronic check,63.06,386.03,No
DEMO-00029,Male,No,No,No,14,Yes,Fiber optic,No,No,One year,Yes,Electronic check,58.37,825.42,Yes
DEMO-00030,Male,No,Yes,No,20,Yes,Fiber optic,Yes,Yes,One year,Yes,Bank transfer,92.22,1707.25,No
DEMO-00031,Female,No,Yes,Yes,16,Yes,Fiber optic,Yes,No,Two year,Yes,Mailed check,68.14,1142.71,Yes
DEMO-00032,Female,No,No,No,72,Yes,DSL,No,No,Month-to-month,Yes,Bank transfer,98.27,7016.63,No
DEMO-00033,Male,No,No,Yes,41,Yes,Fiber optic,No,No,Month-to-month,Yes,Bank transfer,43.19,1917.96,No
DEMO-00034,Female,No,No,No,56,Yes,DSL,No internet service,Yes,Month-to-month,No,Credit card,70.77,4009.56,No
DEMO-00035,Male,No,No,Yes,15,Yes,DSL,No,No,Month-to-month,Yes,Mailed check,57.6,876.5,Yes
DEMO-00036,Female,Yes,Yes,Yes,5,Yes,No,No,Yes,Month-to-month,Yes,Electronic check,41.35,74.47,Yes
DEMO-00037,Male,No,No,No,72,Yes,Fiber optic,Yes,No,Month-to-month,No,Bank transfer,70.31,5052.5,Yes
DEMO-00038,Female,No,No,No,3,Yes,No,No,Yes,Month-to-month,Yes,Electronic check,115.32,324.58,Yes
DEMO-00039,Male,Yes,No,Yes,14,Yes,Fiber optic,No,Yes,One year,Yes,Electronic check,50.68,721.82,Yes
DEMO-00040,Female,No,No,No,49,Yes,DSL,Yes,No,Month-to-month,No,Mailed check,68.81,3174.69,Yes
DEMO-00041,Male,No,Yes,Yes,21,Yes,Fiber optic,No,No,Two year,Yes,Electronic check,39.19,732.03,No
DEMO-00042,Male,No,No,Yes,34,Yes,DSL,No,No,One year,Yes,Electronic check,35.52,1158.09,No
DEMO-00043,Female,Yes,Yes,Yes,11,Yes,Fiber optic,No,Yes,Month-to-month,Yes,Bank transfer,52.32,625.54,Yes
DEMO-00044,Male,No,Yes,No,40,Yes,No,No,No,Two year,Yes,Credit card,60.75,2236.96,No
DEMO-00045,Female,No,Yes,Yes,8,Yes,Fiber optic,Yes,No,Two year,Yes,Electronic check,61.86,633.05,Yes
DEMO-00046,Male,No,Yes,No,19,Yes,Fiber optic,No,Yes,Month-to-month,No,Bank transfer,66.35,1384.85,No
DEMO-00047,Male,No,No,No,47,Yes,No,Yes,Yes,Month-to-month,No,Credit card,30.79,1347.69,No
DEMO-00048,Male,No,Yes,Yes,17,Yes,Fiber optic,No,No,One year,Yes,Electronic check,56.35,1204.85,Yes
DEMO-00049,Female,No,No,No,36,Yes,Fiber optic,No,No,Month-to-month,Yes,Bank transfer,84.54,3067.27,No
DEMO-00050,Female,No,No,No,72,Yes,Fiber optic,Yes,Yes,Month-to-month,Yes,Electronic check,38.04,2727.98,Yes
DEMO-00051,Male,No,Yes,No,42,Yes,Fiber optic,Yes,No,Month-to-month,No,Credit card,63.12,2710.45,No
DEMO-00052,Male,Yes,Yes,No,38,Yes,DSL,No internet service,No,One year,No,Electronic check,79.32,3055.97,No
DEMO-00053,Female,No,Yes,No,55,Yes,Fiber optic,No internet service,No,One year,Yes,Electronic check,52.44,2895.92,No
DEMO-00054,Female,No,Yes,Yes,30,Yes,Fiber optic,No,No,One year,No,Credit card,80.54,2307.75,Yes
DEMO-00055,Female,No,No,No,18,Yes,DSL,No,No,One year,Yes,Bank transfer,33.97,567.74,Yes
DEMO-00056,Male,Yes,Yes,Yes,65,Yes,No,No internet service,Yes,Month-to-month,No,Electronic check,94.21,6159.38,No
DEMO-00057,Female,No,Yes,No,54,Yes,DSL,Yes,Yes,One year,Yes,Credit card,81.15,4465.51,No
DEMO-00058,Male,No,No,No,14,Yes,Fiber optic,No,Yes,Month-to-month,Yes,Credit card,73.39,1171.42,No
DEMO-00059,Male,No,Yes,No,25,Yes,No,No,No,Month-to-month,No,Mailed check,100.12,2457.28,No
DEMO-00060,Male,No,Yes,No,43,No,DSL,Yes,No,One year,No,Electronic check,63.77,2750.03,No
DEMO-00061,Female,No,Yes,Yes,6,Yes,No,Yes,Yes,Month-to-month,No,Electronic check,56.55,273.27,No
DEMO-00062,Male,No,No,Yes,43,Yes,No,No internet service,No,One year,Yes,Credit card,106.31,4680.71,Yes
DEMO-00063,Female,No,Yes,Yes,39,Yes,Fiber optic,No,No,One year,Yes,Electronic check,118.02,4571.65,No
DEMO-00064,Female,No,Yes,No,10,Yes,No,No,Yes,One year,No,Electronic check,54.66,487.81,No
DEMO-00065,Male,No,Yes,No,72,Yes,Fiber optic,No,Yes,Month-to-month,No,Electronic check,69.16,4985.72,No
DEMO-00066,Male,No,No,Yes,22,Yes,Fiber optic,No,No,Month-to-month,No,Electronic check,98.13,1991.56,No
DEMO-00067,Female,No,No,No,21,Yes,Fiber optic,No,No,Month-to-month,No,Bank transfer,70.05,1525.15,Yes
DEMO-00068,Male,No,Yes,No,57,No,Fiber optic,No,Yes,Month-to-month,Yes,Mailed check,86.86,4920.04,No
DEMO-00069,Male,No,Yes,No,65,Yes,DSL,No,Yes,Month-to-month,Yes,Electronic check,91.51,6224.91,No
DEMO-00070,Female,No,Yes,No,12,Yes,DSL,Yes,Yes,Month-to-month,No,Electronic check,57.94,633.46,Yes
DEMO-00071,Female,No,No,No,27,No,Fiber optic,Yes,No,Month-to-month,Yes,Electronic check,82.48,2200.23,Yes
DEMO-00072,Male,Yes,No,No,4,Yes,No,No,Yes,Two year,Yes,Electronic check,71.85,389.12,No
DEMO-00073,Male,No,No,No,55,Yes,No,No,Yes,Month-to-month,Yes,Electronic check,41.58,2365.1,No
DEMO-00074,Male,No,No,No,30,Yes,No,No,Yes,Month-to-month,Yes,Bank transfer,47.26,1521.39,Yes
DEMO-00075,Male,No,Yes,No,7,Yes,DSL,Yes,No,Month-to-month,No,Electronic check,55.69,361.86,Yes
DEMO-00076,Female,No,No,No,16,Yes,Fiber optic,No,No,Month-to-month,Yes,Electronic check,95.21,1408.66,Yes
DEMO-00077,Female,No,No,Yes,11,No,Fiber optic,No,Yes,One year,No,Bank transfer,96.03,1323.15,Yes
DEMO-00078,Female,No,No,Yes,15,Yes,DSL,No,No,Month-to-month,No,Bank transfer,90.75,1412.88,Yes
DEMO-00079,Female,No,No,No,5,Yes,Fiber optic,No,No,One year,No,Bank transfer,83.0,437.57,No
DEMO-00080,Male,No,No,No,72,Yes,Fiber optic,No internet service,No,One year,No,Credit card,82.32,6007.62,No
DEMO-00081,Female,No,No,No,13,Yes,No,Yes,No,Month-to-month,Yes,Electronic check,78.94,895.9,Yes
DEMO-00082,Female,No,Yes,Yes,31,Yes,DSL,No,No,Two year,Yes,Electronic check,82.19,2502.25,No
DEMO-00083,Male,No,Yes,Yes,42,Yes,No,No,No,Month-to-month,No,Electronic check,83.88,3418.66,Yes
DEMO-00084,Female,No,No,No,65,Yes,No,No,Yes,Month-to-month,Yes,Electronic check,36.89,2414.54,No
DEMO-00085,Female,No,No,No,32,Yes,Fiber optic,No,No,Month-to-month,Yes,Credit card,52.24,1533.87,No
DEMO-00086,Male,No,No,No,25,Yes,DSL,No,No,One year,No,Bank transfer,46.28,1224.38,Yes
DEMO-00087,Male,No,Yes,No,33,Yes,DSL,No,Yes,Month-to-month,No,Credit card,99.68,3407.79,Yes
DEMO-00088,Female,No,No,Yes,12,Yes,No,No,No,Month-to-month,Yes,Credit card,113.35,1474.87,Yes
DEMO-00089,Male,No,Yes,No,13,Yes,DSL,No internet service,Yes,Month-to-month,No,Credit card,20.0,304.04,No
DEMO-00090,Male,No,No,No,25,Yes,DSL,No internet service,No,Month-to-month,No,Mailed check,111.12,2797.22,Yes
DEMO-00091,Male,No,Yes,No,3,Yes,No,No internet service,Yes,One year,No,Credit card,74.17,180.71,Yes
DEMO-00092,Female,No,Yes,No,18,Yes,Fiber optic,No,Yes,Month-to-month,No,Mailed check,97.32,1796.61,No
DEMO-00093,Male,No,No,No,21,Yes,Fiber optic,No,Yes,Month-to-month,Yes,Electronic check,84.66,1766.88,Yes
DEMO-00094,Female,No,Yes,Yes,72,Yes,DSL,No,Yes,Month-to-month,No,Bank transfer,108.01,7589.76,No
DEMO-00095,Female,Yes,Yes,Yes,71,Yes,Fiber optic,No,Yes,One year,No,Credit card,77.24,5422.37,Yes
DEMO-00096,Female,No,No,Yes,42,Yes,No,No internet service,No,Month-to-month,Yes,Credit card,37.91,1671.45,No
DEMO-00097,Male,No,Yes,No,56,Yes,DSL,No,No,Month-to-month,No,Mailed check,69.36,3771.59,No
DEMO-00098,Male,No,Yes,No,13,Yes,DSL,No,No,Month-to-month,Yes,Credit card,84.89,989.03,Yes
DEMO-00099,Male,Yes,No,Yes,34,Yes,DSL,Yes,No,Two year,No,Mailed check,66.6,2244.43,No
DEMO-00100,Male,No,No,Yes,51,No,Fiber optic,Yes,No,Two year,No,Bank transfer,88.44,4293.55,No
DEMO-00101,Male,No,No,Yes,13,Yes,DSL,No,No,One year,Yes,Electronic check,70.36,987.64,No
DEMO-00102,Male,No,Yes,No,8,Yes,No,No,No,Month-to-month,Yes,Electronic check,57.11,521.0,Yes
DEMO-00103,Male,No,No,No,39,Yes,DSL,No,No,Two year,Yes,Electronic check,44.85,1843.87,Yes
DEMO-00104,Male,No,Yes,No,9,Yes,DSL,No,No,One year,Yes,Credit card,62.2,581.92,No
DEMO-00105,Female,No,Yes,No,45,Yes,No,Yes,No,One year,Yes,Credit card,77.11,3384.66,No
DEMO-00106,Female,No,No,No,65,Yes,No,No,Yes,Month-to-month,Yes,Electronic check,23.02,1373.29,No
DEMO-00107,Female,No,No,No,14,Yes,Fiber optic,Yes,No,Month-to-month,Yes,Electronic check,52.5,790.1,No
DEMO-00108,Male,No,Yes,No,15,Yes,No,No,Yes,Month-to-month,No,Electronic check,22.08,402.74,Yes
DEMO-00109,Female,No,No,No,63,Yes,DSL,No,No,Two year,Yes,Bank transfer,56.57,3452.23,No
DEMO-00110,Female,Yes,Yes,No,32,Yes,Fiber optic,No,No,Month-to-month,Yes,Bank transfer,101.93,3136.69,Yes
DEMO-00111,Female,No,Yes,No,58,Yes,DSL,Yes,No,Month-to-month,Yes,Bank transfer,42.35,2454.4,No
DEMO-00112,Female,Yes,Yes,No,25,Yes,Fiber optic,No,Yes,Month-to-month,Yes,Electronic check,89.58,2253.16,Yes
DEMO-00113,Female,Yes,Yes,No,27,Yes,Fiber optic,No,No,One year,Yes,Electronic check,143.22,3960.43,Yes
DEMO-00114,Male,No,Yes,No,32,Yes,No,No,No,Month-to-month,No,Credit card,108.34,3533.12,No
DEMO-00115,Female,No,Yes,No,72,Yes,DSL,No internet service,No,Two year,Yes,Bank transfer,75.34,5416.48,No
DEMO-00116,Female,No,Yes,No,55,Yes,Fiber optic,No,No,One year,No,Electronic check,93.46,5243.85,No
DEMO-00117,Male,No,No,Yes,17,No,No,No internet service,Yes,One year,Yes,Electronic check,37.76,606.97,No
DEMO-00118,Male,No,Yes,No,36,Yes,Fiber optic,No,No,Month-to-month,Yes,Electronic check,32.66,1144.9,Yes
DEMO-00119,Male,No,Yes,Yes,24,Yes,DSL,Yes,No,One year,No,Electronic check,72.72,1830.11,No
DEMO-00120,Female,No,Yes,No,21,No,Fiber optic,No,No,One year,Yes,Electronic check,81.97,1817.13,No
DEMO-00121,Female,No,Yes,No,44,Yes,DSL,No,No,One year,Yes,Bank transfer,99.36,4470.21,No
DEMO-00122,Female,No,No,No,38,Yes,Fiber optic,No,No,Month-to-month,Yes,Electronic check,57.78,2177.69,No
DEMO-00123,Female,No,No,No,14,Yes,Fiber optic,No internet service,Yes,Month-to-month,No,Mailed check,76.83,1082.78,No
DEMO-00124,Female,No,Yes,No,32,Yes,Fiber optic,No,Yes,Month-to-month,Yes,Bank transfer,75.98,2344.72,Yes
DEMO-00125,Male,Yes,No,No,20,Yes,Fiber optic,No,Yes,Month-to-month,Yes,Electronic check,68.72,1464.39,Yes
DEMO-00126,Female,No,No,Yes,42,Yes,Fiber optic,Yes,No,Month-to-month,No,Mailed check,70.19,2888.85,Yes
DEMO-00127,Male,No,No,No,19,Yes,DSL,Yes,No,Month-to-month,No,Credit card,50.63,762.31,Yes
DEMO-00128,Female,No,Yes,No,27,Yes,DSL,Yes,No,Month-to-month,No,Electronic check,78.99,2088.62,Yes
DEMO-00129,Male,No,No,Yes,21,Yes,Fiber optic,Yes,No,One year,Yes,Credit card,76.88,1528.9,Yes
DEMO-00130,Male,Yes,No,No,6,Yes,No,No,No,Month-to-month,No,Electronic check,61.0,95.3,Yes
DEMO-00131,Male,No,No,Yes,72,Yes,Fiber optic,Yes,No,Two year,Yes,Electronic check,88.64,6324.73,No
DEMO-00132,Female,No,No,No,31,Yes,DSL,Yes,No,One year,Yes,Electronic check,97.7,3106.95,Yes
DEMO-00133,Female,No,No,No,72,Yes,Fiber optic,No,No,Month-to-month,Yes,Bank transfer,88.93,6444.33,No
DEMO-00134,Female,No,No,No,32,Yes,Fiber optic,No internet service,No,One year,No,Mailed check,45.94,1511.26,No
DEMO-00135,Male,No,No,Yes,50,Yes,Fiber optic,Yes,No,Month-to-month,Yes,Credit card,74.49,3867.07,No
DEMO-00136,Female,No,Yes,No,18,Yes,Fiber optic,No,No,Two year,Yes,Electronic check,49.21,827.89,No
DEMO-00137,Male,No,No,No,19,Yes,No,Yes,No,Month-to-month,Yes,Bank transfer,74.41,1299.25,No
DEMO-00138,Male,No,No,No,30,Yes,DSL,No internet service,No,One year,No,Electronic check,49.31,1528.7,No
DEMO-00139,Male,No,Yes,No,72,No,Fiber optic,No,No,Month-to-month,No,Electronic check,103.93,7518.67,Yes
DEMO-00140,Male,No,No,No,14,No,Fiber optic,No,No,Month-to-month,Yes,Bank transfer,91.58,1155.5,Yes
DEMO-00141,Female,No,Yes,No,4,Yes,Fiber optic,No,No,Month-to-month,Yes,Electronic check,100.82,385.67,Yes
DEMO-00142,Female,No,No,Yes,62,No,DSL,No internet service,No,Two year,Yes,Mailed check,98.29,6147.83,No
DEMO-00143,Female,Yes,No,Yes,52,Yes,Fiber optic,No,No,One year,Yes,Bank transfer,65.24,3419.96,No
DEMO-00144,Female,Yes,Yes,No,22,Yes,DSL,No internet service,Yes,Month-to-month,No,Bank transfer,61.36,1423.11,No
DEMO-00145,Male,No,No,No,72,Yes,Fiber optic,No,No,Month-to-month,Yes,Bank transfer,115.54,8251.66,Yes
DEMO-00146,Female,No,No,No,72,Yes,Fiber optic,No,Yes,Month-to-month,Yes,Electronic check,67.87,4744.8,Yes
DEMO-00147,Male,No,No,No,5,Yes,DSL,Yes,Yes,Month-to-month,Yes,Electronic check,38.14,99.37,Yes
DEMO-00148,Male,No,Yes,No,18,No,No,Yes,Yes,Month-to-month,Yes,Mailed check,97.19,1835.86,No
DEMO-00149,Male,No,Yes,No,30,Yes,No,No,No,Month-to-month,No,Electronic check,75.59,2371.27,No
DEMO-00150,Female,No,Yes,Yes,41,Yes,Fiber optic,Yes,No,Two year,No,Electronic check,109.65,4478.9,No
DEMO-00151,Female,No,No,No,37,Yes,No,Yes,No,Two year,No,Mailed check,78.07,3039.85,No
DEMO-00152,Male,No,Yes,No,31,Yes,No,Yes,No,Month-to-month,Yes,Mailed check,71.5,2200.29,No
DEMO-00153,Male,No,No,Yes,12,Yes,DSL,Yes,No,Month-to-month,No,Mailed check,110.15,1270.55,No
DEMO-00154,Female,No,Yes,No,45,Yes,Fiber optic,No,No,Month-to-month,Yes,Electronic check,33.54,1368.21,No
DEMO-00155,Female,No,No,No,47,Yes,Fiber optic,Yes,No,One year,Yes,Electronic check,57.37,2688.82,Yes
DEMO-00156,Male,Yes,No,Yes,59,No,Fiber optic,No internet service,No,Month-to-month,No,Electronic check,49.82,3045.43,No
DEMO-00157,Male,No,No,Yes,11,Yes,No,No,Yes,One year,Yes,Electronic check,20.0,346.85,No
DEMO-00158,Female,No,No,No,26,Yes,Fiber optic,No internet service,No,One year,Yes,Credit card,93.83,2546.51,No
DEMO-00159,Female,Yes,No,No,21,Yes,DSL,No,No,One year,Yes,Electronic check,58.06,1269.21,Yes
DEMO-00160,Female,No,No,No,11,Yes,Fiber optic,No,Yes,Month-to-month,No,Electronic check,94.63,1200.6,Yes
DEMO-00161,Female,No,No,No,26,Yes,Fiber optic,No,Yes,Two year,Yes,Credit card,81.73,2028.11,No
DEMO-00162,Male,No,No,No,13,Yes,Fiber optic,No,Yes,Month-to-month,No,Mailed check,87.18,1251.84,Yes
DEMO-00163,Female,No,No,No,9,Yes,DSL,No,No,Month-to-month,Yes,Electronic check,60.62,573.7,Yes
DEMO-00164,Male,No,No,No,53,Yes,DSL,Yes,No,Month-to-month,Yes,Bank transfer,52.89,2824.23,No
DEMO-00165,Male,No,Yes,Yes,22,Yes,Fiber optic,No internet service,Yes,Month-to-month,Yes,Bank transfer,74.24,1490.97,No
DEMO-00166,Female,No,Yes,No,17,Yes,DSL,No internet service,Yes,Two year,No,Credit card,94.98,1648.79,Yes
DEMO-00167,Male,Yes,Yes,No,69,Yes,Fiber optic,No,No,Two year,No,Credit card,70.74,4996.46,No
DEMO-00168,Female,No,Yes,No,48,Yes,DSL,No,No,Month-to-month,Yes,Bank transfer,54.45,2400.73,No
DEMO-00169,Male,No,No,No,4,Yes,Fiber optic,No,No,Two year,No,Electronic check,42.02,247.63,Yes
DEMO-00170,Female,No,Yes,No,42,Yes,DSL,No,Yes,Month-to-month,Yes,Mailed check,77.1,3009.69,Yes
DEMO-00171,Male,No,Yes,No,41,Yes,DSL,Yes,No,Month-to-month,No,Electronic check,58.15,2242.41,No
DEMO-00172,Male,No,Yes,Yes,25,Yes,Fiber optic,No,No,Month-to-month,Yes,Bank transfer,70.21,1745.82,Yes
DEMO-00173,Male,No,No,No,24,Yes,DSL,No,Yes,Two year,Yes,Credit card,66.03,1742.99,Yes
DEMO-00174,Male,Yes,Yes,No,6,Yes,DSL,No,No,Month-to-month,No,Electronic check,60.89,352.53,Yes
DEMO-00175,Female,No,No,Yes,72,Yes,Fiber optic,No,Yes,Month-to-month,Yes,Credit card,79.35,5760.2,No
DEMO-00176,Female,No,No,No,26,Yes,DSL,Yes,Yes,Month-to-month,No,Bank transfer,85.86,2141.37,Yes
DEMO-00177,Female,No,No,No,40,Yes,DSL,No,No,Two year,Yes,Electronic check,121.13,4825.77,No
DEMO-00178,Female,No,No,No,27,Yes,Fiber optic,No,No,Two year,Yes,Credit card,90.95,2450.16,Yes
DEMO-00179,Male,No,No,No,17,Yes,Fiber optic,Yes,Yes,One year,Yes,Bank transfer,111.84,2064.2,No
DEMO-00180,Female,No,No,No,55,Yes,Fiber optic,Yes,Yes,Two year,Yes,Mailed check,51.53,2759.42,No
DEMO-00181,Female,No,No,No,35,Yes,No,No,Yes,Two year,Yes,Mailed check,31.98,1053.38,Yes
DEMO-00182,Female,No,No,Yes,26,Yes,Fiber optic,No,No,Month-to-month,Yes,Electronic check,71.64,1970.32,Yes
DEMO-00183,Male,No,No,No,40,Yes,Fiber optic,Yes,Yes,Month-to-month,No,Electronic check,93.45,3713.32,Yes
DEMO-00184,Female,Yes,No,No,29,Yes,No,Yes,No,One year,Yes,Bank transfer,89.53,2607.69,No
DEMO-00185,Male,No,Yes,No,72,Yes,Fiber optic,No,Yes,One year,Yes,Credit card,102.28,7407.68,Yes
DEMO-00186,Male,No,No,Yes,54,Yes,Fiber optic,No,No,Month-to-month,No,Bank transfer,20.0,1016.35,No
DEMO-00187,Male,No,No,No,44,Yes,Fiber optic,No,No,Month-to-month,Yes,Credit card,103.32,4340.85,Yes
DEMO-00188,Female,Yes,No,No,7,No,Fiber optic,No internet service,Yes,One year,No,Credit card,80.39,670.25,Yes
DEMO-00189,Male,No,No,Yes,46,Yes,No,No,No,Month-to-month,Yes,Electronic check,33.4,1548.01,Yes
DEMO-00190,Male,No,Yes,No,45,Yes,DSL,No internet service,No,Two year,No,Credit card,90.09,3926.35,No
DEMO-00191,Female,No,No,Yes,13,Yes,No,No internet service,Yes,Month-to-month,No,Credit card,76.24,1068.93,Yes
DEMO-00192,Female,No,No,No,7,Yes,Fiber optic,No,No,Month-to-month,Yes,Mailed check,81.53,771.63,Yes
DEMO-00193,Male,No,Yes,No,53,Yes,Fiber optic,No,No,Two year,Yes,Mailed check,96.98,5259.2,No
DEMO-00194,Female,No,No,No,57,Yes,Fiber optic,No,No,Month-to-month,Yes,Bank transfer,82.76,4925.41,Yes
DEMO-00195,Male,No,No,No,19,Yes,DSL,No,No,Month-to-month,Yes,Credit card,35.18,545.64,Yes
DEMO-00196,Female,No,No,No,18,Yes,DSL,Yes,Yes,One year,Yes,Credit card,68.42,1256.51,No
DEMO-00197,Female,No,Yes,No,34,Yes,No,Yes,Yes,Two year,No,Mailed check,31.56,1108.52,No
DEMO-00198,Female,No,Yes,No,22,Yes,Fiber optic,Yes,No,Month-to-month,No,Credit card,88.23,1929.38,No
DEMO-00199,Male,No,Yes,No,7,Yes,No,No,No,Month-to-month,Yes,Mailed check,106.95,715.88,Yes
DEMO-00200,Female,No,No,No,13,Yes,DSL,No,No,One year,No,Credit card,40.96,236.53,No
DEMO-00201,Male,No,Yes,Yes,39,Yes,DSL,No internet service,No,Two year,Yes,Bank transfer,55.21,2322.44,Yes
DEMO-00202,Female,No,No,No,14,Yes,DSL,No,Yes,Month-to-month,Yes,Credit card,49.94,537.48,No
DEMO-00203,Female,Yes,Yes,No,59,Yes,DSL,Yes,Yes,Month-to-month,Yes,Credit card,60.65,3668.72,No
DEMO-00204,Female,No,Yes,No,44,Yes,Fiber optic,No internet service,No,Month-to-month,Yes,Electronic check,82.31,3622.74,Yes
DEMO-00205,Male,No,Yes,Yes,40,Yes,No,No internet service,Yes,Month-to-month,Yes,Credit card,60.92,2433.75,No
DEMO-00206,Female,No,Yes,No,34,Yes,No,No,No,Month-to-month,Yes,Bank transfer,88.31,2981.99,Yes
DEMO-00207,Female,No,No,Yes,17,Yes,Fiber optic,No internet service,Yes,One year,Yes,Electronic check,98.63,1696.61,Yes
DEMO-00208,Female,No,Yes,No,49,Yes,DSL,No,Yes,Month-to-month,No,Electronic check,99.54,4941.54,No
DEMO-00209,Female,No,No,No,16,No,Fiber optic,No,Yes,Month-to-month,No,Bank transfer,44.05,799.97,Yes
DEMO-00210,Female,No,Yes,No,61,Yes,Fiber optic,Yes,No,One year,No,Electronic check,106.65,6493.06,No
DEMO-00211,Female,No,No,Yes,72,Yes,Fiber optic,No,Yes,One year,Yes,Electronic check,108.65,7702.25,No
DEMO-00212,Female,No,Yes,No,35,Yes,Fiber optic,No internet service,No,Month-to-month,No,Bank transfer,110.82,3754.72,No
DEMO-00213,Male,No,No,Yes,72,Yes,DSL,Yes,No,Two year,Yes,Electronic check,68.05,5003.49,No
DEMO-00214,Female,No,Yes,No,13,Yes,DSL,No internet service,Yes,One year,Yes,Mailed check,53.2,664.47,No
DEMO-00215,Female,No,No,Yes,45,Yes,No,Yes,No,One year,Yes,Credit card,47.39,2030.07,No
DEMO-00216,Female,No,Yes,No,31,Yes,Fiber optic,No,No,Month-to-month,Yes,Electronic check,44.46,1304.08,Yes
DEMO-00217,Male,No,No,No,53,Yes,No,No,No,Month-to-month,Yes,Bank transfer,72.29,3821.98,Yes
DEMO-00218,Female,No,No,No,4,No,DSL,Yes,No,Two year,No,Electronic check,93.2,244.46,No
DEMO-00219,Female,No,No,No,51,Yes,Fiber optic,Yes,No,Month-to-month,No,Credit card,104.66,5334.55,No
DEMO-00220,Male,No,Yes,No,18,Yes,DSL,Yes,No,Month-to-month,Yes,Mailed check,59.86,1202.79,Yes
DEMO-00221,Female,No,No,No,32,Yes,No,No,Yes,Month-to-month,No,Credit card,71.03,2261.09,No
DEMO-00222,Female,No,No,No,72,No,DSL,Yes,No,One year,Yes,Bank transfer,69.4,4820.04,No
DEMO-00223,Female,No,Yes,No,46,Yes,Fiber optic,No,No,Two year,Yes,Credit card,56.12,2668.3,Yes
DEMO-00224,Male,No,Yes,No,42,Yes,DSL,No,No,Month-to-month,Yes,Mailed check,90.39,3907.4,No
DEMO-00225,Female,No,No,Yes,39,Yes,DSL,No,Yes,Two year,Yes,Mailed check,81.07,3278.02,No
DEMO-00226,Male,No,No,No,66,Yes,DSL,Yes,Yes,Month-to-month,Yes,Electronic check,75.55,4992.2,No
DEMO-00227,Female,No,Yes,No,54,Yes,Fiber optic,No,No,Month-to-month,Yes,Bank transfer,80.96,4604.99,No
DEMO-00228,Male,No,No,No,39,Yes,No,No internet service,No,One year,Yes,Bank transfer,87.39,3481.81,No
DEMO-00229,Female,No,Yes,Yes,36,Yes,No,No,Yes,Month-to-month,No,Bank transfer,87.14,3436.02,Yes
DEMO-00230,Male,No,Yes,Yes,34,Yes,Fiber optic,No,No,Month-to-month,No,Electronic check,51.04,1870.52,No
DEMO-00231,Male,No,Yes,No,29,Yes,Fiber optic,Yes,No,Month-to-month,No,Bank transfer,94.41,2857.74,Yes
DEMO-00232,Female,No,No,No,11,Yes,Fiber optic,No,Yes,Two year,Yes,Mailed check,78.38,799.91,Yes
DEMO-00233,Female,Yes,Yes,No,45,Yes,DSL,No,No,One year,Yes,Bank transfer,61.13,2656.05,No
DEMO-00234,Male,No,Yes,Yes,20,Yes,No,Yes,No,Two year,Yes,Bank transfer,77.86,1568.75,No
DEMO-00235,Female,No,No,No,27,No,Fiber optic,No,No,Two year,No,Mailed check,80.61,2157.22,No
DEMO-00236,Male,Yes,No,No,57,Yes,Fiber optic,Yes,No,Month-to-month,Yes,Mailed check,99.04,5591.52,No
DEMO-00237,Male,No,Yes,No,30,Yes,DSL,No,Yes,One year,No,Mailed check,45.85,1362.49,No
DEMO-00238,Male,No,No,Yes,28,Yes,DSL,No,No,Month-to-month,No,Credit card,105.12,2923.56,Yes
DEMO-00239,Male,Yes,No,No,35,Yes,Fiber optic,Yes,No,Month-to-month,Yes,Credit card,72.58,2476.29,No
DEMO-00240,Male,No,Yes,No,24,Yes,No,No,No,Two year,No,Electronic check,59.35,1490.12,Yes
DEMO-00241,Female,No,Yes,Yes,72,Yes,Fiber optic,No,Yes,Two year,Yes,Electronic check,58.58,4142.59,No
DEMO-00242,Male,No,No,No,72,No,Fiber optic,No,No,Month-to-month,Yes,Bank transfer,46.97,3377.53,Yes
DEMO-00243,Male,No,Yes,Yes,72,Yes,Fiber optic,Yes,No,Month-to-month,Yes,Credit card,28.48,1929.12,No
DEMO-00244,Male,No,No,No,39,No,Fiber optic,Yes,No,One year,Yes,Electronic check,88.93,3478.28,Yes
DEMO-00245,Female,No,No,No,19,Yes,DSL,No,Yes,Two year,Yes,Mailed check,121.52,2329.01,No
DEMO-00246,Male,No,Yes,No,58,Yes,DSL,No internet service,No,One year,Yes,Electronic check,31.56,1734.35,Yes
DEMO-00247,Female,No,Yes,Yes,24,Yes,Fiber optic,No,Yes,Month-to-month,Yes,Credit card,48.24,1164.81,No
DEMO-00248,Female,Yes,Yes,No,61,Yes,DSL,No internet service,No,Month-to-month,Yes,Electronic check,90.79,5528.41,Yes
DEMO-00249,Female,No,No,Yes,18,Yes,DSL,No internet service,Yes,Month-to-month,No,Credit card,70.86,1229.4,No
DEMO-00250,Female,No,Yes,No,41,Yes,Fiber optic,No internet service,No,One year,Yes,Bank transfer,92.86,3762.13,No
DEMO-00251,Male,No,Yes,Yes,67,Yes,DSL,No,No,Two year,Yes,Credit card,69.46,4698.6,No
DEMO-00252,Male,No,No,No,25,No,No,No,No,Month-to-month,No,Credit card,57.48,1439.83,No
DEMO-00253,Female,No,Yes,Yes,25,Yes,No,No,No,Month-to-month,No,Mailed check,66.35,1754.51,No
DEMO-00254,Male,No,No,No,8,Yes,No,Yes,Yes,Month-to-month,No,Bank transfer,20.0,56.36,Yes
DEMO-00255,Female,No,Yes,No,18,Yes,No,Yes,Yes,One year,Yes,Bank transfer,43.41,762.62,No
DEMO-00256,Male,No,Yes,No,39,Yes,DSL,No internet service,Yes,Two year,Yes,Credit card,95.71,3671.25,No
DEMO-00257,Female,Yes,No,No,43,Yes,Fiber optic,No,No,Month-to-month,No,Mailed check,101.8,4383.45,Yes
DEMO-00258,Female,No,No,No,47,Yes,Fiber optic,No internet service,No,Month-to-month,No,Electronic check,107.15,5062.97,Yes
DEMO-00259,Male,No,Yes,No,5,Yes,DSL,Yes,Yes,One year,Yes,Credit card,83.02,296.91,No
DEMO-00260,Female,No,Yes,No,24,Yes,No,Yes,No,Month-to-month,No,Electronic check,20.0,539.3,Yes
DEMO-00261,Female,No,No,Yes,9,Yes,DSL,Yes,Yes,Two year,Yes,Credit card,56.12,721.36,No
DEMO-00262,Female,No,Yes,Yes,37,No,Fiber optic,No,Yes,Month-to-month,No,Electronic check,105.12,3906.5,Yes
DEMO-00263,Male,No,Yes,No,6,No,Fiber optic,Yes,No,Month-to-month,Yes,Mailed check,112.58,588.7,Yes
DEMO-00264,Male,No,Yes,Yes,12,Yes,No,No,No,Two year,Yes,Credit card,106.07,1243.64,No
DEMO-00265,Male,No,No,No,54,Yes,Fiber optic,No,No,Month-to-month,Yes,Bank transfer,66.09,3536.44,Yes
DEMO-00266,Male,No,Yes,No,20,Yes,Fiber optic,Yes,No,Month-to-month,Yes,Bank transfer,39.34,720.07,No
DEMO-00267,Male,No,No,No,72,Yes,DSL,No,No,Month-to-month,No,Electronic check,70.98,5182.83,No
DEMO-00268,Female,No,No,No,48,Yes,Fiber optic,No,Yes,Month-to-month,Yes,Electronic check,72.37,3291.44,No
DEMO-00269,Male,No,Yes,No,26,Yes,Fiber optic,No internet service,Yes,Month-to-month,Yes,Electronic check,111.14,2916.89,Yes
DEMO-00270,Male,Yes,No,No,60,Yes,Fiber optic,No,No,Month-to-month,No,Bank transfer,77.69,4790.45,No
DEMO-00271,Female,No,Yes,Yes,27,Yes,Fiber optic,No,No,Month-to-month,Yes,Mailed check,72.42,2077.94,No
DEMO-00272,Female,No,No,No,52,Yes,DSL,No,Yes,Month-to-month,Yes,Electronic check,73.84,3942.13,No
DEMO-00273,Female,No,Yes,Yes,18,Yes,DSL,No internet service,Yes,One year,Yes,Mailed check,82.0,1409.99,No
DEMO-00274,Female,No,No,Yes,62,Yes,No,No,Yes,One year,Yes,Credit card,87.66,5580.67,No
DEMO-00275,Female,No,No,Yes,7,Yes,DSL,Yes,No,Month-to-month,Yes,Credit card,53.89,413.89,Yes
DEMO-00276,Female,No,No,No,12,Yes,Fiber optic,Yes,No,Month-to-month,No,Mailed check,45.56,689.05,Yes
DEMO-00277,Female,No,Yes,No,14,No,Fiber optic,No,No,Month-to-month,No,Credit card,106.26,1595.8,No
DEMO-00278,Male,No,No,Yes,19,Yes,No,Yes,No,Two year,Yes,Mailed check,30.97,619.87,No
DEMO-00279,Male,Yes,Yes,No,40,Yes,DSL,No internet service,No,Two year,Yes,Mailed check,112.94,4493.13,Yes
DEMO-00280,Female,No,Yes,No,31,Yes,DSL,No,Yes,Month-to-month,No,Mailed check,24.23,987.54,No
DEMO-00281,Female,Yes,Yes,No,52,Yes,No,No,Yes,Month-to-month,Yes,Credit card,57.39,2806.29,Yes
DEMO-00282,Female,Yes,Yes,Yes,68,No,Fiber optic,No internet service,Yes,Month-to-month,Yes,Electronic check,96.3,6531.05,Yes
DEMO-00283,Female,No,No,No,6,Yes,Fiber optic,No,Yes,Month-to-month,No,Electronic check,72.01,291.52,Yes
DEMO-00284,Female,No,Yes,No,72,Yes,Fiber optic,No internet service,No,One year,No,Credit card,39.09,2826.18,No
DEMO-00285,Male,No,No,No,27,Yes,Fiber optic,No,No,Month-to-month,No,Bank transfer,82.66,2267.49,No
DEMO-00286,Female,No,No,No,72,Yes,No,Yes,Yes,Month-to-month,Yes,Credit card,73.68,5240.67,No
DEMO-00287,Female,Yes,Yes,No,17,Yes,Fiber optic,Yes,No,Month-to-month,Yes,Bank transfer,66.6,1075.43,Yes
DEMO-00288,Male,No,No,No,4,No,No,Yes,No,Month-to-month,No,Bank transfer,56.4,93.54,No
DEMO-00289,Female,No,No,No,49,No,No,No internet service,No,Month-to-month,Yes,Electronic check,71.13,3530.56,Yes
DEMO-00290,Female,No,No,No,47,Yes,Fiber optic,No internet service,Yes,Two year,No,Bank transfer,57.45,2653.52,No
DEMO-00291,Female,No,Yes,Yes,12,Yes,Fiber optic,No,Yes,Month-to-month,Yes,Electronic check,132.86,1636.56,Yes
DEMO-00292,Female,Yes,No,No,13,Yes,Fiber optic,No,Yes,Two year,No,Electronic check,66.0,805.62,No
DEMO-00293,Male,No,Yes,No,55,Yes,No,Yes,No,Month-to-month,Yes,Credit card,62.66,3471.02,No
DEMO-00294,Male,No,Yes,Yes,41,Yes,Fiber optic,No,No,Two year,Yes,Electronic check,58.46,2470.82,No
DEMO-00295,Female,No,Yes,No,25,Yes,DSL,Yes,No,Two year,No,Electronic check,116.42,2958.35,No
DEMO-00296,Male,No,No,No,44,No,No,Yes,No,Two year,No,Electronic check,31.02,1385.94,No
DEMO-00297,Male,No,No,No,38,Yes,Fiber optic,No internet service,Yes,Two year,Yes,Credit card,80.99,3067.28,No
DEMO-00298,Male,No,No,No,15,No,No,No,Yes,One year,No,Credit card,66.02,1038.02,No
DEMO-00299,Female,No,No,Yes,58,No,Fiber optic,No,Yes,One year,No,Electronic check,36.41,2051.51,No
DEMO-00300,Male,No,No,Yes,50,Yes,Fiber optic,No,No,One year,Yes,Mailed check,51.52,2556.44,No
DEMO-00301,Female,No,Yes,No,32,Yes,Fiber optic,Yes,No,Month-to-month,Yes,Bank transfer,79.92,2592.1,No
DEMO-00302,Female,No,Yes,No,55,Yes,Fiber optic,No,Yes,Month-to-month,No,Bank transfer,50.39,2925.17,No
DEMO-00303,Female,No,Yes,No,72,Yes,DSL,No internet service,Yes,Month-to-month,Yes,Electronic check,78.49,5590.08,No
DEMO-00304,Female,No,No,No,13,Yes,Fiber optic,No,No,Two year,No,Electronic check,115.23,1409.47,No
DEMO-00305,Female,No,Yes,No,26,Yes,Fiber optic,Yes,No,Month-to-month,No,Bank transfer,76.27,2011.54,Yes
DEMO-00306,Female,No,No,Yes,27,Yes,No,No internet service,Yes,Month-to-month,Yes,Electronic check,35.66,1083.53,Yes
DEMO-00307,Female,No,Yes,No,54,No,DSL,No,No,One year,No,Bank transfer,50.83,2826.0,No
DEMO-00308,Male,No,No,No,19,Yes,DSL,No internet service,Yes,Month-to-month,No,Electronic check,64.86,1234.53,Yes
DEMO-00309,Male,No,Yes,No,52,Yes,Fiber optic,No internet service,Yes,Month-to-month,Yes,Credit card,63.19,3408.44,No
DEMO-00310,Female,No,Yes,No,21,Yes,DSL,No internet service,Yes,Month-to-month,No,Bank transfer,75.8,1410.78,No
DEMO-00311,Male,No,Yes,No,12,Yes,DSL,No,No,Month-to-month,No,Bank transfer,79.81,1058.86,No
DEMO-00312,Female,No,Yes,No,33,Yes,Fiber optic,No internet service,No,Month-to-month,Yes,Credit card,115.26,3772.16,Yes
DEMO-00313,Female,No,No,No,21,Yes,Fiber optic,No internet service,No,Month-to-month,Yes,Electronic check,71.91,1573.11,Yes
DEMO-00314,Female,No,Yes,No,36,Yes,Fiber optic,No internet service,Yes,Month-to-month,Yes,Electronic check,43.2,1656.0,Yes
DEMO-00315,Female,No,Yes,No,42,Yes,Fiber optic,No,No,Month-to-month,Yes,Bank transfer,100.85,4255.07,Yes
DEMO-00316,Male,Yes,Yes,Yes,7,Yes,No,Yes,No,Month-to-month,Yes,Credit card,103.58,732.07,Yes
DEMO-00317,Female,No,No,No,23,Yes,Fiber optic,No internet service,No,One year,No,Credit card,77.81,1750.48,Yes
DEMO-00318,Male,Yes,No,No,33,Yes,Fiber optic,Yes,No,Month-to-month,Yes,Mailed check,65.84,2341.87,Yes
DEMO-00319,Female,No,No,Yes,55,Yes,DSL,No,No,Two year,Yes,Credit card,87.56,4850.25,No
DEMO-00320,Female,No,Yes,Yes,50,Yes,No,No,Yes,Two year,Yes,Electronic check,66.72,3358.23,No
DEMO-00321,Male,No,No,No,16,Yes,No,No,Yes,Month-to-month,No,Electronic check,20.61,480.7,Yes
DEMO-00322,Male,No,Yes,No,28,Yes,DSL,Yes,Yes,Month-to-month,No,Electronic check,86.09,2360.27,No
DEMO-00323,Female,No,Yes,No,43,Yes,Fiber optic,Yes,No,Month-to-month,No,Credit card,94.31,4030.35,No
DEMO-00324,Male,Yes,Yes,No,26,Yes,Fiber optic,Yes,No,Two year,No,Bank transfer,108.03,2902.52,No
DEMO-00325,Male,No,No,No,17,Yes,Fiber optic,No internet service,No,One year,Yes,Mailed check,53.73,1090.85,Yes
DEMO-00326,Male,No,Yes,No,30,Yes,Fiber optic,No,Yes,Two year,No,Bank transfer,77.65,2333.95,No
DEMO-00327,Female,No,No,No,41,Yes,DSL,No,Yes,Month-to-month,No,Electronic check,78.19,3244.45,Yes
DEMO-00328,Male,No,No,Yes,14,Yes,Fiber optic,Yes,Yes,One year,No,Electronic check,74.13,878.98,Yes
DEMO-00329,Male,No,No,No,47,Yes,No,Yes,Yes,Month-to-month,No,Electronic check,74.87,3647.11,No
DEMO-00330,Female,No,No,No,35,No,DSL,No,No,One year,Yes,Electronic check,72.93,2444.23,Yes
DEMO-00331,Male,No,No,Yes,48,Yes,DSL,Yes,Yes,Month-to-month,Yes,Mailed check,77.29,3655.98,Yes
DEMO-00332,Male,No,No,Yes,30,Yes,DSL,Yes,Yes,One year,Yes,Electronic check,90.52,2734.44,No
DEMO-00333,Female,No,Yes,No,72,Yes,No,No internet service,Yes,Two year,Yes,Credit card,102.51,7315.82,No
DEMO-00334,Male,No,Yes,Yes,40,Yes,DSL,No,Yes,Month-to-month,Yes,Credit card,53.09,1929.65,Yes
DEMO-00335,Female,No,Yes,No,52,Yes,DSL,Yes,No,One year,No,Credit card,67.69,3396.31,No
DEMO-00336,Male,No,No,No,47,Yes,Fiber optic,No,No,Month-to-month,Yes,Electronic check,61.43,2897.05,Yes
DEMO-00337,Female,Yes,No,No,27,Yes,Fiber optic,Yes,No,One year,Yes,Mailed check,57.86,1711.85,No
DEMO-00338,Female,No,No,No,38,Yes,Fiber optic,No,Yes,Month-to-month,No,Electronic check,31.6,1342.38,Yes
DEMO-00339,Female,No,No,No,19,Yes,No,No,No,Two year,Yes,Electronic check,72.61,1417.79,Yes
DEMO-00340,Male,Yes,Yes,No,72,Yes,DSL,No,No,Month-to-month,Yes,Bank transfer,83.98,6062.23,No
DEMO-00341,Male,Yes,No,No,43,Yes,Fiber optic,Yes,No,Two year,No,Mailed check,68.12,3008.92,No
DEMO-00342,Male,No,No,No,16,Yes,Fiber optic,No,Yes,Two year,Yes,Bank transfer,71.78,1281.05,Yes
DEMO-00343,Male,Yes,Yes,No,72,Yes,DSL,No,Yes,One year,Yes,Credit card,82.46,5948.83,No
DEMO-00344,Female,No,Yes,Yes,28,Yes,No,No,Yes,One year,Yes,Electronic check,107.28,3018.98,No
DEMO-00345,Male,No,Yes,No,57,No,Fiber optic,No,Yes,Two year,Yes,Credit card,61.51,3526.42,No
DEMO-00346,Female,No,No,No,7,No,DSL,No,No,Two year,Yes,Electronic check,42.71,399.93,No
DEMO-00347,Female,No,Yes,No,67,No,DSL,No internet service,No,Month-to-month,Yes,Credit card,69.74,4535.73,Yes
DEMO-00348,Female,No,Yes,No,42,Yes,DSL,No,Yes,One year,No,Bank transfer,119.09,5003.42,No
DEMO-00349,Female,Yes,Yes,No,15,Yes,No,No,No,Month-to-month,Yes,Electronic check,42.98,684.76,Yes
DEMO-00350,Female,No,No,Yes,42,Yes,DSL,No,Yes,One year,Yes,Mailed check,88.25,3517.17,No
DEMO-00351,Male,No,Yes,No,72,Yes,No,No,Yes,Month-to-month,Yes,Electronic check,100.95,7360.11,No
DEMO-00352,Female,No,No,No,20,Yes,DSL,Yes,No,One year,No,Credit card,20.0,507.62,No
DEMO-00353,Male,No,No,No,20,Yes,No,Yes,Yes,One year,Yes,Electronic check,82.26,1450.59,No
DEMO-00354,Male,No,No,No,27,Yes,No,No,No,Month-to-month,No,Credit card,87.09,2310.09,Yes
DEMO-00355,Female,No,Yes,No,33,Yes,DSL,Yes,No,Month-to-month,No,Electronic check,65.32,2117.55,No
DEMO-00356,Female,No,No,No,59,Yes,DSL,No internet service,Yes,One year,Yes,Credit card,55.84,3205.67,No
DEMO-00357,Male,No,No,Yes,44,Yes,No,Yes,Yes,Two year,No,Electronic check,57.23,2443.02,No
DEMO-00358,Male,No,Yes,Yes,27,Yes,DSL,No,Yes,Month-to-month,Yes,Bank transfer,63.79,1670.09,No
DEMO-00359,Male,Yes,Yes,Yes,39,Yes,DSL,No,No,One year,No,Credit card,64.45,2574.54,Yes
DEMO-00360,Female,Yes,Yes,No,72,Yes,No,No internet service,Yes,Two year,No,Electronic check,59.73,4425.3,No
DEMO-00361,Male,No,No,No,49,Yes,No,Yes,No,Month-to-month,Yes,Electronic check,63.39,3161.29,No
DEMO-00362,Male,No,Yes,Yes,29,Yes,Fiber optic,No,Yes,Month-to-month,Yes,Bank transfer,101.77,2859.94,Yes
DEMO-00363,Male,No,No,Yes,26,Yes,No,No,No,Month-to-month,Yes,Bank transfer,41.64,1161.74,Yes
DEMO-00364,Male,Yes,No,Yes,37,Yes,Fiber optic,No,Yes,One year,Yes,Credit card,28.27,1106.39,No
DEMO-00365,Female,No,Yes,No,59,Yes,Fiber optic,Yes,No,Month-to-month,Yes,Electronic check,102.17,5734.72,Yes
DEMO-00366,Male,No,Yes,No,18,Yes,DSL,Yes,No,One year,No,Credit card,67.2,1333.59,Yes
DEMO-00367,Male,No,No,No,54,Yes,Fiber optic,No internet service,Yes,One year,Yes,Credit card,62.29,3377.01,Yes
DEMO-00368,Female,No,Yes,No,29,Yes,Fiber optic,No,Yes,Month-to-month,Yes,Credit card,69.22,2024.45,No
DEMO-00369,Female,No,No,No,32,Yes,Fiber optic,Yes,No,Two year,Yes,Electronic check,77.23,2297.07,Yes
DEMO-00370,Male,No,Yes,Yes,72,Yes,No,No,No,One year,No,Electronic check,58.9,4402.19,No
DEMO-00371,Male,Yes,Yes,No,50,Yes,Fiber optic,No,No,Month-to-month,Yes,Credit card,84.65,4266.2,No
DEMO-00372,Male,No,Yes,No,21,Yes,Fiber optic,Yes,No,Month-to-month,Yes,Bank transfer,47.94,1084.25,Yes
DEMO-00373,Male,No,No,No,42,Yes,Fiber optic,No,No,Month-to-month,No,Bank transfer,64.45,2574.52,No
DEMO-00374,Male,No,Yes,No,61,No,DSL,Yes,Yes,Month-to-month,Yes,Credit card,20.0,1271.18,No
DEMO-00375,Female,No,No,Yes,50,Yes,DSL,No,No,Month-to-month,Yes,Electronic check,101.31,5118.67,No
DEMO-00376,Female,No,Yes,No,3,Yes,No,Yes,No,Two year,No,Bank transfer,67.6,187.24,Yes
DEMO-00377,Male,No,Yes,No,31,Yes,Fiber optic,No,No,Month-to-month,No,Bank transfer,88.75,2621.93,No
DEMO-00378,Male,No,No,No,43,Yes,Fiber optic,No,No,Month-to-month,Yes,Credit card,83.91,3601.99,No
DEMO-00379,Female,No,Yes,No,41,Yes,Fiber optic,Yes,No,One year,Yes,Credit card,85.75,3420.24,No
DEMO-00380,Male,No,No,No,22,Yes,No,No,No,Month-to-month,Yes,Mailed check,71.81,1510.0,Yes
DEMO-00381,Male,No,No,No,51,Yes,Fiber optic,No,Yes,Two year,No,Electronic check,81.71,4283.21,No
DEMO-00382,Male,No,Yes,No,67,Yes,DSL,No,Yes,One year,Yes,Credit card,47.97,3222.66,No
DEMO-00383,Male,Yes,Yes,Yes,7,No,Fiber optic,No internet service,No,Month-to-month,No,Credit card,42.72,290.95,Yes
DEMO-00384,Male,No,No,No,6,Yes,Fiber optic,No,No,Month-to-month,Yes,Mailed check,69.47,299.27,Yes
DEMO-00385,Male,No,No,No,42,Yes,DSL,No,No,Two year,Yes,Credit card,55.01,2305.84,Yes
DEMO-00386,Female,No,Yes,No,54,Yes,Fiber optic,No,No,One year,Yes,Electronic check,107.64,5797.54,No
DEMO-00387,Female,No,No,Yes,20,Yes,DSL,No,No,Two year,Yes,Mailed check,81.38,1529.44,No
DEMO-00388,Female,No,Yes,No,4,Yes,DSL,No,No,Month-to-month,No,Credit card,54.09,324.86,Yes
DEMO-00389,Male,No,Yes,Yes,31,Yes,No,No,No,Two year,Yes,Bank transfer,65.21,2125.22,No
DEMO-00390,Male,No,No,No,41,No,No,Yes,Yes,One year,No,Credit card,75.33,3011.08,No
DEMO-00391,Female,No,No,No,25,Yes,Fiber optic,No,No,Month-to-month,Yes,Credit card,70.3,1797.08,Yes
DEMO-00392,Male,No,Yes,No,62,Yes,DSL,Yes,No,One year,Yes,Bank transfer,78.79,4699.71,No
DEMO-00393,Female,No,No,Yes,40,Yes,No,Yes,No,One year,Yes,Electronic check,73.72,2980.62,No
DEMO-00394,Female,Yes,Yes,No,18,No,Fiber optic,No,No,Month-to-month,Yes,Credit card,37.23,748.27,No
DEMO-00395,Female,No,Yes,No,20,Yes,No,No internet service,No,Month-to-month,No,Mailed check,20.0,287.72,Yes
DEMO-00396,Male,No,No,No,32,Yes,DSL,No internet service,No,Two year,Yes,Bank transfer,62.66,2006.62,No
DEMO-00397,Female,No,Yes,No,24,Yes,DSL,No,No,Month-to-month,Yes,Bank transfer,86.01,2077.0,Yes
DEMO-00398,Female,No,No,Yes,6,Yes,Fiber optic,Yes,No,Month-to-month,Yes,Electronic check,62.94,666.55,Yes
DEMO-00399,Female,No,No,No,37,No,No,No,No,Month-to-month,Yes,Electronic check,102.91,4065.75,Yes
DEMO-00400,Female,Yes,No,Yes,20,Yes,DSL,No internet service,No,Month-to-month,Yes,Bank transfer,70.83,1448.79,Yes
DEMO-00401,Male,No,No,No,23,Yes,DSL,No internet service,No,Two year,No,Credit card,105.93,2370.02,No
DEMO-00402,Male,Yes,Yes,No,13,Yes,Fiber optic,No internet service,No,One year,No,Mailed check,100.8,1334.85,Yes
DEMO-00403,Male,No,No,Yes,72,Yes,No,No,No,Month-to-month,No,Electronic check,98.28,7188.79,No
DEMO-00404,Female,No,Yes,Yes,48,Yes,Fiber optic,No,No,Two year,Yes,Mailed check,41.91,1844.28,No
DEMO-00405,Female,No,Yes,No,72,Yes,No,No,Yes,Two year,Yes,Credit card,72.43,5005.82,No
DEMO-00406,Male,No,Yes,No,25,Yes,Fiber optic,No,No,Month-to-month,No,Electronic check,102.57,2449.65,No
DEMO-00407,Male,No,Yes,Yes,50,Yes,No,No,No,Two year,Yes,Bank transfer,78.81,4016.73,No
DEMO-00408,Female,No,Yes,No,38,Yes,Fiber optic,No,No,Month-to-month,No,Bank transfer,85.86,3344.74,Yes
DEMO-00409,Female,No,No,No,19,Yes,DSL,No,No,Two year,No,Mailed check,37.3,752.93,No
DEMO-00410,Male,No,No,Yes,25,Yes,Fiber optic,No internet service,No,One year,No,Bank transfer,119.97,3110.33,No
DEMO-00411,Female,No,Yes,Yes,48,Yes,Fiber optic,Yes,No,One year,Yes,Credit card,52.22,2488.4,Yes
DEMO-00412,Female,No,No,No,13,Yes,Fiber optic,Yes,Yes,Month-to-month,No,Electronic check,22.14,260.72,Yes
DEMO-00413,Female,Yes,Yes,No,62,Yes,DSL,Yes,No,Two year,Yes,Electronic check,63.22,3958.15,No
DEMO-00414,Female,No,Yes,Yes,35,Yes,Fiber optic,No,Yes,Month-to-month,Yes,Electronic check,20.0,871.13,Yes
DEMO-00415,Female,Yes,No,No,57,Yes,No,No internet service,No,Month-to-month,No,Bank transfer,44.87,2598.7,No
DEMO-00416,Male,No,Yes,No,41,Yes,Fiber optic,No,Yes,Month-to-month,Yes,Credit card,135.96,5564.79,Yes
DEMO-00417,Male,No,No,No,7,Yes,No,No,No,One year,Yes,Bank transfer,62.5,477.78,No
DEMO-00418,Male,No,No,No,31,Yes,Fiber optic,No,No,Month-to-month,Yes,Credit card,36.31,1267.9,Yes
DEMO-00419,Female,No,No,Yes,63,Yes,DSL,Yes,Yes,Two year,Yes,Bank transfer,72.63,4539.71,No
DEMO-00420,Male,Yes,No,No,35,Yes,DSL,No,No,One year,Yes,Electronic check,49.55,1689.46,No
DEMO-00421,Female,No,Yes,No,32,Yes,Fiber optic,No,No,Month-to-month,Yes,Electronic check,93.61,2948.12,Yes
DEMO-00422,Male,No,Yes,Yes,35,Yes,DSL,No,No,Month-to-month,Yes,Bank transfer,49.76,1823.13,No
DEMO-00423,Male,No,Yes,No,5,Yes,Fiber optic,No,No,Month-to-month,Yes,Bank transfer,78.77,315.92,Yes
DEMO-00424,Male,No,No,Yes,67,Yes,Fiber optic,No internet service,No,One year,Yes,Bank transfer,43.32,2966.51,No
DEMO-00425,Female,Yes,Yes,No,3,Yes,Fiber optic,No,Yes,Two year,No,Bank transfer,136.98,263.83,Yes
DEMO-00426,Male,No,Yes,No,72,Yes,No,Yes,No,Month-to-month,Yes,Mailed check,84.59,6064.51,No
DEMO-00427,Female,No,No,No,24,Yes,No,No,No,Two year,Yes,Mailed check,68.36,1634.81,No
DEMO-00428,Male,No,Yes,No,43,No,Fiber optic,No internet service,No,Month-to-month,No,Bank transfer,64.68,2960.03,No
DEMO-00429,Female,No,No,No,5,Yes,DSL,No internet service,Yes,Two year,No,Bank transfer,58.16,387.83,Yes
DEMO-00430,Male,Yes,No,Yes,53,Yes,DSL,No internet service,No,Two year,Yes,Credit card,52.98,2772.35,Yes
DEMO-00431,Male,No,No,No,47,Yes,Fiber optic,No,Yes,One year,Yes,Electronic check,52.29,2405.77,No
DEMO-00432,Female,No,No,Yes,45,Yes,Fiber optic,No internet service,No,One year,Yes,Credit card,113.96,5060.78,No
DEMO-00433,Female,No,Yes,Yes,5,Yes,Fiber optic,No,Yes,Two year,Yes,Electronic check,58.18,178.68,No
DEMO-00434,Female,No,No,No,17,No,Fiber optic,No,Yes,Month-to-month,Yes,Electronic check,20.0,501.57,Yes
DEMO-00435,Male,No,Yes,No,42,Yes,Fiber optic,No,Yes,Month-to-month,Yes,Credit card,42.85,1724.09,Yes
DEMO-00436,Female,No,No,Yes,66,Yes,DSL,No,No,Month-to-month,No,Credit card,95.19,6454.63,Yes
DEMO-00437,Female,No,Yes,No,15,Yes,DSL,No,No,Month-to-month,Yes,Credit card,65.69,995.28,Yes
DEMO-00438,Female,No,No,No,15,Yes,Fiber optic,No,No,One year,Yes,Electronic check,68.65,1021.5,Yes
DEMO-00439,Female,No,Yes,No,40,Yes,No,No internet service,Yes,One year,Yes,Electronic check,101.25,4059.76,Yes
DEMO-00440,Male,No,Yes,No,72,Yes,Fiber optic,No internet service,No,Two year,Yes,Bank transfer,52.57,3906.04,No
DEMO-00441,Female,No,No,No,19,Yes,Fiber optic,No internet service,No,Month-to-month,Yes,Credit card,87.81,1582.95,Yes
DEMO-00442,Male,No,No,No,24,Yes,Fiber optic,Yes,Yes,One year,Yes,Mailed check,55.3,1378.02,No
DEMO-00443,Male,No,Yes,No,21,Yes,Fiber optic,Yes,No,Month-to-month,Yes,Electronic check,86.4,1810.52,No
DEMO-00444,Male,No,No,Yes,29,Yes,DSL,No internet service,No,Month-to-month,No,Mailed check,62.22,1844.71,Yes
DEMO-00445,Male,No,No,Yes,70,No,DSL,No internet service,No,One year,No,Electronic check,65.96,4596.75,No
DEMO-00446,Female,No,No,No,30,Yes,DSL,Yes,No,Two year,No,Electronic check,92.5,2738.9,No
DEMO-00447,Male,No,No,No,72,Yes,DSL,No,No,One year,Yes,Bank transfer,90.7,6582.92,No
DEMO-00448,Male,No,Yes,No,34,No,DSL,Yes,Yes,Month-to-month,Yes,Electronic check,67.86,2169.18,No
DEMO-00449,Female,No,Yes,No,72,Yes,Fiber optic,No internet service,No,One year,No,Bank transfer,60.21,4474.51,No
DEMO-00450,Male,No,Yes,No,25,Yes,DSL,No,No,Month-to-month,Yes,Bank transfer,111.98,2810.3,No
DEMO-00451,Female,No,No,No,11,Yes,DSL,No,No,Two year,No,Mailed check,86.73,899.08,No
DEMO-00452,Female,No,Yes,No,30,Yes,DSL,Yes,Yes,One year,Yes,Mailed check,62.22,1903.46,No
DEMO-00453,Male,Yes,No,Yes,46,Yes,DSL,Yes,Yes,Month-to-month,Yes,Credit card,55.67,2491.37,No
DEMO-00454,Female,No,No,No,17,Yes,DSL,No internet service,Yes,Month-to-month,Yes,Bank transfer,97.62,1667.42,No
DEMO-00455,Female,No,No,No,67,No,DSL,No,No,Month-to-month,Yes,Credit card,74.89,5026.13,No
DEMO-00456,Male,No,No,No,22,Yes,DSL,Yes,Yes,Two year,No,Mailed check,67.91,1619.84,Yes
DEMO-00457,Female,No,Yes,No,13,Yes,No,Yes,No,Month-to-month,No,Bank transfer,74.87,1001.19,No
DEMO-00458,Male,Yes,No,No,72,Yes,DSL,No,Yes,One year,No,Credit card,80.44,5679.72,No
DEMO-00459,Female,No,Yes,No,16,Yes,DSL,No internet service,No,One year,No,Electronic check,70.58,1187.4,No
DEMO-00460,Female,No,No,No,21,Yes,Fiber optic,No,No,One year,No,Electronic check,102.09,2215.99,Yes
DEMO-00461,Female,No,Yes,No,51,Yes,DSL,No,Yes,Month-to-month,No,Credit card,103.48,5116.25,Yes
DEMO-00462,Male,No,Yes,No,24,Yes,Fiber optic,No internet service,No,Two year,No,Mailed check,85.3,1928.38,No
DEMO-00463,Female,No,No,No,13,Yes,Fiber optic,No,No,Month-to-month,No,Electronic check,106.37,1583.79,Yes
DEMO-00464,Male,No,Yes,No,20,Yes,No,No internet service,No,One year,Yes,Credit card,72.21,1411.03,Yes
DEMO-00465,Female,Yes,Yes,No,72,Yes,No,No,No,One year,No,Electronic check,89.26,6395.9,No
DEMO-00466,Female,No,Yes,No,47,Yes,Fiber optic,Yes,Yes,One year,Yes,Bank transfer,97.11,4560.67,No
DEMO-00467,Male,No,No,Yes,54,Yes,DSL,No internet service,Yes,Two year,Yes,Credit card,97.48,5199.84,No
DEMO-00468,Male,No,Yes,No,38,Yes,Fiber optic,No internet service,No,Month-to-month,Yes,Credit card,94.9,3428.95,Yes
DEMO-00469,Male,No,Yes,No,43,Yes,DSL,Yes,No,Month-to-month,No,Mailed check,87.78,3662.32,No
DEMO-00470,Female,No,No,Yes,23,Yes,Fiber optic,No,Yes,Month-to-month,No,Electronic check,120.93,2717.49,Yes
DEMO-00471,Male,No,Yes,No,35,No,DSL,No,Yes,Month-to-month,Yes,Credit card,58.51,1997.55,No
DEMO-00472,Male,No,No,No,4,No,Fiber optic,No internet service,No,Month-to-month,Yes,Credit card,68.12,195.54,Yes
DEMO-00473,Female,No,Yes,No,60,Yes,DSL,No,No,Month-to-month,No,Electronic check,66.64,3849.21,No
DEMO-00474,Male,No,No,No,23,Yes,Fiber optic,No internet service,No,Month-to-month,No,Mailed check,62.8,1389.05,Yes
DEMO-00475,Male,No,No,No,11,Yes,DSL,No,Yes,Month-to-month,Yes,Mailed check,22.28,356.61,Yes
DEMO-00476,Female,No,No,No,36,Yes,Fiber optic,No,No,Month-to-month,No,Electronic check,106.37,3762.13,Yes
DEMO-00477,Female,No,Yes,No,27,Yes,Fiber optic,Yes,No,One year,No,Credit card,46.35,1233.22,No
DEMO-00478,Female,No,Yes,No,59,Yes,Fiber optic,No internet service,No,One year,Yes,Credit card,76.25,4643.13,No
DEMO-00479,Female,Yes,Yes,No,30,No,DSL,No internet service,Yes,Month-to-month,Yes,Electronic check,36.45,1024.76,No
DEMO-00480,Male,No,Yes,Yes,19,Yes,DSL,Yes,Yes,Month-to-month,Yes,Credit card,87.52,1968.59,Yes
DEMO-00481,Female,No,Yes,No,31,Yes,No,No,Yes,Month-to-month,No,Credit card,52.37,1712.67,No
DEMO-00482,Male,No,Yes,No,72,No,Fiber optic,Yes,No,One year,No,Bank transfer,43.6,3146.93,No
DEMO-00483,Female,No,Yes,Yes,60,Yes,Fiber optic,No,Yes,Month-to-month,No,Credit card,76.86,4586.79,Yes
DEMO-00484,Female,No,No,No,47,Yes,Fiber optic,Yes,Yes,Month-to-month,No,Electronic check,54.48,2694.77,No
DEMO-00485,Male,No,Yes,Yes,62,Yes,Fiber optic,No internet service,Yes,Month-to-month,Yes,Credit card,57.65,3504.98,Yes
DEMO-00486,Female,No,Yes,Yes,49,Yes,Fiber optic,No,No,Month-to-month,Yes,Electronic check,76.29,3694.94,No
DEMO-00487,Female,No,No,Yes,15,Yes,DSL,No,Yes,Month-to-month,No,Mailed check,92.0,1540.73,Yes
DEMO-00488,Female,No,Yes,No,54,Yes,Fiber optic,Yes,No,One year,Yes,Bank transfer,51.54,2745.61,No
DEMO-00489,Male,No,No,Yes,67,Yes,Fiber optic,Yes,No,One year,No,Electronic check,47.22,3117.07,No
DEMO-00490,Female,No,Yes,No,69,Yes,DSL,No,No,One year,No,Bank transfer,72.59,4942.47,No
DEMO-00491,Male,No,No,No,12,Yes,Fiber optic,Yes,No,One year,Yes,Mailed check,85.48,832.52,No
DEMO-00492,Male,No,Yes,No,21,Yes,DSL,No,No,One year,Yes,Mailed check,108.57,2381.45,No
DEMO-00493,Female,No,Yes,No,19,Yes,DSL,No internet service,Yes,Month-to-month,Yes,Bank transfer,45.22,854.88,No
DEMO-00494,Female,Yes,Yes,No,25,Yes,No,No,Yes,One year,Yes,Electronic check,64.05,1708.22,No
DEMO-00495,Female,No,Yes,No,44,Yes,No,No,Yes,Month-to-month,Yes,Electronic check,101.39,4444.27,No
DEMO-00496,Male,No,Yes,No,36,Yes,DSL,No internet service,No,Month-to-month,No,Electronic check,121.33,4325.67,Yes
DEMO-00497,Male,No,Yes,No,36,No,Fiber optic,No,Yes,One year,Yes,Credit card,47.17,1631.78,No
DEMO-00498,Male,Yes,Yes,Yes,9,Yes,DSL,No,No,Month-to-month,Yes,Credit card,53.53,550.17,Yes
DEMO-00499,Female,No,Yes,Yes,21,Yes,Fiber optic,No,No,Month-to-month,No,Bank transfer,81.53,1631.71,Yes
DEMO-00500,Female,No,Yes,No,72,Yes,Fiber optic,Yes,No,One year,Yes,Bank transfer,57.56,4182.77,No
DEMO-00501,Female,No,Yes,Yes,67,Yes,Fiber optic,Yes,Yes,Two year,Yes,Bank transfer,53.02,3556.15,No
DEMO-00502,Male,No,Yes,No,30,Yes,Fiber optic,No,No,Two year,No,Electronic check,78.11,2239.04,No
DEMO-00503,Female,No,Yes,Yes,54,Yes,Fiber optic,No,No,Month-to-month,Yes,Electronic check,110.74,5935.13,Yes
DEMO-00504,Female,No,No,Yes,41,Yes,No,No internet service,Yes,Month-to-month,Yes,Bank transfer,39.26,1610.67,No
DEMO-00505,Female,No,Yes,No,58,No,DSL,No internet service,No,Two year,No,Electronic check,109.46,6317.63,No
DEMO-00506,Male,No,Yes,Yes,56,Yes,DSL,Yes,No,Month-to-month,No,Credit card,57.63,3416.81,No
DEMO-00507,Male,No,No,No,32,No,Fiber optic,No internet service,No,Two year,Yes,Electronic check,80.64,2603.98,No
DEMO-00508,Male,No,Yes,Yes,47,Yes,Fiber optic,No internet service,No,Month-to-month,No,Bank transfer,111.77,5233.58,No
DEMO-00509,Female,No,Yes,No,43,No,DSL,Yes,Yes,Month-to-month,Yes,Mailed check,80.13,3409.28,No
DEMO-00510,Male,No,Yes,No,33,Yes,Fiber optic,No,No,Month-to-month,No,Bank transfer,64.56,2107.56,No
DEMO-00511,Female,No,Yes,No,28,Yes,Fiber optic,No,No,Two year,Yes,Credit card,89.95,2457.82,Yes
DEMO-00512,Female,No,Yes,No,72,Yes,Fiber optic,Yes,No,Month-to-month,No,Mailed check,67.67,4789.93,No
DEMO-00513,Male,No,Yes,No,33,No,No,No,Yes,Month-to-month,Yes,Electronic check,85.03,2865.85,Yes
DEMO-00514,Male,Yes,Yes,Yes,52,Yes,Fiber optic,Yes,No,Month-to-month,Yes,Bank transfer,66.88,3631.76,No
DEMO-00515,Female,Yes,Yes,No,72,Yes,Fiber optic,No,No,Month-to-month,Yes,Electronic check,93.53,6689.09,Yes
DEMO-00516,Male,No,Yes,No,47,Yes,Fiber optic,No,No,Month-to-month,Yes,Electronic check,37.14,1788.52,Yes
DEMO-00517,Male,No,No,No,46,Yes,DSL,No,No,One year,Yes,Bank transfer,46.66,2079.93,No
DEMO-00518,Female,No,Yes,Yes,33,Yes,Fiber optic,No,Yes,Month-to-month,Yes,Electronic check,36.78,1224.12,Yes
DEMO-00519,Male,No,No,No,43,No,No,No,No,Two year,Yes,Electronic check,70.59,2904.52,No
DEMO-00520,Male,No,No,No,26,Yes,No,Yes,No,Two year,Yes,Mailed check,33.76,792.41,No
DEMO-00521,Female,No,Yes,No,72,Yes,No,Yes,No,Month-to-month,Yes,Mailed check,54.7,3849.48,No
DEMO-00522,Female,No,No,No,10,Yes,Fiber optic,No,No,Month-to-month,No,Credit card,44.31,428.58,Yes
DEMO-00523,Female,No,Yes,No,29,Yes,Fiber optic,No,No,One year,No,Electronic check,108.99,3043.72,Yes
DEMO-00524,Male,Yes,Yes,Yes,48,Yes,DSL,Yes,Yes,Month-to-month,No,Mailed check,47.23,2042.99,No
DEMO-00525,Female,No,Yes,No,46,Yes,No,No,Yes,Month-to-month,No,Bank transfer,39.84,1695.63,No
DEMO-00526,Male,No,Yes,No,26,Yes,Fiber optic,No internet service,No,Two year,No,Credit card,78.21,2016.01,Yes
DEMO-00527,Female,No,No,No,6,Yes,DSL,No,Yes,Two year,Yes,Mailed check,114.17,605.77,No
DEMO-00528,Female,No,No,No,11,Yes,No,No,No,One year,No,Bank transfer,69.1,702.19,Yes
DEMO-00529,Female,No,Yes,No,38,Yes,Fiber optic,No internet service,No,Month-to-month,Yes,Bank transfer,71.03,2725.59,No
DEMO-00530,Female,No,No,Yes,4,Yes,No,No,Yes,One year,Yes,Electronic check,104.27,334.97,No
DEMO-00531,Female,No,No,No,50,Yes,Fiber optic,No,Yes,One year,Yes,Electronic check,93.96,4689.99,Yes
DEMO-00532,Male,No,No,No,71,Yes,No,No internet service,No,Month-to-month,Yes,Bank transfer,82.64,6081.11,No
DEMO-00533,Male,No,Yes,No,56,Yes,Fiber optic,No,Yes,One year,No,Electronic check,57.44,3178.54,No
DEMO-00534,Female,Yes,No,Yes,64,Yes,Fiber optic,Yes,No,Month-to-month,Yes,Electronic check,83.4,5317.05,Yes
DEMO-00535,Male,No,Yes,No,5,No,Fiber optic,Yes,Yes,Month-to-month,Yes,Bank transfer,37.98,227.95,Yes
DEMO-00536,Female,No,No,Yes,27,Yes,DSL,No,No,Month-to-month,Yes,Electronic check,56.41,1441.3,Yes
DEMO-00537,Male,No,No,No,14,Yes,DSL,No,No,Month-to-month,Yes,Electronic check,107.79,1449.89,Yes
DEMO-00538,Male,No,Yes,Yes,8,Yes,No,Yes,No,Month-to-month,Yes,Mailed check,104.55,826.86,Yes
DEMO-00539,Female,No,No,No,22,Yes,No,No,No,Two year,Yes,Credit card,82.94,1844.09,No
DEMO-00540,Female,Yes,No,No,72,Yes,No,No,No,Two year,Yes,Credit card,23.77,1618.39,No
DEMO-00541,Female,Yes,Yes,No,72,Yes,DSL,No internet service,No,Month-to-month,Yes,Electronic check,41.79,3064.69,No
DEMO-00542,Male,No,No,No,16,Yes,DSL,No,Yes,Two year,Yes,Electronic check,55.01,1034.83,No
DEMO-00543,Male,No,Yes,Yes,34,Yes,No,No,Yes,Two year,Yes,Credit card,67.71,2110.84,Yes
DEMO-00544,Female,No,No,Yes,43,Yes,DSL,No,No,Month-to-month,No,Bank transfer,40.74,1790.97,No
DEMO-00545,Male,Yes,No,No,27,Yes,Fiber optic,Yes,No,Month-to-month,No,Bank transfer,65.84,1768.55,No
DEMO-00546,Male,No,Yes,No,72,Yes,DSL,No,No,Month-to-month,Yes,Electronic check,116.18,8335.25,No
DEMO-00547,Female,No,No,No,23,Yes,No,Yes,No,Month-to-month,No,Electronic check,82.02,1919.09,No
DEMO-00548,Female,No,No,Yes,20,Yes,Fiber optic,Yes,Yes,One year,No,Electronic check,77.47,1687.33,Yes
DEMO-00549,Male,No,No,No,17,Yes,DSL,No,Yes,Month-to-month,Yes,Credit card,46.56,817.23,No
DEMO-00550,Female,No,Yes,No,27,No,Fiber optic,No internet service,No,Month-to-month,No,Credit card,31.03,933.73,No
DEMO-00551,Male,No,Yes,No,1,Yes,DSL,No,No,Month-to-month,No,Electronic check,41.3,37.4,Yes
DEMO-00552,Male,No,Yes,No,28,Yes,Fiber optic,No,No,Month-to-month,Yes,Bank transfer,30.02,877.07,Yes
DEMO-00553,Female,No,Yes,No,36,Yes,Fiber optic,No,No,Two year,Yes,Credit card,73.88,2605.29,No
DEMO-00554,Male,No,Yes,No,37,Yes,Fiber optic,No,Yes,Month-to-month,No,Credit card,81.6,3022.99,Yes
DEMO-00555,Female,No,No,Yes,13,Yes,Fiber optic,No,Yes,Month-to-month,Yes,Mailed check,47.87,595.11,No
DEMO-00556,Male,No,Yes,No,37,Yes,DSL,No internet service,No,Month-to-month,Yes,Electronic check,75.7,2811.58,Yes
DEMO-00557,Male,No,Yes,No,36,Yes,DSL,No,Yes,Month-to-month,Yes,Credit card,108.72,3748.4,No
DEMO-00558,Male,No,No,No,37,Yes,No,No internet service,No,One year,Yes,Electronic check,120.94,4363.27,Yes
DEMO-00559,Male,No,Yes,No,57,Yes,Fiber optic,No,No,Month-to-month,Yes,Electronic check,91.26,5320.63,Yes
DEMO-00560,Male,No,No,No,13,Yes,Fiber optic,Yes,No,Month-to-month,Yes,Electronic check,67.63,1018.6,No
DEMO-00561,Male,No,Yes,No,27,Yes,Fiber optic,Yes,No,Month-to-month,No,Bank transfer,90.45,2269.0,Yes
DEMO-00562,Male,No,No,No,6,Yes,No,No,Yes,Two year,Yes,Electronic check,105.8,578.1,Yes
DEMO-00563,Female,No,No,No,53,Yes,Fiber optic,No,No,One year,No,Bank transfer,21.82,1081.68,No
DEMO-00564,Female,No,Yes,Yes,15,Yes,DSL,No,Yes,One year,No,Credit card,109.05,1661.08,No
DEMO-00565,Female,Yes,No,No,63,Yes,Fiber optic,No internet service,Yes,One year,Yes,Mailed check,58.39,3670.19,No
DEMO-00566,Male,No,Yes,No,64,No,Fiber optic,Yes,No,One year,No,Credit card,58.63,3820.34,No
DEMO-00567,Female,No,No,No,29,Yes,Fiber optic,No,No,Month-to-month,Yes,Credit card,63.13,1695.64,Yes
DEMO-00568,Female,No,No,Yes,28,Yes,No,No,Yes,Month-to-month,Yes,Credit card,80.0,2274.99,Yes
DEMO-00569,Male,No,Yes,No,9,Yes,Fiber optic,No,No,Month-to-month,Yes,Bank transfer,44.22,364.59,Yes
DEMO-00570,Female,No,Yes,No,33,Yes,No,No,No,Month-to-month,Yes,Credit card,64.88,2067.32,Yes
DEMO-00571,Male,No,No,No,56,Yes,Fiber optic,No,Yes,Two year,No,Bank transfer,85.13,4811.45,No
DEMO-00572,Female,No,No,Yes,40,Yes,Fiber optic,No internet service,No,Month-to-month,Yes,Electronic check,77.46,3073.69,Yes
DEMO-00573,Female,No,Yes,No,72,Yes,Fiber optic,No,Yes,One year,Yes,Credit card,81.52,5859.37,No
DEMO-00574,Male,No,No,No,25,Yes,Fiber optic,No,No,Two year,No,Mailed check,63.9,1731.13,No
DEMO-00575,Male,No,No,No,25,Yes,DSL,No internet service,No,Month-to-month,No,Credit card,89.34,2240.59,Yes
DEMO-00576,Male,No,Yes,No,16,Yes,Fiber optic,No,No,Two year,No,Mailed check,98.41,1769.06,No
DEMO-00577,Male,No,No,No,72,No,DSL,Yes,No,One year,Yes,Electronic check,96.91,6744.54,No
DEMO-00578,Male,No,Yes,No,9,Yes,DSL,No,No,Two year,Yes,Credit card,82.69,743.25,Yes
DEMO-00579,Male,No,Yes,No,54,Yes,No,Yes,Yes,Month-to-month,Yes,Bank transfer,95.47,5044.22,No
DEMO-00580,Male,No,Yes,No,57,Yes,DSL,Yes,No,Month-to-month,Yes,Mailed check,93.78,5252.65,Yes
DEMO-00581,Female,No,No,Yes,56,Yes,No,No internet service,Yes,Month-to-month,No,Credit card,138.91,7713.4,No
DEMO-00582,Female,No,No,Yes,17,Yes,Fiber optic,Yes,Yes,Month-to-month,No,Mailed check,102.45,1833.91,Yes
DEMO-00583,Male,No,No,No,29,Yes,Fiber optic,No internet service,No,Month-to-month,No,Electronic check,69.78,1982.95,Yes
DEMO-00584,Female,No,Yes,No,49,Yes,No,No,Yes,Two year,Yes,Bank transfer,49.21,2297.13,No
DEMO-00585,Male,No,No,Yes,20,No,Fiber optic,No,No,One year,Yes,Electronic check,65.47,1375.37,Yes
DEMO-00586,Male,Yes,Yes,No,26,Yes,No,No,No,Month-to-month,Yes,Mailed check,63.71,1538.22,Yes
DEMO-00587,Male,Yes,No,No,20,Yes,DSL,No,No,Month-to-month,Yes,Electronic check,84.79,1863.0,Yes
DEMO-00588,Female,No,No,No,35,Yes,Fiber optic,No internet service,No,Month-to-month,No,Electronic check,54.49,1778.05,Yes
DEMO-00589,Male,No,Yes,No,34,Yes,Fiber optic,No,No,Month-to-month,No,Credit card,101.8,3432.47,No
DEMO-00590,Female,No,Yes,No,72,Yes,Fiber optic,No,No,Two year,No,Electronic check,37.26,2875.16,No
DEMO-00591,Female,No,Yes,Yes,49,Yes,Fiber optic,No internet service,No,Month-to-month,No,Bank transfer,31.19,1495.85,No
DEMO-00592,Male,No,No,Yes,11,Yes,Fiber optic,No,No,Month-to-month,Yes,Bank transfer,68.62,797.18,Yes
DEMO-00593,Male,Yes,Yes,Yes,12,Yes,DSL,Yes,No,One year,Yes,Electronic check,50.94,600.33,Yes
DEMO-00594,Male,No,No,No,54,Yes,DSL,No internet service,No,Month-to-month,No,Credit card,40.54,2189.03,No
DEMO-00595,Female,No,Yes,No,33,Yes,No,No,No,Month-to-month,Yes,Electronic check,56.07,1768.46,No
DEMO-00596,Male,No,No,Yes,72,Yes,Fiber optic,Yes,No,One year,Yes,Mailed check,52.96,3858.44,No
DEMO-00597,Male,Yes,No,No,72,No,Fiber optic,No,No,One year,Yes,Credit card,72.25,5334.73,No
DEMO-00598,Male,No,Yes,No,16,Yes,Fiber optic,No internet service,No,Two year,No,Credit card,56.49,709.63,No
DEMO-00599,Female,No,No,Yes,41,Yes,No,No internet service,No,One year,No,Electronic check,58.52,2306.89,No
DEMO-00600,Male,No,No,No,12,Yes,No,Yes,Yes,Month-to-month,Yes,Credit card,71.88,807.3,Yes
DEMO-00601,Female,No,No,No,54,Yes,DSL,No,Yes,One year,No,Credit card,97.36,5168.71,No
DEMO-00602,Female,No,Yes,No,72,No,No,Yes,No,Two year,Yes,Mailed check,108.77,7895.71,No
DEMO-00603,Male,No,No,No,37,Yes,DSL,No,Yes,One year,Yes,Bank transfer,75.69,2739.93,No
DEMO-00604,Male,No,No,No,24,Yes,Fiber optic,Yes,Yes,Two year,Yes,Mailed check,77.64,1871.46,No
DEMO-00605,Female,Yes,Yes,Yes,44,Yes,No,No,Yes,One year,Yes,Mailed check,67.42,3115.59,No
DEMO-00606,Female,No,No,No,61,Yes,DSL,No internet service,No,Two year,No,Mailed check,84.03,4946.35,No
DEMO-00607,Male,No,No,Yes,62,Yes,DSL,No,Yes,Month-to-month,Yes,Electronic check,81.76,5100.82,No
DEMO-00608,Female,No,Yes,Yes,24,Yes,Fiber optic,No,No,One year,Yes,Bank transfer,105.15,2511.33,Yes
DEMO-00609,Female,Yes,Yes,No,20,Yes,No,No,No,Month-to-month,No,Electronic check,24.78,483.62,Yes
DEMO-00610,Female,No,No,Yes,39,Yes,DSL,Yes,No,Month-to-month,Yes,Electronic check,66.14,2488.95,Yes
DEMO-00611,Female,No,Yes,No,25,Yes,Fiber optic,No,No,One year,Yes,Mailed check,80.48,1973.94,No
DEMO-00612,Male,No,No,No,72,Yes,Fiber optic,No,Yes,Two year,Yes,Electronic check,71.34,5135.69,No
DEMO-00613,Male,No,No,Yes,25,Yes,Fiber optic,Yes,No,Two year,Yes,Bank transfer,48.52,1194.59,No
DEMO-00614,Female,No,No,No,35,Yes,Fiber optic,Yes,No,Month-to-month,Yes,Bank transfer,39.52,1452.91,Yes
DEMO-00615,Male,No,No,No,43,Yes,Fiber optic,No,Yes,One year,No,Electronic check,92.16,3853.48,Yes
DEMO-00616,Male,No,Yes,No,9,Yes,Fiber optic,No internet service,Yes,One year,Yes,Electronic check,53.08,338.04,Yes
DEMO-00617,Male,No,No,Yes,21,Yes,Fiber optic,No,No,Month-to-month,Yes,Electronic check,28.13,390.11,Yes
DEMO-00618,Female,No,Yes,Yes,72,Yes,No,No,No,Month-to-month,Yes,Bank transfer,93.41,6739.65,No
DEMO-00619,Male,No,Yes,No,60,Yes,No,Yes,No,Month-to-month,No,Electronic check,83.47,5083.85,No
DEMO-00620,Female,No,Yes,No,25,Yes,DSL,No,No,One year,No,Bank transfer,69.1,1610.16,No
DEMO-00621,Male,No,Yes,No,54,Yes,Fiber optic,No,No,Month-to-month,No,Bank transfer,49.14,2527.3,Yes
DEMO-00622,Female,No,No,No,72,Yes,Fiber optic,No,No,Two year,No,Mailed check,69.16,5168.38,No
DEMO-00623,Female,No,Yes,No,28,Yes,DSL,No,Yes,Month-to-month,Yes,Electronic check,102.39,2994.66,No
DEMO-00624,Female,No,No,Yes,58,Yes,Fiber optic,Yes,Yes,Two year,Yes,Electronic check,31.63,1967.92,No
DEMO-00625,Female,No,Yes,No,52,No,Fiber optic,No internet service,Yes,Month-to-month,Yes,Electronic check,32.9,1745.72,Yes
DEMO-00626,Male,No,No,Yes,12,Yes,DSL,No,Yes,Two year,Yes,Electronic check,56.31,746.26,No
DEMO-00627,Female,No,No,Yes,28,Yes,Fiber optic,Yes,Yes,Month-to-month,Yes,Credit card,71.33,1968.54,No
DEMO-00628,Female,No,Yes,Yes,72,Yes,Fiber optic,No,No,Month-to-month,No,Electronic check,59.59,4148.11,Yes
DEMO-00629,Male,No,No,No,72,Yes,Fiber optic,No,No,Two year,Yes,Electronic check,88.07,6203.72,No
DEMO-00630,Male,No,No,No,60,Yes,No,Yes,Yes,Two year,No,Credit card,99.22,5953.52,No
DEMO-00631,Male,No,No,No,21,Yes,DSL,No,No,Two year,Yes,Credit card,78.97,1750.87,No
DEMO-00632,Male,No,Yes,Yes,3,Yes,Fiber optic,No,No,Month-to-month,No,Mailed check,86.01,241.28,Yes
DEMO-00633,Female,No,Yes,Yes,18,Yes,Fiber optic,No,Yes,Month-to-month,Yes,Bank transfer,78.8,1479.3,Yes
DEMO-00634,Female,Yes,Yes,Yes,11,Yes,Fiber optic,No internet service,Yes,Month-to-month,No,Electronic check,72.24,785.67,Yes
DEMO-00635,Male,No,Yes,No,72,Yes,Fiber optic,No,No,Month-to-month,No,Credit card,39.66,2885.96,No
DEMO-00636,Male,Yes,No,No,6,Yes,DSL,No internet service,No,One year,Yes,Bank transfer,46.3,354.88,No
DEMO-00637,Female,No,No,Yes,12,No,DSL,No,No,One year,Yes,Mailed check,38.23,591.85,Yes
DEMO-00638,Male,No,No,No,39,Yes,Fiber optic,No internet service,Yes,One year,No,Electronic check,68.29,2691.84,No
DEMO-00639,Male,No,Yes,No,33,Yes,DSL,Yes,No,Two year,No,Mailed check,77.81,2761.67,Yes
DEMO-00640,Female,No,Yes,No,72,Yes,No,Yes,No,One year,No,Bank transfer,35.77,2552.13,No
DEMO-00641,Male,No,Yes,No,50,Yes,Fiber optic,No,Yes,Two year,Yes,Electronic check,73.81,3822.87,No
DEMO-00642,Female,No,Yes,No,30,Yes,DSL,No,No,Month-to-month,No,Mailed check,50.12,1561.85,Yes
DEMO-00643,Male,Yes,No,Yes,72,Yes,Fiber optic,Yes,No,Month-to-month,No,Electronic check,45.27,3076.38,No
DEMO-00644,Male,No,No,No,24,No,No,No,Yes,One year,Yes,Credit card,56.37,1494.24,No
DEMO-00645,Male,No,Yes,Yes,72,Yes,DSL,Yes,No,Two year,No,Electronic check,43.99,3075.46,Yes
DEMO-00646,Male,No,No,No,16,Yes,Fiber optic,Yes,Yes,Month-to-month,Yes,Credit card,87.17,1369.83,Yes
DEMO-00647,Male,No,Yes,No,32,Yes,DSL,No,No,Month-to-month,Yes,Mailed check,67.8,2256.91,No
DEMO-00648,Female,Yes,No,No,4,Yes,No,No internet service,No,One year,Yes,Mailed check,92.38,295.07,No
DEMO-00649,Female,No,No,No,62,Yes,Fiber optic,Yes,Yes,Month-to-month,No,Mailed check,60.91,3769.31,No
DEMO-00650,Female,No,Yes,No,37,Yes,Fiber optic,No,No,Month-to-month,Yes,Mailed check,61.86,2354.54,Yes
DEMO-00651,Male,No,Yes,Yes,72,Yes,Fiber optic,No,Yes,Two year,Yes,Electronic check,118.83,8473.54,No
DEMO-00652,Male,No,Yes,No,27,Yes,Fiber optic,Yes,Yes,One year,No,Mailed check,31.42,824.76,No
DEMO-00653,Female,No,No,No,9,Yes,Fiber optic,Yes,Yes,Month-to-month,Yes,Electronic check,104.11,901.65,Yes
DEMO-00654,Male,Yes,No,Yes,46,Yes,DSL,Yes,No,Two year,Yes,Mailed check,113.36,5310.96,No
DEMO-00655,Female,No,Yes,Yes,22,Yes,DSL,No internet service,No,Month-to-month,No,Credit card,91.15,2162.13,Yes
DEMO-00656,Male,No,No,No,56,No,DSL,Yes,Yes,Two year,Yes,Electronic check,63.74,3459.44,No
DEMO-00657,Male,No,Yes,No,17,Yes,Fiber optic,No,No,Month-to-month,Yes,Credit card,107.67,1838.16,Yes
DEMO-00658,Female,Yes,No,No,72,No,No,Yes,No,One year,Yes,Credit card,63.96,4552.71,No
DEMO-00659,Male,No,No,No,35,Yes,DSL,No internet service,No,Month-to-month,Yes,Bank transfer,54.36,1905.7,Yes
DEMO-00660,Male,No,Yes,No,30,No,No,No,Yes,Month-to-month,No,Electronic check,62.29,2045.37,Yes
DEMO-00661,Female,No,Yes,No,72,Yes,No,No internet service,No,Two year,Yes,Bank transfer,57.75,4195.98,No
DEMO-00662,Male,No,Yes,No,63,Yes,DSL,No internet service,No,Month-to-month,Yes,Credit card,48.33,2988.49,No
DEMO-00663,Male,No,Yes,No,19,Yes,DSL,No internet service,Yes,Month-to-month,No,Mailed check,99.75,1758.42,No
DEMO-00664,Male,No,No,Yes,61,Yes,Fiber optic,Yes,No,Month-to-month,No,Electronic check,52.66,3312.17,No
DEMO-00665,Male,No,No,No,53,Yes,DSL,No,No,One year,No,Electronic check,71.26,3730.86,No
DEMO-00666,Male,No,No,No,31,Yes,Fiber optic,No,No,Two year,No,Mailed check,35.91,1035.61,No
DEMO-00667,Female,Yes,Yes,No,58,Yes,Fiber optic,Yes,Yes,Two year,No,Electronic check,72.77,4251.06,No
DEMO-00668,Male,No,No,No,72,Yes,Fiber optic,Yes,No,Month-to-month,Yes,Electronic check,43.1,3161.1,No
DEMO-00669,Male,No,Yes,No,32,Yes,Fiber optic,No,No,Month-to-month,Yes,Bank transfer,42.49,1322.83,No
DEMO-00670,Female,No,No,Yes,32,Yes,DSL,No internet service,No,Month-to-month,Yes,Mailed check,69.27,2122.05,No
DEMO-00671,Male,No,No,Yes,31,Yes,No,No internet service,Yes,One year,Yes,Electronic check,98.42,3187.88,No
DEMO-00672,Female,No,Yes,No,18,Yes,Fiber optic,No internet service,No,Two year,No,Credit card,83.01,1562.53,No
DEMO-00673,Male,No,No,No,32,Yes,DSL,Yes,No,One year,No,Electronic check,84.73,2810.09,No
DEMO-00674,Male,No,Yes,Yes,29,Yes,Fiber optic,No,Yes,One year,Yes,Electronic check,68.75,1958.05,No
DEMO-00675,Male,No,Yes,No,28,Yes,DSL,Yes,No,Month-to-month,Yes,Electronic check,63.61,1698.11,No
DEMO-00676,Female,No,Yes,No,27,Yes,No,No internet service,No,Two year,No,Electronic check,91.78,2424.78,No
DEMO-00677,Female,No,No,No,12,Yes,Fiber optic,No,No,Month-to-month,Yes,Bank transfer,57.92,542.68,Yes
DEMO-00678,Male,No,Yes,No,67,Yes,No,No,No,Month-to-month,No,Electronic check,92.86,6188.17,No
DEMO-00679,Male,No,No,No,21,Yes,No,No internet service,No,Month-to-month,No,Credit card,102.9,2093.36,Yes
DEMO-00680,Female,Yes,Yes,No,72,No,Fiber optic,No,No,Month-to-month,No,Credit card,50.97,3662.07,No
DEMO-00681,Male,No,Yes,Yes,15,Yes,Fiber optic,No,No,Month-to-month,Yes,Electronic check,54.64,824.5,Yes
DEMO-00682,Female,No,No,No,72,Yes,Fiber optic,No,No,Month-to-month,No,Credit card,58.36,4210.99,No
DEMO-00683,Female,Yes,Yes,No,25,Yes,DSL,Yes,No,Month-to-month,No,Bank transfer,35.33,824.71,Yes
DEMO-00684,Male,No,Yes,No,62,Yes,No,No,Yes,One year,No,Credit card,60.26,3617.3,No
DEMO-00685,Male,Yes,Yes,No,37,Yes,Fiber optic,No internet service,No,Month-to-month,Yes,Electronic check,104.54,3723.76,Yes
DEMO-00686,Male,No,Yes,Yes,11,Yes,No,No internet service,Yes,Month-to-month,No,Bank transfer,45.86,524.0,Yes
DEMO-00687,Female,No,No,No,11,Yes,Fiber optic,No internet service,No,Two year,No,Electronic check,105.13,1169.97,Yes
DEMO-00688,Female,No,Yes,Yes,20,Yes,DSL,Yes,No,One year,Yes,Electronic check,61.16,1083.99,No
DEMO-00689,Female,No,Yes,No,24,Yes,Fiber optic,Yes,Yes,Month-to-month,Yes,Credit card,124.85,3139.05,Yes
DEMO-00690,Male,No,Yes,No,33,Yes,DSL,Yes,Yes,Month-to-month,Yes,Electronic check,54.95,1896.83,No
DEMO-00691,Male,Yes,Yes,No,43,No,DSL,No,Yes,Two year,No,Mailed check,68.4,2839.05,No
DEMO-00692,Male,No,Yes,No,29,Yes,Fiber optic,No,No,Month-to-month,Yes,Electronic check,49.25,1454.8,No
DEMO-00693,Female,No,No,Yes,41,Yes,DSL,No,No,Month-to-month,Yes,Credit card,54.81,2233.52,No
DEMO-00694,Male,No,No,No,46,Yes,No,Yes,No,Two year,Yes,Mailed check,105.45,4877.06,No
DEMO-00695,Female,No,No,Yes,28,Yes,Fiber optic,No,Yes,Month-to-month,Yes,Electronic check,83.86,2365.28,Yes
DEMO-00696,Male,No,No,No,53,Yes,Fiber optic,Yes,Yes,One year,No,Bank transfer,97.72,5246.33,No
DEMO-00697,Male,No,No,Yes,61,Yes,DSL,Yes,Yes,One year,Yes,Electronic check,39.11,2533.63,No
DEMO-00698,Male,No,No,No,47,Yes,DSL,No,No,One year,Yes,Electronic check,88.37,4183.31,No
DEMO-00699,Female,No,No,Yes,49,Yes,Fiber optic,No internet service,Yes,Month-to-month,Yes,Bank transfer,47.71,2391.09,Yes
DEMO-00700,Male,No,Yes,Yes,39,No,DSL,No,No,Month-to-month,Yes,Credit card,38.57,1650.71,Yes
DEMO-00701,Male,No,No,No,71,Yes,Fiber optic,Yes,No,Month-to-month,Yes,Bank transfer,77.97,5482.08,No
DEMO-00702,Female,Yes,No,No,33,Yes,Fiber optic,No,No,Month-to-month,No,Electronic check,77.71,2471.12,Yes
DEMO-00703,Male,No,No,Yes,20,Yes,DSL,No internet service,No,Two year,Yes,Electronic check,73.33,1533.8,Yes
DEMO-00704,Male,Yes,Yes,No,34,Yes,Fiber optic,No,No,Month-to-month,Yes,Credit card,89.94,2935.67,Yes
DEMO-00705,Female,No,No,No,11,Yes,DSL,No internet service,Yes,One year,Yes,Electronic check,93.84,951.48,Yes
DEMO-00706,Male,No,No,No,10,Yes,DSL,No,No,Two year,Yes,Bank transfer,108.74,1237.9,Yes
DEMO-00707,Female,No,No,No,61,Yes,Fiber optic,No,No,One year,Yes,Mailed check,42.24,2404.85,Yes
DEMO-00708,Female,No,No,Yes,72,Yes,DSL,No,Yes,Month-to-month,No,Credit card,109.55,7917.89,Yes
DEMO-00709,Female,No,Yes,Yes,26,Yes,DSL,No internet service,No,Month-to-month,Yes,Mailed check,119.06,2951.34,No
DEMO-00710,Female,No,No,Yes,61,Yes,Fiber optic,No internet service,Yes,Two year,Yes,Credit card,62.84,3874.29,No
DEMO-00711,Female,No,No,No,5,Yes,Fiber optic,No,Yes,One year,No,Mailed check,30.29,334.69,No
DEMO-00712,Female,Yes,Yes,Yes,47,Yes,No,No internet service,No,Two year,No,Bank transfer,37.41,1657.0,No
DEMO-00713,Female,No,Yes,Yes,33,Yes,No,No,No,Two year,Yes,Electronic check,60.45,1784.52,No
DEMO-00714,Female,No,No,Yes,72,Yes,Fiber optic,No,Yes,One year,No,Bank transfer,122.35,8844.86,No
DEMO-00715,Female,No,No,No,30,Yes,Fiber optic,No internet service,No,Month-to-month,No,Electronic check,72.43,2110.14,Yes
DEMO-00716,Male,No,No,No,14,Yes,Fiber optic,Yes,Yes,One year,No,Electronic check,56.57,773.57,Yes
DEMO-00717,Female,No,No,No,8,Yes,DSL,Yes,No,Month-to-month,Yes,Mailed check,54.86,475.35,Yes
DEMO-00718,Male,No,No,No,34,Yes,No,Yes,Yes,One year,Yes,Electronic check,38.93,1379.91,Yes
DEMO-00719,Male,No,Yes,No,38,Yes,Fiber optic,No,Yes,Two year,No,Credit card,93.86,3623.96,No
DEMO-00720,Female,No,Yes,No,28,Yes,DSL,No internet service,No,Month-to-month,No,Credit card,69.7,1948.85,No
DEMO-00721,Female,No,Yes,No,62,Yes,Fiber optic,Yes,No,Month-to-month,No,Bank transfer,124.5,7762.57,Yes
DEMO-00722,Male,No,No,No,72,Yes,Fiber optic,No,No,Month-to-month,Yes,Mailed check,87.71,6296.32,No
DEMO-00723,Female,No,No,No,26,Yes,Fiber optic,No,Yes,Two year,No,Electronic check,92.75,2378.6,No
DEMO-00724,Male,No,Yes,Yes,6,Yes,DSL,No,Yes,Month-to-month,Yes,Electronic check,65.95,394.07,Yes
DEMO-00725,Male,No,No,No,41,Yes,No,No,No,Month-to-month,Yes,Electronic check,44.72,1891.25,Yes
DEMO-00726,Male,Yes,No,No,72,Yes,DSL,Yes,Yes,Month-to-month,Yes,Bank transfer,50.16,3546.82,Yes
DEMO-00727,Male,Yes,No,No,26,Yes,No,Yes,No,Month-to-month,No,Credit card,37.77,1003.5,Yes
DEMO-00728,Female,No,Yes,No,49,Yes,Fiber optic,Yes,Yes,Month-to-month,Yes,Electronic check,94.76,4597.34,Yes
DEMO-00729,Female,No,Yes,No,13,Yes,No,Yes,Yes,Month-to-month,No,Electronic check,62.38,737.34,Yes
DEMO-00730,Female,No,Yes,Yes,41,Yes,No,No,Yes,Month-to-month,Yes,Electronic check,95.81,4033.35,Yes
DEMO-00731,Male,No,No,No,49,Yes,Fiber optic,No,Yes,Month-to-month,Yes,Mailed check,75.4,3731.71,No
DEMO-00732,Female,No,No,Yes,41,Yes,No,No,No,Month-to-month,No,Electronic check,64.68,2689.91,Yes
DEMO-00733,Female,No,No,No,72,Yes,DSL,No,No,Month-to-month,Yes,Mailed check,42.76,2984.18,No
DEMO-00734,Male,No,No,Yes,72,Yes,DSL,Yes,No,Month-to-month,Yes,Electronic check,79.54,5702.22,No
DEMO-00735,Male,No,No,No,55,Yes,Fiber optic,No,Yes,One year,No,Electronic check,66.53,3719.22,No
DEMO-00736,Female,No,Yes,No,67,Yes,Fiber optic,Yes,No,Month-to-month,No,Bank transfer,94.55,6372.07,Yes
DEMO-00737,Female,No,Yes,Yes,40,Yes,DSL,No,No,Month-to-month,No,Credit card,54.11,2420.86,No
DEMO-00738,Male,No,Yes,No,32,Yes,Fiber optic,No internet service,Yes,Month-to-month,Yes,Electronic check,87.4,2818.79,No
DEMO-00739,Male,No,Yes,No,24,Yes,No,No,Yes,Month-to-month,No,Electronic check,113.02,2645.98,Yes
DEMO-00740,Female,No,Yes,Yes,13,No,No,No,Yes,Month-to-month,No,Electronic check,78.81,981.01,Yes
DEMO-00741,Female,No,No,No,72,Yes,DSL,No,Yes,Month-to-month,Yes,Credit card,91.63,6511.71,No
DEMO-00742,Female,No,Yes,Yes,72,Yes,Fiber optic,No,No,Two year,Yes,Mailed check,86.3,6148.96,No
DEMO-00743,Female,No,No,Yes,34,Yes,DSL,No internet service,Yes,Month-to-month,Yes,Bank transfer,119.45,4071.27,No
DEMO-00744,Female,Yes,No,No,35,Yes,DSL,No,No,Month-to-month,Yes,Bank transfer,81.29,2798.77,No
DEMO-00745,Male,No,Yes,Yes,51,Yes,No,Yes,No,Month-to-month,Yes,Credit card,89.5,4698.11,Yes
DEMO-00746,Male,No,Yes,No,30,Yes,No,No,No,Month-to-month,Yes,Electronic check,71.09,2220.8,No
DEMO-00747,Female,No,Yes,Yes,14,Yes,DSL,Yes,Yes,Month-to-month,No,Electronic check,52.64,823.37,No
DEMO-00748,Female,No,No,Yes,11,Yes,DSL,No,No,One year,No,Mailed check,41.8,434.61,No
DEMO-00749,Female,No,No,No,72,Yes,Fiber optic,No,No,Two year,Yes,Mailed check,103.67,7555.62,No
DEMO-00750,Male,Yes,No,No,7,Yes,Fiber optic,No,No,Month-to-month,No,Electronic check,46.79,429.84,Yes
DEMO-00751,Female,No,No,No,42,Yes,DSL,No internet service,Yes,Month-to-month,No,Credit card,90.65,3966.89,No
DEMO-00752,Male,No,No,Yes,8,Yes,DSL,Yes,Yes,Month-to-month,No,Bank transfer,82.4,605.09,Yes
DEMO-00753,Male,No,Yes,No,31,Yes,Fiber optic,No,No,Month-to-month,No,Credit card,94.94,2944.3,Yes
DEMO-00754,Male,No,No,No,26,Yes,DSL,No,Yes,One year,Yes,Credit card,59.13,1462.3,No
DEMO-00755,Male,No,Yes,No,10,Yes,No,No,Yes,Month-to-month,No,Mailed check,52.23,786.23,No
DEMO-00756,Female,No,Yes,No,52,Yes,Fiber optic,Yes,No,Month-to-month,Yes,Credit card,81.46,4215.73,Yes
DEMO-00757,Male,No,No,Yes,13,Yes,Fiber optic,No,No,Two year,No,Bank transfer,64.69,968.55,Yes
DEMO-00758,Male,No,No,No,8,Yes,Fiber optic,No internet service,No,Month-to-month,No,Mailed check,41.22,345.42,Yes
DEMO-00759,Female,Yes,Yes,No,56,Yes,No,Yes,Yes,Month-to-month,No,Bank transfer,120.46,6833.7,No
DEMO-00760,Male,No,No,No,26,No,DSL,No,Yes,One year,Yes,Credit card,52.21,1356.01,No
DEMO-00761,Male,No,No,Yes,18,Yes,No,No,Yes,Month-to-month,Yes,Credit card,47.16,941.2,Yes
DEMO-00762,Female,No,No,Yes,58,Yes,DSL,No internet service,No,Month-to-month,Yes,Bank transfer,65.95,3852.73,No
DEMO-00763,Female,Yes,No,No,13,Yes,No,No,No,Month-to-month,Yes,Electronic check,103.32,1513.68,Yes
DEMO-00764,Male,No,Yes,No,6,Yes,DSL,No internet service,No,Two year,Yes,Credit card,20.0,150.62,Yes
DEMO-00765,Female,No,No,Yes,72,Yes,No,Yes,No,Month-to-month,Yes,Mailed check,101.25,7217.75,No
DEMO-00766,Female,No,No,Yes,72,Yes,DSL,No,No,Month-to-month,No,Bank transfer,49.21,3594.93,No
DEMO-00767,Female,No,No,Yes,30,Yes,No,No,Yes,Month-to-month,No,Bank transfer,78.61,2359.23,No
DEMO-00768,Female,No,No,Yes,1,Yes,Fiber optic,No,No,Month-to-month,Yes,Mailed check,55.1,0.0,Yes
DEMO-00769,Female,Yes,No,Yes,30,Yes,DSL,Yes,No,One year,No,Electronic check,121.8,3691.92,Yes
DEMO-00770,Male,No,Yes,No,60,No,Fiber optic,No,No,Month-to-month,Yes,Bank transfer,75.12,4445.52,No
DEMO-00771,Male,No,No,No,71,Yes,DSL,No internet service,No,One year,No,Electronic check,54.3,3831.72,No
DEMO-00772,Male,No,No,No,14,Yes,Fiber optic,No,No,One year,No,Electronic check,64.47,906.69,Yes
DEMO-00773,Male,No,No,Yes,27,No,DSL,No,No,Two year,No,Electronic check,74.24,1801.75,No
DEMO-00774,Female,No,No,No,40,Yes,Fiber optic,Yes,Yes,Month-to-month,Yes,Bank transfer,76.44,3014.47,No
DEMO-00775,Male,Yes,Yes,No,58,No,No,No internet service,No,Two year,No,Electronic check,82.97,4904.64,No
DEMO-00776,Female,No,No,No,54,Yes,Fiber optic,No,No,One year,No,Mailed check,71.96,3866.61,No
DEMO-00777,Male,Yes,Yes,Yes,48,Yes,Fiber optic,No internet service,No,Month-to-month,Yes,Credit card,37.57,1613.18,Yes
DEMO-00778,Male,No,No,Yes,71,Yes,No,No,No,One year,Yes,Mailed check,63.49,4499.62,No
DEMO-00779,Male,No,Yes,No,32,Yes,Fiber optic,Yes,No,Two year,No,Credit card,87.17,2837.74,No
DEMO-00780,Male,No,Yes,No,72,Yes,DSL,No,No,Month-to-month,No,Mailed check,55.25,3948.22,Yes
DEMO-00781,Female,No,No,Yes,22,Yes,Fiber optic,No,No,Two year,No,Electronic check,88.82,1927.49,Yes
DEMO-00782,Female,No,No,No,55,Yes,DSL,No internet service,Yes,Month-to-month,Yes,Bank transfer,72.79,3958.82,No
DEMO-00783,Male,Yes,No,Yes,24,Yes,Fiber optic,Yes,No,One year,Yes,Mailed check,66.56,1659.5,No
DEMO-00784,Male,No,No,Yes,31,Yes,DSL,No,No,Two year,Yes,Credit card,101.85,3075.14,No
DEMO-00785,Male,No,Yes,No,34,Yes,No,Yes,No,Month-to-month,No,Electronic check,28.55,1025.33,No
DEMO-00786,Male,No,No,No,23,No,Fiber optic,No,No,Two year,Yes,Credit card,55.12,1240.97,No
DEMO-00787,Male,No,Yes,Yes,72,Yes,Fiber optic,No internet service,No,Month-to-month,Yes,Mailed check,102.81,7527.63,No
DEMO-00788,Male,No,No,No,25,Yes,DSL,No,No,Two year,Yes,Credit card,117.75,2895.22,No
DEMO-00789,Male,No,No,Yes,33,Yes,DSL,Yes,Yes,One year,No,Electronic check,129.15,4150.87,No
DEMO-00790,Male,No,No,No,50,Yes,Fiber optic,No,No,Month-to-month,No,Bank transfer,73.26,3724.88,Yes
DEMO-00791,Male,No,Yes,Yes,72,Yes,Fiber optic,No,No,Month-to-month,Yes,Electronic check,83.45,6057.68,No
DEMO-00792,Male,Yes,Yes,Yes,52,Yes,No,No,Yes,Month-to-month,Yes,Credit card,92.44,4848.07,Yes
DEMO-00793,Female,Yes,No,Yes,35,Yes,Fiber optic,Yes,Yes,Month-to-month,Yes,Electronic check,103.88,3720.45,Yes
DEMO-00794,Female,No,No,No,5,Yes,DSL,No,Yes,Month-to-month,No,Mailed check,79.83,298.97,Yes
DEMO-00795,Female,No,Yes,No,30,Yes,Fiber optic,No,Yes,Month-to-month,Yes,Bank transfer,95.15,2775.66,No
DEMO-00796,Female,No,Yes,Yes,20,No,Fiber optic,Yes,Yes,Month-to-month,No,Mailed check,83.49,1801.77,No
DEMO-00797,Female,No,No,Yes,26,Yes,DSL,Yes,Yes,Month-to-month,Yes,Credit card,85.06,2255.11,Yes
DEMO-00798,Female,No,Yes,No,24,Yes,Fiber optic,No,No,One year,Yes,Bank transfer,49.04,1131.39,No
DEMO-00799,Female,No,Yes,No,50,Yes,DSL,No,No,One year,Yes,Electronic check,63.77,3012.14,No
DEMO-00800,Female,Yes,No,No,30,No,DSL,Yes,No,One year,No,Credit card,58.93,1643.48,No
DEMO-00801,Male,No,Yes,Yes,16,Yes,DSL,No internet service,No,Month-to-month,No,Mailed check,42.28,580.74,No
DEMO-00802,Female,No,No,No,62,Yes,Fiber optic,No,No,Two year,Yes,Bank transfer,30.71,1847.9,No
DEMO-00803,Female,No,Yes,No,12,Yes,Fiber optic,Yes,No,One year,Yes,Electronic check,61.41,767.47,No
DEMO-00804,Female,No,No,No,34,Yes,DSL,No internet service,Yes,Month-to-month,Yes,Mailed check,65.4,2087.02,Yes
DEMO-00805,Female,No,No,No,30,No,Fiber optic,No,No,Month-to-month,Yes,Credit card,74.63,2186.12,No
DEMO-00806,Male,No,Yes,Yes,43,No,Fiber optic,No,No,One year,No,Credit card,85.89,3566.92,No
DEMO-00807,Female,Yes,No,Yes,72,Yes,Fiber optic,No internet service,No,Month-to-month,Yes,Credit card,76.7,5480.26,No
DEMO-00808,Female,No,Yes,No,72,Yes,DSL,No,No,Month-to-month,Yes,Bank transfer,65.58,4960.23,No
DEMO-00809,Male,Yes,No,No,35,Yes,DSL,No,No,Two year,No,Electronic check,49.12,1838.13,Yes
DEMO-00810,Male,No,No,No,20,Yes,DSL,Yes,No,Month-to-month,No,Mailed check,93.93,1935.95,Yes
DEMO-00811,Male,No,No,Yes,18,Yes,No,No internet service,Yes,Month-to-month,Yes,Electronic check,69.45,1197.87,Yes
DEMO-00812,Female,No,No,Yes,18,No,No,Yes,Yes,Two year,Yes,Bank transfer,61.16,993.19,Yes
DEMO-00813,Male,No,No,No,42,Yes,DSL,No,No,One year,Yes,Electronic check,67.34,2819.61,No
DEMO-00814,Female,No,Yes,Yes,4,Yes,Fiber optic,No internet service,Yes,Month-to-month,No,Credit card,53.68,59.37,No
DEMO-00815,Male,No,Yes,No,11,Yes,DSL,Yes,Yes,Two year,No,Electronic check,58.73,710.84,Yes
DEMO-00816,Male,No,Yes,No,42,Yes,DSL,No internet service,Yes,Two year,Yes,Electronic check,57.94,2413.66,No
DEMO-00817,Female,No,Yes,Yes,64,Yes,DSL,No,No,Month-to-month,Yes,Credit card,64.82,4145.73,No
DEMO-00818,Male,No,No,No,64,Yes,DSL,No,No,One year,Yes,Electronic check,88.39,5490.54,No
DEMO-00819,Male,No,No,Yes,37,No,DSL,No,No,Month-to-month,Yes,Electronic check,82.18,3045.64,No
DEMO-00820,Male,Yes,Yes,No,59,No,DSL,No,No,Month-to-month,No,Bank transfer,110.67,6505.63,Yes
DEMO-00821,Female,No,Yes,No,72,Yes,Fiber optic,Yes,No,One year,Yes,Credit card,102.29,7269.21,No
DEMO-00822,Female,No,No,No,25,Yes,Fiber optic,Yes,No,Month-to-month,No,Electronic check,120.91,3045.2,No
DEMO-00823,Female,No,No,No,68,No,Fiber optic,No,No,One year,Yes,Mailed check,85.98,5806.79,No
DEMO-00824,Male,No,No,Yes,8,Yes,Fiber optic,No internet service,No,Two year,No,Electronic check,85.58,714.11,No
DEMO-00825,Male,No,Yes,Yes,11,Yes,Fiber optic,Yes,Yes,Month-to-month,No,Bank transfer,59.81,719.74,No
DEMO-00826,Male,No,No,Yes,26,Yes,Fiber optic,No internet service,No,One year,Yes,Electronic check,92.65,2300.42,Yes
DEMO-00827,Female,No,Yes,No,7,Yes,No,No,No,Month-to-month,No,Bank transfer,55.6,399.9,Yes
DEMO-00828,Female,No,No,Yes,50,Yes,DSL,No,No,Two year,No,Mailed check,35.24,1770.82,No
DEMO-00829,Male,No,No,No,22,Yes,Fiber optic,No,Yes,Month-to-month,No,Credit card,110.16,2547.89,Yes
DEMO-00830,Female,No,No,No,31,Yes,DSL,Yes,Yes,One year,Yes,Bank transfer,40.77,1347.97,No
DEMO-00831,Male,No,No,No,31,Yes,Fiber optic,No internet service,Yes,Month-to-month,No,Bank transfer,82.97,2537.24,Yes
DEMO-00832,Male,No,No,Yes,26,Yes,Fiber optic,No,Yes,Month-to-month,Yes,Mailed check,49.99,1257.17,Yes
DEMO-00833,Female,No,No,No,18,Yes,Fiber optic,No internet service,No,One year,No,Electronic check,100.17,1818.02,Yes
DEMO-00834,Male,No,Yes,No,49,Yes,No,No,No,One year,No,Electronic check,103.57,4962.57,No
DEMO-00835,Male,No,No,No,22,No,Fiber optic,No,Yes,One year,No,Mailed check,85.23,1777.7,Yes
DEMO-00836,Male,No,No,No,31,Yes,DSL,No,No,One year,No,Electronic check,103.16,3151.17,No
DEMO-00837,Male,No,No,No,44,Yes,Fiber optic,Yes,No,Two year,No,Electronic check,72.18,2937.76,Yes
DEMO-00838,Male,No,No,No,72,No,DSL,Yes,Yes,Month-to-month,Yes,Mailed check,127.85,9106.23,No
DEMO-00839,Male,No,Yes,No,68,Yes,Fiber optic,No,No,Month-to-month,No,Electronic check,90.65,6130.97,No
DEMO-00840,Female,No,Yes,Yes,23,Yes,No,No,Yes,Month-to-month,No,Electronic check,49.49,1413.87,No
DEMO-00841,Female,No,No,Yes,17,Yes,Fiber optic,Yes,No,Two year,Yes,Bank transfer,73.74,1189.17,Yes
DEMO-00842,Male,No,Yes,No,72,Yes,Fiber optic,No internet service,No,Month-to-month,Yes,Credit card,68.19,4975.7,No
DEMO-00843,Male,No,Yes,No,22,Yes,DSL,Yes,Yes,Month-to-month,Yes,Electronic check,65.74,1426.47,Yes
DEMO-00844,Female,No,No,No,47,Yes,DSL,No internet service,No,Month-to-month,No,Credit card,30.57,1480.79,No
DEMO-00845,Female,No,No,No,6,Yes,No,No,No,Two year,No,Electronic check,81.67,381.77,Yes
DEMO-00846,Male,No,No,No,4,Yes,DSL,No internet service,Yes,Month-to-month,No,Credit card,37.36,0.0,Yes
DEMO-00847,Female,No,No,No,35,Yes,DSL,No,No,One year,Yes,Mailed check,20.0,837.74,No
DEMO-00848,Female,No,No,Yes,28,Yes,Fiber optic,No,Yes,Month-to-month,No,Mailed check,63.4,1642.19,Yes
DEMO-00849,Female,Yes,Yes,No,56,Yes,Fiber optic,Yes,Yes,Two year,Yes,Bank transfer,53.1,3121.96,No
DEMO-00850,Female,No,No,No,18,Yes,DSL,No internet service,No,Month-to-month,No,Mailed check,50.46,871.18,Yes
DEMO-00851,Female,No,Yes,Yes,41,Yes,DSL,No,Yes,Month-to-month,No,Mailed check,20.0,737.29,No
DEMO-00852,Male,No,Yes,No,54,Yes,Fiber optic,No,No,Two year,No,Mailed check,50.73,2687.78,Yes
DEMO-00853,Male,No,No,No,19,Yes,Fiber optic,Yes,No,Two year,Yes,Credit card,67.66,1445.76,Yes
DEMO-00854,Female,No,No,No,26,Yes,Fiber optic,Yes,No,Month-to-month,No,Credit card,56.15,1390.05,No
DEMO-00855,Female,Yes,Yes,No,13,Yes,DSL,No internet service,No,Month-to-month,No,Mailed check,81.68,1023.63,Yes
DEMO-00856,Female,No,Yes,Yes,57,Yes,No,No,Yes,One year,No,Credit card,106.82,6186.26,No
DEMO-00857,Female,Yes,Yes,No,49,Yes,DSL,No,No,Two year,Yes,Electronic check,84.91,4207.97,No
DEMO-00858,Male,No,No,No,52,Yes,DSL,Yes,No,Month-to-month,Yes,Bank transfer,97.66,5286.07,No
DEMO-00859,Male,No,No,No,28,Yes,No,No internet service,No,Month-to-month,Yes,Mailed check,99.73,2908.97,Yes
DEMO-00860,Male,No,Yes,Yes,49,Yes,No,No,No,One year,Yes,Electronic check,46.53,2210.34,No
DEMO-00861,Female,No,No,No,30,Yes,DSL,No,Yes,One year,No,Credit card,82.98,2619.66,No
DEMO-00862,Female,No,Yes,Yes,72,Yes,Fiber optic,No internet service,Yes,One year,Yes,Credit card,96.88,6783.14,No
DEMO-00863,Female,No,Yes,No,33,Yes,No,No,No,One year,No,Credit card,61.1,2093.32,No
DEMO-00864,Female,No,No,No,66,Yes,DSL,No internet service,No,Month-to-month,No,Bank transfer,52.23,3381.71,No
DEMO-00865,Female,No,Yes,No,28,Yes,DSL,Yes,No,Two year,Yes,Mailed check,85.26,2446.84,No
DEMO-00866,Female,No,Yes,No,72,No,Fiber optic,No,No,Two year,Yes,Bank transfer,34.96,2713.47,No
DEMO-00867,Male,Yes,No,Yes,17,Yes,No,No,Yes,Two year,No,Electronic check,44.8,594.56,No
DEMO-00868,Female,No,Yes,No,45,Yes,Fiber optic,Yes,No,Month-to-month,Yes,Credit card,55.33,2582.14,Yes
DEMO-00869,Male,No,Yes,No,20,Yes,Fiber optic,No,No,Month-to-month,Yes,Electronic check,83.26,1749.21,Yes
DEMO-00870,Male,No,Yes,Yes,40,No,No,No,No,One year,No,Credit card,77.47,3164.82,No
DEMO-00871,Female,No,No,No,22,Yes,DSL,Yes,Yes,Month-to-month,Yes,Bank transfer,97.81,2053.8,No
DEMO-00872,Male,No,Yes,No,33,Yes,Fiber optic,No,No,Two year,No,Electronic check,48.95,1606.4,No
DEMO-00873,Male,No,No,Yes,24,Yes,DSL,No internet service,No,Month-to-month,No,Electronic check,47.61,1046.33,Yes
DEMO-00874,Female,Yes,No,No,53,Yes,Fiber optic,No,Yes,One year,Yes,Mailed check,85.1,4553.3,No
DEMO-00875,Female,No,Yes,Yes,46,Yes,Fiber optic,No,Yes,Two year,Yes,Electronic check,52.03,2262.95,No
DEMO-00876,Female,No,Yes,No,20,Yes,DSL,No,No,Month-to-month,Yes,Credit card,56.91,1094.47,No
DEMO-00877,Male,No,No,Yes,19,Yes,Fiber optic,Yes,No,Month-to-month,No,Electronic check,25.58,549.03,Yes
DEMO-00878,Female,No,No,No,16,Yes,No,No,No,One year,Yes,Mailed check,79.27,1195.05,No
DEMO-00879,Male,Yes,No,No,13,Yes,Fiber optic,No internet service,No,One year,Yes,Electronic check,110.53,1397.26,Yes
DEMO-00880,Male,No,Yes,Yes,55,No,DSL,No internet service,No,Month-to-month,No,Electronic check,46.27,2454.2,No
DEMO-00881,Female,Yes,No,No,15,Yes,DSL,Yes,No,One year,Yes,Electronic check,97.54,1488.77,Yes
DEMO-00882,Female,No,Yes,Yes,43,No,Fiber optic,Yes,No,Two year,No,Credit card,70.52,3018.59,No
DEMO-00883,Female,No,No,Yes,23,Yes,Fiber optic,Yes,Yes,Month-to-month,No,Bank transfer,27.86,567.52,No
DEMO-00884,Male,No,No,No,64,Yes,Fiber optic,No,Yes,Month-to-month,Yes,Credit card,49.63,3113.25,No
DEMO-00885,Male,No,Yes,No,72,Yes,DSL,No,No,Month-to-month,No,Mailed check,48.09,3478.29,No
DEMO-00886,Male,Yes,No,No,1,Yes,Fiber optic,No,Yes,Month-to-month,Yes,Electronic check,64.09,0.0,Yes
DEMO-00887,Female,No,Yes,No,17,Yes,DSL,Yes,Yes,Month-to-month,Yes,Electronic check,82.49,1397.9,Yes
DEMO-00888,Male,No,No,Yes,22,Yes,DSL,No,Yes,Month-to-month,Yes,Mailed check,118.22,2604.16,Yes
DEMO-00889,Male,No,No,No,29,Yes,Fiber optic,No internet service,Yes,One year,No,Electronic check,36.22,1065.99,Yes
DEMO-00890,Female,No,Yes,No,27,Yes,Fiber optic,Yes,Yes,Month-to-month,No,Electronic check,59.88,1563.73,Yes
DEMO-00891,Male,No,Yes,No,11,Yes,No,Yes,Yes,Two year,No,Bank transfer,49.6,606.11,No
DEMO-00892,Male,No,Yes,No,72,Yes,Fiber optic,Yes,No,Month-to-month,Yes,Electronic check,40.3,2997.76,Yes
DEMO-00893,Female,No,Yes,No,28,Yes,DSL,No internet service,No,Month-to-month,No,Bank transfer,74.39,2147.65,No
DEMO-00894,Male,No,No,No,46,Yes,No,No,No,One year,Yes,Bank transfer,72.04,3334.82,Yes
DEMO-00895,Female,No,No,Yes,47,Yes,DSL,No,Yes,Two year,No,Bank transfer,26.65,1109.91,No
DEMO-00896,Male,No,Yes,No,8,Yes,No,No,Yes,Month-to-month,Yes,Mailed check,72.45,747.16,No
DEMO-00897,Female,No,No,Yes,25,Yes,DSL,No internet service,No,Month-to-month,Yes,Bank transfer,41.87,1052.61,Yes
DEMO-00898,Female,No,Yes,No,55,Yes,No,No,No,Month-to-month,Yes,Mailed check,72.3,4007.68,No
DEMO-00899,Male,No,No,Yes,72,Yes,No,No,No,Month-to-month,Yes,Electronic check,103.74,7398.78,Yes
DEMO-00900,Female,No,Yes,No,26,Yes,No,No,Yes,Month-to-month,Yes,Electronic check,83.58,2151.6,Yes
DEMO-00901,Male,No,Yes,No,10,Yes,DSL,No internet service,No,Month-to-month,Yes,Electronic check,76.44,882.34,Yes
DEMO-00902,Female,No,No,No,21,No,No,No internet service,No,Month-to-month,No,Mailed check,58.78,1312.65,Yes
DEMO-00903,Female,No,No,No,25,No,Fiber optic,Yes,Yes,Month-to-month,No,Bank transfer,73.67,1810.62,Yes
DEMO-00904,Male,No,No,No,24,Yes,DSL,No,No,Two year,No,Credit card,86.08,2218.69,Yes
DEMO-00905,Male,No,No,Yes,16,Yes,Fiber optic,Yes,Yes,One year,Yes,Electronic check,83.6,1236.67,Yes
DEMO-00906,Female,No,Yes,No,9,Yes,Fiber optic,No,No,Month-to-month,Yes,Electronic check,69.52,457.6,Yes
DEMO-00907,Female,No,Yes,Yes,13,Yes,No,No internet service,Yes,Month-to-month,Yes,Electronic check,77.43,813.67,Yes
DEMO-00908,Female,No,Yes,Yes,21,Yes,Fiber optic,Yes,No,Month-to-month,No,Credit card,39.09,900.38,Yes
DEMO-00909,Male,No,Yes,No,55,Yes,Fiber optic,No,No,Month-to-month,No,Electronic check,53.64,2880.59,Yes
DEMO-00910,Male,No,No,Yes,69,Yes,Fiber optic,No,No,One year,Yes,Mailed check,89.69,6174.57,No
DEMO-00911,Female,No,Yes,No,36,Yes,DSL,Yes,No,Two year,Yes,Electronic check,93.05,3459.24,No
DEMO-00912,Female,No,No,No,13,Yes,Fiber optic,Yes,Yes,Two year,Yes,Credit card,74.34,999.29,No
DEMO-00913,Male,Yes,No,Yes,22,Yes,Fiber optic,Yes,No,Two year,No,Mailed check,108.97,2278.73,Yes
DEMO-00914,Female,Yes,No,No,4,Yes,Fiber optic,No,No,Two year,No,Electronic check,84.7,501.22,Yes
DEMO-00915,Female,No,No,Yes,72,Yes,Fiber optic,No,No,Two year,No,Mailed check,66.17,4735.14,No
DEMO-00916,Female,No,Yes,No,19,Yes,Fiber optic,No internet service,No,Month-to-month,No,Bank transfer,41.51,782.4,No
DEMO-00917,Male,No,No,Yes,44,Yes,Fiber optic,No internet service,No,Month-to-month,Yes,Mailed check,107.97,4679.4,Yes
DEMO-00918,Male,No,No,No,66,No,Fiber optic,No,No,Month-to-month,Yes,Credit card,91.26,5911.6,No
DEMO-00919,Male,No,No,Yes,72,Yes,DSL,Yes,No,Month-to-month,Yes,Credit card,116.96,8444.16,No
DEMO-00920,Female,No,Yes,Yes,59,Yes,No,Yes,No,Month-to-month,No,Mailed check,126.17,7299.89,No
DEMO-00921,Male,No,No,No,24,Yes,No,No,No,Two year,No,Credit card,39.83,947.61,No
DEMO-00922,Male,No,Yes,No,48,Yes,No,No,No,One year,Yes,Credit card,39.89,2073.26,No
DEMO-00923,Male,No,Yes,No,72,No,No,Yes,No,Month-to-month,Yes,Mailed check,20.0,1515.13,No
DEMO-00924,Female,No,Yes,No,19,Yes,Fiber optic,No internet service,Yes,Month-to-month,Yes,Credit card,94.96,1824.54,Yes
DEMO-00925,Male,No,No,Yes,9,No,Fiber optic,No,Yes,Month-to-month,Yes,Mailed check,88.41,685.86,Yes
DEMO-00926,Female,No,Yes,No,16,Yes,No,Yes,No,Month-to-month,Yes,Bank transfer,74.44,1184.97,Yes
DEMO-00927,Male,No,Yes,No,46,Yes,DSL,No internet service,No,Two year,No,Bank transfer,41.35,1822.49,No
DEMO-00928,Female,No,No,Yes,25,Yes,No,No,No,One year,Yes,Credit card,69.77,1888.47,No
DEMO-00929,Male,No,Yes,No,31,Yes,DSL,No internet service,No,One year,No,Credit card,76.62,2327.83,No
DEMO-00930,Male,No,Yes,No,51,Yes,No,No internet service,Yes,Month-to-month,Yes,Electronic check,91.57,4591.47,No
DEMO-00931,Female,Yes,No,No,16,Yes,Fiber optic,Yes,Yes,Month-to-month,Yes,Bank transfer,78.82,1239.35,Yes
DEMO-00932,Female,No,No,Yes,30,Yes,No,No,Yes,Month-to-month,No,Bank transfer,88.6,2579.83,No
DEMO-00933,Male,No,No,Yes,22,Yes,Fiber optic,Yes,Yes,One year,Yes,Credit card,68.9,1539.37,No
DEMO-00934,Male,No,No,No,72,Yes,Fiber optic,No,No,One year,No,Mailed check,101.54,7493.01,No
DEMO-00935,Male,No,No,No,57,Yes,No,No,No,Month-to-month,No,Electronic check,87.79,5004.75,No
DEMO-00936,Female,No,No,Yes,25,Yes,Fiber optic,No,No,Two year,Yes,Electronic check,42.33,965.97,No
DEMO-00937,Female,No,No,No,24,No,DSL,No internet service,Yes,Month-to-month,No,Electronic check,106.73,2545.72,No
DEMO-00938,Female,No,No,No,72,Yes,DSL,Yes,No,Two year,Yes,Electronic check,102.64,7262.99,No
DEMO-00939,Male,No,No,No,72,Yes,Fiber optic,No,No,Month-to-month,Yes,Electronic check,83.64,6309.43,Yes
DEMO-00940,Female,No,Yes,No,45,Yes,Fiber optic,No internet service,Yes,Month-to-month,No,Electronic check,79.02,3735.99,No
DEMO-00941,Male,No,Yes,No,32,Yes,Fiber optic,No,No,Two year,Yes,Credit card,113.47,3755.74,No
DEMO-00942,Female,No,No,No,11,Yes,DSL,Yes,No,Month-to-month,No,Mailed check,31.17,418.01,No
DEMO-00943,Male,Yes,No,No,16,Yes,DSL,No,Yes,Month-to-month,Yes,Mailed check,103.03,1631.93,Yes
DEMO-00944,Male,Yes,No,No,10,Yes,No,Yes,No,Month-to-month,No,Bank transfer,60.09,586.56,Yes
DEMO-00945,Male,No,Yes,Yes,68,Yes,Fiber optic,No,Yes,Month-to-month,Yes,Electronic check,99.38,6735.8,Yes
DEMO-00946,Female,Yes,No,No,11,Yes,DSL,No,Yes,One year,Yes,Bank transfer,75.01,1062.8,Yes
DEMO-00947,Female,No,Yes,No,23,Yes,DSL,Yes,Yes,Two year,No,Credit card,40.93,922.18,No
DEMO-00948,Female,No,No,No,5,Yes,DSL,Yes,Yes,Two year,No,Mailed check,59.59,241.54,Yes
DEMO-00949,Female,No,No,No,8,Yes,No,Yes,No,Month-to-month,No,Mailed check,97.54,769.87,Yes
DEMO-00950,Male,No,Yes,No,53,Yes,Fiber optic,No internet service,Yes,Month-to-month,Yes,Electronic check,66.74,3588.92,Yes
DEMO-00951,Male,No,No,No,41,No,Fiber optic,Yes,No,Month-to-month,No,Mailed check,56.46,1966.62,No
DEMO-00952,Female,Yes,Yes,No,33,Yes,Fiber optic,No internet service,No,Month-to-month,Yes,Bank transfer,56.3,1897.23,Yes
DEMO-00953,Male,No,Yes,No,24,Yes,No,No internet service,No,Month-to-month,Yes,Mailed check,88.06,1859.19,Yes
DEMO-00954,Female,No,Yes,No,7,Yes,DSL,No,Yes,Two year,Yes,Mailed check,115.77,957.6,No
DEMO-00955,Male,No,No,Yes,21,No,DSL,No internet service,Yes,Two year,Yes,Mailed check,20.0,247.59,No
DEMO-00956,Female,Yes,No,No,28,Yes,Fiber optic,No,No,One year,Yes,Electronic check,142.02,3896.24,No
DEMO-00957,Female,No,No,No,50,Yes,No,Yes,Yes,Month-to-month,No,Electronic check,77.09,3662.8,Yes
DEMO-00958,Male,No,No,No,65,Yes,Fiber optic,Yes,Yes,Month-to-month,Yes,Bank transfer,86.51,5803.23,No
DEMO-00959,Male,No,Yes,No,54,Yes,Fiber optic,No internet service,No,Month-to-month,Yes,Electronic check,61.09,3297.63,No
DEMO-00960,Female,No,Yes,No,40,Yes,No,No internet service,No,Month-to-month,No,Bank transfer,71.91,3099.06,Yes
DEMO-00961,Male,No,Yes,No,33,Yes,DSL,No internet service,Yes,Month-to-month,Yes,Credit card,76.81,2733.52,Yes
DEMO-00962,Male,No,Yes,No,38,Yes,Fiber optic,No,Yes,Month-to-month,Yes,Bank transfer,45.77,1864.19,Yes
DEMO-00963,Female,No,Yes,Yes,20,Yes,Fiber optic,Yes,No,Month-to-month,Yes,Electronic check,51.86,897.03,Yes
DEMO-00964,Female,No,Yes,Yes,35,Yes,No,Yes,No,Two year,Yes,Mailed check,101.61,3572.9,Yes
DEMO-00965,Male,No,Yes,Yes,28,Yes,DSL,No internet service,No,Month-to-month,No,Bank transfer,33.19,1065.94,No
DEMO-00966,Male,No,No,Yes,72,Yes,Fiber optic,Yes,No,Two year,Yes,Bank transfer,83.03,6017.04,No
DEMO-00967,Male,Yes,Yes,No,38,Yes,No,No,No,Month-to-month,Yes,Credit card,62.74,2347.14,Yes
DEMO-00968,Male,No,Yes,No,4,Yes,Fiber optic,No internet service,Yes,Month-to-month,Yes,Mailed check,47.98,227.07,Yes
DEMO-00969,Female,No,Yes,Yes,23,Yes,Fiber optic,No internet service,No,Month-to-month,Yes,Electronic check,121.3,2834.67,Yes
DEMO-00970,Female,Yes,No,No,26,Yes,DSL,No,Yes,Month-to-month,Yes,Mailed check,48.14,1103.92,No
DEMO-00971,Female,No,No,No,59,No,DSL,No,No,Month-to-month,Yes,Credit card,43.75,2524.56,No
DEMO-00972,Male,No,No,No,42,Yes,Fiber optic,No,Yes,Month-to-month,Yes,Bank transfer,67.33,2893.17,No
DEMO-00973,Male,No,Yes,No,40,Yes,DSL,No,No,Two year,No,Credit card,52.79,2199.04,No
DEMO-00974,Female,No,No,No,72,Yes,No,Yes,No,Month-to-month,Yes,Bank transfer,72.16,5219.86,No
DEMO-00975,Male,No,Yes,Yes,72,Yes,Fiber optic,Yes,No,One year,Yes,Credit card,75.88,5422.57,No
DEMO-00976,Female,Yes,No,No,53,Yes,No,No,No,Month-to-month,No,Mailed check,77.87,4107.91,No
DEMO-00977,Female,No,No,No,24,Yes,DSL,Yes,No,Month-to-month,Yes,Credit card,68.9,1578.17,No
DEMO-00978,Female,No,Yes,Yes,25,Yes,DSL,Yes,No,Month-to-month,Yes,Credit card,54.45,1350.84,Yes
DEMO-00979,Male,No,Yes,No,71,Yes,Fiber optic,No internet service,No,Month-to-month,No,Credit card,88.09,6339.4,No
DEMO-00980,Male,No,Yes,No,25,Yes,DSL,No,No,Two year,Yes,Credit card,69.21,1973.07,No
DEMO-00981,Male,No,Yes,No,31,Yes,DSL,No internet service,No,Two year,No,Bank transfer,59.61,1727.49,Yes
DEMO-00982,Female,No,Yes,Yes,22,No,Fiber optic,No,No,One year,No,Bank transfer,109.0,2524.68,No
DEMO-00983,Male,No,No,No,13,Yes,DSL,No,Yes,Month-to-month,Yes,Bank transfer,68.97,934.89,Yes
DEMO-00984,Female,Yes,No,Yes,72,Yes,DSL,No,No,Month-to-month,Yes,Credit card,99.3,6989.48,Yes
DEMO-00985,Male,Yes,No,No,31,Yes,DSL,No,Yes,Two year,Yes,Credit card,102.67,3173.0,No
DEMO-00986,Female,No,No,No,72,No,No,Yes,No,Month-to-month,Yes,Bank transfer,104.19,7483.48,Yes
DEMO-00987,Male,No,Yes,No,25,Yes,DSL,No,No,Month-to-month,Yes,Mailed check,89.28,2231.84,No
DEMO-00988,Female,No,Yes,No,19,Yes,Fiber optic,No,No,Month-to-month,No,Credit card,71.98,1472.4,Yes
DEMO-00989,Male,No,Yes,Yes,50,Yes,Fiber optic,No,Yes,Two year,Yes,Credit card,70.4,3717.49,No
DEMO-00990,Male,No,Yes,No,65,Yes,Fiber optic,No,No,One year,No,Bank transfer,65.9,4413.01,No
DEMO-00991,Female,No,No,Yes,68,Yes,Fiber optic,No internet service,Yes,One year,Yes,Mailed check,20.0,1381.28,No
DEMO-00992,Female,No,No,No,28,Yes,DSL,No,No,Two year,No,Credit card,89.97,2551.55,No
DEMO-00993,Female,No,No,Yes,53,Yes,DSL,No,Yes,Month-to-month,Yes,Credit card,78.11,4347.73,No
DEMO-00994,Male,No,Yes,Yes,21,Yes,Fiber optic,No,No,Two year,Yes,Mailed check,92.64,1839.57,No
DEMO-00995,Male,No,Yes,Yes,34,Yes,No,No internet service,Yes,Month-to-month,Yes,Bank transfer,69.07,2472.59,Yes
DEMO-00996,Male,No,No,No,26,No,Fiber optic,No internet service,No,One year,Yes,Bank transfer,88.62,2189.39,No
DEMO-00997,Male,No,No,No,23,Yes,Fiber optic,No internet service,Yes,Month-to-month,No,Bank transfer,37.56,711.33,Yes
DEMO-00998,Male,No,Yes,No,35,Yes,No,No,No,Two year,No,Electronic check,42.77,1560.07,No
DEMO-00999,Female,No,No,Yes,12,Yes,Fiber optic,No internet service,Yes,Month-to-month,Yes,Electronic check,20.0,74.24,Yes
DEMO-01000,Female,No,Yes,No,62,Yes,Fiber optic,No,Yes,Month-to-month,Yes,Credit card,68.64,4216.4,No
DEMO-01001,Male,Yes,Yes,No,23,Yes,Fiber optic,No,Yes,Month-to-month,No,Credit card,52.69,1349.3,Yes
DEMO-01002,Male,No,Yes,No,60,Yes,No,Yes,No,Month-to-month,Yes,Mailed check,49.42,2873.81,No
DEMO-01003,Female,No,Yes,No,15,Yes,Fiber optic,No internet service,Yes,Month-to-month,No,Credit card,80.37,1385.23,Yes
DEMO-01004,Male,No,Yes,No,23,Yes,Fiber optic,No internet service,No,One year,Yes,Mailed check,61.36,1185.52,No
DEMO-01005,Male,No,Yes,No,12,Yes,Fiber optic,No,No,Month-to-month,Yes,Electronic check,36.17,538.47,Yes
DEMO-01006,Male,No,No,No,12,Yes,Fiber optic,Yes,No,Two year,Yes,Bank transfer,135.62,1489.03,No
DEMO-01007,Female,No,Yes,Yes,17,Yes,No,No internet service,Yes,Month-to-month,Yes,Electronic check,71.07,1188.76,Yes
DEMO-01008,Male,No,Yes,No,15,Yes,No,No,Yes,One year,No,Electronic check,44.92,695.37,No
DEMO-01009,Male,No,Yes,No,13,Yes,Fiber optic,No,No,Month-to-month,Yes,Credit card,55.25,690.02,Yes
DEMO-01010,Male,No,Yes,No,33,Yes,DSL,Yes,No,One year,No,Mailed check,67.67,2207.38,No
DEMO-01011,Male,No,Yes,No,49,Yes,Fiber optic,No,No,One year,Yes,Electronic check,67.62,3168.3,No
DEMO-01012,Male,No,No,No,51,Yes,DSL,No,No,Month-to-month,No,Mailed check,104.55,5473.55,Yes
DEMO-01013,Female,No,Yes,No,6,Yes,Fiber optic,Yes,Yes,Two year,No,Bank transfer,70.01,297.08,No
DEMO-01014,Female,No,No,No,26,Yes,DSL,No,No,Month-to-month,Yes,Bank transfer,118.38,2954.81,Yes
DEMO-01015,Male,No,No,No,24,Yes,No,No internet service,No,Month-to-month,No,Mailed check,61.19,1458.84,Yes
DEMO-01016,Male,No,Yes,No,72,Yes,No,Yes,No,One year,Yes,Mailed check,82.66,5881.84,No
DEMO-01017,Male,No,Yes,No,27,Yes,DSL,No,No,Two year,Yes,Bank transfer,97.55,2717.71,Yes
DEMO-01018,Male,No,Yes,No,31,Yes,Fiber optic,No,Yes,Month-to-month,Yes,Bank transfer,101.88,3104.92,Yes
DEMO-01019,Male,No,No,No,9,Yes,No,No,No,Month-to-month,Yes,Credit card,104.8,943.08,Yes
DEMO-01020,Female,No,No,No,16,Yes,DSL,No internet service,No,Two year,Yes,Mailed check,65.2,1054.65,No
DEMO-01021,Male,No,Yes,No,8,Yes,DSL,No,Yes,One year,Yes,Credit card,71.86,672.26,No
DEMO-01022,Female,No,Yes,No,34,Yes,Fiber optic,No,No,Two year,No,Credit card,20.0,627.23,No
DEMO-01023,Female,No,No,No,72,Yes,No,No,No,Month-to-month,No,Electronic check,67.1,4664.02,Yes
DEMO-01024,Male,No,No,No,17,No,Fiber optic,No internet service,Yes,One year,No,Electronic check,99.28,1606.8,No
DEMO-01025,Male,Yes,Yes,No,27,Yes,DSL,No internet service,Yes,Month-to-month,No,Bank transfer,94.42,2663.07,No
DEMO-01026,Female,No,No,Yes,15,Yes,DSL,No,No,Two year,No,Credit card,69.84,1082.41,No
DEMO-01027,Male,No,Yes,No,20,Yes,Fiber optic,No,No,Month-to-month,No,Electronic check,114.48,2252.56,Yes
DEMO-01028,Female,No,Yes,Yes,35,No,DSL,No internet service,No,One year,Yes,Electronic check,62.4,2190.11,No
DEMO-01029,Male,No,No,No,72,Yes,Fiber optic,Yes,No,Month-to-month,No,Bank transfer,54.1,3868.64,No
DEMO-01030,Female,Yes,No,No,72,Yes,DSL,No internet service,Yes,One year,Yes,Credit card,60.3,4420.37,No
DEMO-01031,Female,No,Yes,No,72,Yes,Fiber optic,No,Yes,One year,No,Electronic check,43.94,3197.43,No
DEMO-01032,Female,No,No,No,60,Yes,Fiber optic,No,Yes,Month-to-month,Yes,Mailed check,87.56,5225.71,Yes
DEMO-01033,Female,No,Yes,No,27,Yes,No,Yes,No,Two year,Yes,Electronic check,79.21,2230.44,Yes
DEMO-01034,Female,No,Yes,No,24,Yes,DSL,No,No,Month-to-month,Yes,Credit card,87.25,2211.68,No
DEMO-01035,Female,No,Yes,No,17,Yes,Fiber optic,Yes,Yes,One year,No,Bank transfer,61.64,955.95,Yes
DEMO-01036,Female,No,No,No,2,Yes,Fiber optic,No,No,Month-to-month,No,Mailed check,70.55,50.99,Yes
DEMO-01037,Female,No,No,No,26,Yes,Fiber optic,No,No,Month-to-month,Yes,Credit card,20.0,760.1,Yes
DEMO-01038,Female,No,No,Yes,72,Yes,DSL,No internet service,No,Month-to-month,No,Bank transfer,81.41,5924.13,No
DEMO-01039,Female,No,Yes,No,72,Yes,DSL,Yes,No,Month-to-month,No,Credit card,74.47,5528.77,No
DEMO-01040,Female,No,Yes,No,72,Yes,Fiber optic,No,No,Month-to-month,No,Electronic check,44.49,3292.52,No
DEMO-01041,Female,No,No,No,37,Yes,Fiber optic,Yes,No,One year,Yes,Electronic check,69.38,2613.0,No
DEMO-01042,Female,No,Yes,No,11,Yes,No,No,No,One year,Yes,Mailed check,65.55,507.38,No
DEMO-01043,Male,No,No,No,47,No,No,Yes,No,One year,No,Electronic check,116.11,5335.05,Yes
DEMO-01044,Male,No,Yes,No,72,Yes,Fiber optic,Yes,No,Month-to-month,Yes,Credit card,45.47,3338.87,Yes
DEMO-01045,Female,No,No,No,72,No,No,No,No,Month-to-month,Yes,Bank transfer,80.29,5690.39,No
DEMO-01046,Male,No,No,No,22,Yes,Fiber optic,Yes,Yes,Month-to-month,Yes,Electronic check,44.73,969.23,Yes
DEMO-01047,Male,Yes,No,No,12,Yes,DSL,No,No,One year,No,Credit card,58.05,787.63,Yes
DEMO-01048,Male,Yes,No,No,11,Yes,DSL,Yes,No,Two year,Yes,Bank transfer,78.92,881.68,No
DEMO-01049,Female,No,Yes,No,18,Yes,No,No,Yes,Month-to-month,No,Mailed check,66.72,1240.84,Yes
DEMO-01050,Female,No,No,No,20,Yes,Fiber optic,Yes,No,One year,No,Electronic check,71.85,1575.8,Yes
DEMO-01051,Male,No,Yes,No,25,Yes,No,No,Yes,Month-to-month,No,Credit card,80.32,2156.7,No
DEMO-01052,Female,No,No,No,51,Yes,DSL,Yes,No,Month-to-month,Yes,Bank transfer,59.66,3037.03,Yes
DEMO-01053,Female,No,No,Yes,24,Yes,DSL,No,No,Month-to-month,Yes,Credit card,94.1,2385.8,Yes
DEMO-01054,Female,No,No,No,33,Yes,Fiber optic,Yes,No,Month-to-month,No,Bank transfer,64.36,2027.8,No
DEMO-01055,Male,No,Yes,No,8,Yes,No,No,No,One year,No,Mailed check,69.56,579.16,No
DEMO-01056,Female,No,No,Yes,17,No,No,No,No,Two year,Yes,Electronic check,81.03,1434.11,No
DEMO-01057,Female,No,No,No,16,Yes,DSL,No,No,Month-to-month,Yes,Bank transfer,77.68,1232.34,No
DEMO-01058,Male,No,Yes,Yes,6,Yes,Fiber optic,No,Yes,Month-to-month,No,Electronic check,88.11,506.45,Yes
DEMO-01059,Female,Yes,Yes,No,24,Yes,Fiber optic,No,No,One year,No,Credit card,79.92,1806.14,No
DEMO-01060,Female,No,Yes,No,8,Yes,No,No,Yes,Two year,Yes,Electronic check,83.73,666.28,No
DEMO-01061,Female,No,Yes,No,23,Yes,DSL,Yes,No,One year,Yes,Mailed check,63.87,1308.16,No
DEMO-01062,Male,No,No,Yes,35,Yes,Fiber optic,No,Yes,Month-to-month,Yes,Bank transfer,45.28,1571.48,Yes
DEMO-01063,Female,No,Yes,No,72,Yes,DSL,No internet service,Yes,One year,Yes,Mailed check,36.31,2620.35,No
DEMO-01064,Male,No,No,Yes,16,Yes,Fiber optic,No,Yes,Month-to-month,Yes,Bank transfer,30.23,558.2,Yes
DEMO-01065,Male,No,No,Yes,34,Yes,DSL,No,No,Two year,No,Credit card,116.07,3828.75,No
DEMO-01066,Male,No,No,No,19,Yes,No,No,No,Month-to-month,Yes,Bank transfer,20.0,413.99,Yes
DEMO-01067,Female,No,Yes,Yes,7,Yes,DSL,No,No,One year,Yes,Credit card,101.84,769.85,Yes
DEMO-01068,Male,No,No,Yes,72,Yes,Fiber optic,Yes,No,Month-to-month,Yes,Mailed check,51.48,3704.35,No
DEMO-01069,Female,No,No,Yes,36,Yes,Fiber optic,No,Yes,Month-to-month,Yes,Bank transfer,101.66,3704.5,No
DEMO-01070,Male,No,No,No,45,Yes,DSL,Yes,No,Two year,No,Credit card,20.0,926.99,No
DEMO-01071,Female,No,No,Yes,72,Yes,DSL,No,No,One year,No,Electronic check,66.12,4500.57,No
DEMO-01072,Male,No,No,No,23,Yes,Fiber optic,No internet service,No,Month-to-month,Yes,Electronic check,108.35,2399.84,Yes
DEMO-01073,Female,No,Yes,No,10,Yes,Fiber optic,Yes,No,Two year,Yes,Electronic check,89.83,1112.58,No
DEMO-01074,Male,No,Yes,Yes,15,Yes,Fiber optic,No,Yes,Two year,Yes,Bank transfer,63.57,1019.15,No
DEMO-01075,Male,No,Yes,Yes,9,Yes,Fiber optic,Yes,Yes,Month-to-month,No,Bank transfer,23.43,150.71,Yes
DEMO-01076,Female,No,No,No,68,Yes,DSL,No,No,Month-to-month,Yes,Electronic check,38.94,2684.58,No
DEMO-01077,Female,Yes,Yes,No,72,Yes,No,No,No,Month-to-month,Yes,Electronic check,106.73,7755.66,No
DEMO-01078,Female,No,Yes,Yes,35,Yes,DSL,No,No,One year,No,Electronic check,63.29,2369.26,No
DEMO-01079,Male,No,Yes,No,52,Yes,Fiber optic,No,No,Month-to-month,Yes,Mailed check,70.2,3611.47,No
DEMO-01080,Male,No,No,No,62,Yes,No,No,No,Month-to-month,Yes,Electronic check,79.09,4843.98,No
DEMO-01081,Male,No,No,Yes,72,Yes,No,Yes,Yes,Two year,Yes,Credit card,39.43,2789.18,No
DEMO-01082,Female,Yes,No,No,72,Yes,DSL,Yes,No,Two year,Yes,Credit card,82.18,5859.82,No
DEMO-01083,Male,No,Yes,No,5,No,DSL,No internet service,No,Two year,No,Credit card,61.51,247.05,Yes
DEMO-01084,Male,No,No,No,19,Yes,Fiber optic,No internet service,Yes,Two year,No,Credit card,79.34,1526.2,No
DEMO-01085,Male,No,Yes,Yes,32,Yes,DSL,Yes,No,One year,Yes,Credit card,57.55,1799.5,No
DEMO-01086,Male,No,No,No,18,Yes,Fiber optic,No internet service,Yes,One year,Yes,Bank transfer,32.67,581.85,No
DEMO-01087,Male,No,Yes,No,26,Yes,Fiber optic,No internet service,No,One year,Yes,Bank transfer,61.32,1781.56,No
DEMO-01088,Male,No,Yes,No,43,No,DSL,No,No,Month-to-month,No,Credit card,88.02,3689.07,No
DEMO-01089,Female,No,No,No,42,No,Fiber optic,No,No,Month-to-month,Yes,Bank transfer,81.85,3471.38,Yes
DEMO-01090,Male,No,Yes,No,60,Yes,Fiber optic,Yes,No,Month-to-month,Yes,Mailed check,72.77,4252.64,Yes
DEMO-01091,Female,Yes,No,No,32,No,Fiber optic,No internet service,No,One year,No,Electronic check,94.45,3115.1,Yes
DEMO-01092,Female,No,No,No,2,Yes,Fiber optic,No,Yes,Month-to-month,No,Bank transfer,66.91,245.72,Yes
DEMO-01093,Female,No,Yes,No,24,Yes,DSL,Yes,No,Month-to-month,No,Credit card,73.41,1675.07,No
DEMO-01094,Female,No,No,No,40,Yes,Fiber optic,No,No,One year,No,Bank transfer,60.01,2330.81,No
DEMO-01095,Female,No,Yes,Yes,63,Yes,Fiber optic,No internet service,No,Month-to-month,Yes,Mailed check,95.92,6109.63,Yes
DEMO-01096,Female,No,No,No,57,Yes,Fiber optic,No internet service,No,Month-to-month,Yes,Bank transfer,79.29,4492.08,Yes
DEMO-01097,Female,No,No,Yes,29,Yes,No,No internet service,No,Two year,Yes,Credit card,58.08,1826.04,No
DEMO-01098,Female,No,No,No,18,Yes,No,No,Yes,Two year,Yes,Credit card,34.77,505.68,No
DEMO-01099,Male,No,No,No,30,Yes,Fiber optic,No,Yes,Month-to-month,Yes,Mailed check,99.62,3096.3,No
DEMO-01100,Male,Yes,Yes,No,6,Yes,No,No internet service,No,Month-to-month,No,Mailed check,53.4,544.15,Yes
DEMO-01101,Female,No,No,No,20,Yes,DSL,No internet service,Yes,Month-to-month,No,Mailed check,73.8,1515.21,Yes
DEMO-01102,Female,No,No,No,71,Yes,Fiber optic,No,Yes,Two year,Yes,Credit card,130.81,9223.82,No
DEMO-01103,Male,No,Yes,No,30,Yes,Fiber optic,No,Yes,Two year,No,Electronic check,92.04,2683.49,No
DEMO-01104,Female,Yes,No,No,41,Yes,Fiber optic,No internet service,No,Month-to-month,Yes,Credit card,112.28,4587.28,No
DEMO-01105,Male,No,No,No,9,No,Fiber optic,No,No,One year,Yes,Electronic check,58.55,594.56,Yes
DEMO-01106,Male,No,Yes,Yes,63,Yes,DSL,Yes,No,Month-to-month,Yes,Credit card,98.77,6073.15,No
DEMO-01107,Male,No,Yes,Yes,28,Yes,No,No,No,Month-to-month,No,Mailed check,72.67,2003.78,Yes
DEMO-01108,Female,No,Yes,No,40,Yes,No,No internet service,No,Two year,No,Bank transfer,81.15,3259.16,No
DEMO-01109,Female,No,No,No,47,No,No,Yes,Yes,Month-to-month,No,Bank transfer,122.52,5913.86,No
DEMO-01110,Female,No,Yes,No,61,Yes,Fiber optic,No,No,Month-to-month,No,Credit card,65.03,4153.0,No
DEMO-01111,Female,No,Yes,Yes,36,Yes,No,No internet service,No,Month-to-month,Yes,Credit card,72.48,2596.12,No
DEMO-01112,Male,Yes,Yes,Yes,29,No,Fiber optic,No,No,One year,Yes,Electronic check,49.42,1322.34,No
DEMO-01113,Male,Yes,No,Yes,11,Yes,Fiber optic,No,No,Two year,Yes,Electronic check,94.21,1050.32,No
DEMO-01114,Male,No,No,No,8,Yes,Fiber optic,No,Yes,Two year,No,Electronic check,57.98,481.44,No
DEMO-01115,Female,No,Yes,No,35,Yes,No,No,No,Month-to-month,Yes,Bank transfer,97.57,3533.56,Yes
DEMO-01116,Female,No,No,No,40,Yes,Fiber optic,No,Yes,Month-to-month,Yes,Bank transfer,30.75,1185.63,No
DEMO-01117,Female,No,No,No,45,Yes,Fiber optic,Yes,No,Two year,No,Electronic check,85.72,3758.5,No
DEMO-01118,Female,No,Yes,No,16,Yes,No,No internet service,No,Month-to-month,Yes,Credit card,55.91,893.4,Yes
DEMO-01119,Female,No,Yes,No,20,Yes,DSL,Yes,Yes,Two year,Yes,Electronic check,90.26,1771.19,No
DEMO-01120,Male,No,Yes,Yes,35,Yes,Fiber optic,No,No,One year,Yes,Mailed check,71.66,2471.44,No
DEMO-01121,Female,Yes,Yes,No,22,Yes,DSL,No,No,Month-to-month,Yes,Mailed check,58.62,1202.81,Yes
DEMO-01122,Female,No,No,No,72,Yes,Fiber optic,Yes,Yes,Two year,No,Bank transfer,62.34,4362.93,No
DEMO-01123,Female,No,Yes,Yes,20,Yes,DSL,Yes,Yes,Month-to-month,No,Electronic check,50.74,1075.84,No
DEMO-01124,Male,No,Yes,Yes,42,No,DSL,No,No,Month-to-month,Yes,Credit card,92.94,3929.88,Yes
DEMO-01125,Male,No,No,No,56,Yes,Fiber optic,Yes,Yes,Month-to-month,No,Bank transfer,45.78,2483.33,Yes
DEMO-01126,Female,No,Yes,No,58,Yes,DSL,No internet service,Yes,Month-to-month,Yes,Bank transfer,65.32,3870.55,No
DEMO-01127,Male,No,Yes,No,22,Yes,DSL,No internet service,Yes,One year,No,Electronic check,80.63,1589.6,No
DEMO-01128,Male,Yes,No,Yes,47,Yes,Fiber optic,No internet service,No,One year,Yes,Credit card,112.34,5239.18,No
DEMO-01129,Male,No,Yes,No,43,Yes,DSL,No internet service,No,Two year,Yes,Credit card,71.77,3107.65,No
DEMO-01130,Female,No,Yes,No,48,Yes,DSL,Yes,No,Two year,Yes,Mailed check,65.94,3275.9,No
DEMO-01131,Female,No,Yes,No,35,Yes,DSL,No,No,Month-to-month,No,Electronic check,78.84,2703.85,Yes
DEMO-01132,Female,No,Yes,Yes,56,Yes,DSL,No,Yes,Month-to-month,Yes,Mailed check,20.16,1241.36,No
DEMO-01133,Female,No,Yes,No,38,Yes,DSL,Yes,Yes,One year,Yes,Mailed check,42.03,1531.97,No
DEMO-01134,Male,No,Yes,No,10,Yes,No,No,Yes,Two year,Yes,Electronic check,62.62,708.35,Yes
DEMO-01135,Male,No,Yes,No,37,No,Fiber optic,Yes,No,Month-to-month,No,Bank transfer,54.18,2172.88,Yes
DEMO-01136,Male,Yes,No,Yes,40,Yes,Fiber optic,No internet service,Yes,Month-to-month,Yes,Mailed check,31.98,1179.21,No
DEMO-01137,Male,No,Yes,Yes,54,Yes,Fiber optic,No internet service,No,Month-to-month,No,Credit card,93.44,5060.9,Yes
DEMO-01138,Female,No,Yes,No,35,Yes,DSL,No internet service,No,Month-to-month,Yes,Mailed check,78.49,2801.21,No
DEMO-01139,Male,No,No,No,72,Yes,Fiber optic,Yes,Yes,One year,Yes,Bank transfer,75.51,5312.29,No
DEMO-01140,Female,No,No,No,29,Yes,No,Yes,No,Month-to-month,Yes,Credit card,54.65,1628.1,No
DEMO-01141,Male,No,Yes,No,21,Yes,DSL,Yes,No,One year,Yes,Mailed check,73.98,1496.94,No
DEMO-01142,Male,No,Yes,No,72,Yes,DSL,No internet service,No,Two year,Yes,Electronic check,84.86,6025.63,No
DEMO-01143,Female,No,No,No,29,Yes,Fiber optic,No,No,Two year,Yes,Bank transfer,65.38,1853.69,No
DEMO-01144,Male,No,No,No,33,Yes,DSL,No,No,Month-to-month,Yes,Mailed check,83.11,2693.02,Yes
DEMO-01145,Female,No,No,Yes,40,Yes,DSL,Yes,Yes,Month-to-month,Yes,Credit card,52.1,2164.07,No
DEMO-01146,Male,No,Yes,Yes,38,No,Fiber optic,No,No,One year,No,Credit card,74.44,2828.63,No
DEMO-01147,Female,No,Yes,No,48,Yes,Fiber optic,No,Yes,Two year,Yes,Bank transfer,100.56,5057.95,No
DEMO-01148,Female,No,No,No,51,Yes,DSL,No internet service,No,Month-to-month,Yes,Credit card,102.8,5189.19,No
DEMO-01149,Female,No,Yes,Yes,19,Yes,No,No,No,Two year,No,Electronic check,105.19,2046.0,Yes
DEMO-01150,Male,Yes,Yes,No,12,Yes,DSL,Yes,No,Month-to-month,No,Electronic check,79.14,934.61,Yes
DEMO-01151,Female,No,No,No,13,Yes,DSL,No,No,Two year,No,Electronic check,72.79,818.65,No
DEMO-01152,Male,Yes,No,No,72,Yes,Fiber optic,No,No,Month-to-month,Yes,Bank transfer,60.78,4535.2,No
DEMO-01153,Male,No,No,No,27,Yes,Fiber optic,No,No,Month-to-month,No,Electronic check,26.81,735.83,Yes
DEMO-01154,Female,No,Yes,Yes,56,No,Fiber optic,No,Yes,Month-to-month,Yes,Electronic check,38.38,2071.18,No
DEMO-01155,Female,No,No,Yes,52,Yes,Fiber optic,No internet service,Yes,Month-to-month,Yes,Credit card,67.8,3565.59,Yes
DEMO-01156,Male,No,Yes,No,33,Yes,Fiber optic,No,Yes,Month-to-month,Yes,Electronic check,69.29,2389.91,No
DEMO-01157,Female,No,No,No,16,Yes,No,Yes,No,Month-to-month,No,Electronic check,107.31,1632.07,Yes
DEMO-01158,Male,No,No,No,53,Yes,Fiber optic,No internet service,No,Month-to-month,Yes,Mailed check,104.87,5563.14,No
DEMO-01159,Female,No,Yes,No,32,Yes,Fiber optic,No internet service,Yes,One year,Yes,Electronic check,54.84,1858.91,No
DEMO-01160,Male,No,No,No,11,Yes,Fiber optic,Yes,No,Month-to-month,Yes,Electronic check,92.46,1033.57,Yes
DEMO-01161,Male,No,Yes,No,22,Yes,DSL,No,No,One year,Yes,Electronic check,60.07,1376.96,No
DEMO-01162,Male,No,Yes,No,7,Yes,Fiber optic,No,Yes,Two year,Yes,Electronic check,89.07,597.08,Yes
DEMO-01163,Male,No,Yes,Yes,23,Yes,DSL,No,No,Month-to-month,Yes,Credit card,92.15,1962.16,No
DEMO-01164,Male,No,Yes,Yes,34,No,Fiber optic,No internet service,No,Month-to-month,No,Mailed check,103.05,3478.52,Yes
DEMO-01165,Male,No,Yes,No,30,Yes,Fiber optic,No internet service,Yes,Two year,Yes,Bank transfer,59.68,1734.34,No
DEMO-01166,Female,No,No,Yes,27,Yes,Fiber optic,Yes,No,Two year,Yes,Bank transfer,97.36,2617.82,Yes
DEMO-01167,Female,Yes,Yes,Yes,34,Yes,DSL,No,Yes,Month-to-month,Yes,Credit card,25.18,801.15,No
DEMO-01168,Male,Yes,Yes,No,46,Yes,Fiber optic,Yes,Yes,Two year,Yes,Credit card,104.41,4819.89,No
DEMO-01169,Male,No,Yes,No,59,Yes,No,No,No,Month-to-month,Yes,Mailed check,71.37,4176.16,Yes
DEMO-01170,Male,No,No,Yes,64,Yes,No,No internet service,Yes,Month-to-month,Yes,Electronic check,71.91,4683.13,No
DEMO-01171,Male,No,No,No,18,Yes,Fiber optic,Yes,No,One year,Yes,Electronic check,21.06,440.65,No
DEMO-01172,Male,Yes,No,No,68,No,DSL,No,Yes,Month-to-month,Yes,Electronic check,62.28,4142.6,No
DEMO-01173,Female,No,No,No,32,Yes,Fiber optic,No internet service,Yes,One year,Yes,Credit card,105.89,3514.14,No
DEMO-01174,Female,Yes,No,No,25,Yes,Fiber optic,No,No,Month-to-month,No,Bank transfer,61.33,1460.92,No
DEMO-01175,Female,Yes,Yes,No,14,Yes,DSL,Yes,Yes,One year,No,Electronic check,89.84,1145.33,No
DEMO-01176,Male,No,No,No,44,Yes,No,No,No,Month-to-month,Yes,Electronic check,72.86,3311.38,Yes
DEMO-01177,Female,No,Yes,No,43,Yes,Fiber optic,No,Yes,Month-to-month,Yes,Credit card,98.57,4179.28,Yes
DEMO-01178,Female,No,Yes,No,21,No,Fiber optic,No,No,Month-to-month,Yes,Bank transfer,76.79,1622.37,Yes
DEMO-01179,Male,Yes,Yes,Yes,21,No,Fiber optic,No,Yes,Month-to-month,No,Electronic check,48.7,893.92,No
DEMO-01180,Female,No,Yes,No,29,Yes,DSL,Yes,Yes,One year,Yes,Credit card,73.41,2092.29,No
DEMO-01181,Male,Yes,Yes,Yes,25,Yes,Fiber optic,No,No,Month-to-month,Yes,Bank transfer,112.03,2789.21,Yes
DEMO-01182,Male,No,No,No,17,Yes,Fiber optic,No,Yes,Month-to-month,Yes,Mailed check,84.44,1396.23,Yes
DEMO-01183,Male,No,Yes,No,12,Yes,DSL,Yes,No,Month-to-month,No,Mailed check,69.09,777.7,No
DEMO-01184,Female,No,Yes,No,69,Yes,Fiber optic,No internet service,No,Month-to-month,Yes,Bank transfer,128.39,8863.01,Yes
DEMO-01185,Male,No,No,Yes,22,Yes,Fiber optic,No internet service,No,Two year,No,Electronic check,100.98,2320.56,No
DEMO-01186,Male,Yes,Yes,No,42,Yes,Fiber optic,No internet service,Yes,Month-to-month,Yes,Credit card,92.42,3787.48,No
DEMO-01187,Male,Yes,No,Yes,48,Yes,No,No,No,Two year,Yes,Credit card,79.93,3583.89,No
DEMO-01188,Male,No,Yes,No,44,Yes,Fiber optic,Yes,Yes,Month-to-month,No,Bank transfer,90.26,4095.39,Yes
DEMO-01189,Female,No,No,Yes,50,Yes,Fiber optic,No internet service,Yes,One year,No,Bank transfer,91.07,4487.67,No
DEMO-01190,Female,No,No,No,44,Yes,No,Yes,No,Month-to-month,Yes,Credit card,20.0,822.69,No
DEMO-01191,Male,No,No,No,19,Yes,Fiber optic,No,Yes,Month-to-month,Yes,Electronic check,81.87,1500.99,No
DEMO-01192,Female,Yes,No,No,26,Yes,Fiber optic,No internet service,Yes,Two year,Yes,Electronic check,67.98,1634.64,No
DEMO-01193,Female,No,Yes,No,68,Yes,No,No internet service,No,Two year,No,Credit card,59.51,4007.19,No
DEMO-01194,Female,No,No,Yes,22,Yes,Fiber optic,No,Yes,Two year,Yes,Electronic check,67.11,1448.44,No
DEMO-01195,Male,No,Yes,No,32,No,No,No internet service,Yes,Month-to-month,No,Bank transfer,33.1,1102.72,No
DEMO-01196,Female,No,No,Yes,46,Yes,Fiber optic,Yes,No,Month-to-month,No,Mailed check,26.88,1181.71,No
DEMO-01197,Male,No,Yes,No,72,Yes,Fiber optic,Yes,No,One year,Yes,Electronic check,103.16,7183.38,Yes
DEMO-01198,Female,No,Yes,No,64,Yes,DSL,No,No,Month-to-month,No,Electronic check,83.55,5213.46,No
DEMO-01199,Male,No,No,Yes,15,Yes,DSL,No internet service,No,One year,Yes,Credit card,20.0,411.55,Yes
DEMO-01200,Male,No,Yes,No,42,Yes,Fiber optic,Yes,Yes,One year,Yes,Electronic check,57.59,2334.76,No
DEMO-01201,Male,No,No,No,38,Yes,DSL,No,No,Month-to-month,Yes,Electronic check,94.01,3626.96,No
DEMO-01202,Male,No,Yes,No,26,Yes,Fiber optic,No internet service,Yes,Two year,No,Mailed check,65.0,1618.66,No
DEMO-01203,Male,No,No,No,33,Yes,DSL,No internet service,Yes,One year,No,Electronic check,103.13,3484.57,Yes
DEMO-01204,Female,No,Yes,No,19,Yes,DSL,No,Yes,Month-to-month,Yes,Bank transfer,98.24,1876.47,Yes
DEMO-01205,Male,No,No,No,29,Yes,Fiber optic,No internet service,No,Month-to-month,Yes,Credit card,38.08,959.19,No
DEMO-01206,Female,No,Yes,No,22,Yes,Fiber optic,No,Yes,One year,Yes,Bank transfer,68.42,1388.15,No
DEMO-01207,Male,Yes,Yes,No,35,Yes,DSL,No,No,Month-to-month,Yes,Bank transfer,60.8,1979.02,Yes
DEMO-01208,Female,No,No,Yes,25,Yes,Fiber optic,No,Yes,Month-to-month,No,Mailed check,37.27,1023.0,Yes
DEMO-01209,Male,No,No,No,72,No,DSL,Yes,Yes,Month-to-month,Yes,Credit card,35.64,2440.2,No
DEMO-01210,Female,No,Yes,Yes,36,Yes,DSL,No,Yes,One year,No,Credit card,51.85,1829.67,Yes
DEMO-01211,Male,No,Yes,No,31,Yes,No,No,No,Two year,Yes,Credit card,55.98,1727.35,No
DEMO-01212,Male,No,Yes,Yes,27,Yes,No,No,No,One year,Yes,Electronic check,79.08,2157.36,No
DEMO-01213,Male,No,No,No,25,Yes,Fiber optic,No,No,Month-to-month,Yes,Electronic check,98.11,2406.65,Yes
DEMO-01214,Male,No,Yes,No,11,Yes,Fiber optic,No internet service,No,Month-to-month,No,Electronic check,84.84,775.69,Yes
DEMO-01215,Female,No,Yes,No,56,Yes,No,Yes,Yes,Month-to-month,No,Electronic check,90.76,4961.88,No
DEMO-01216,Male,No,Yes,No,72,Yes,Fiber optic,No,Yes,Month-to-month,Yes,Electronic check,65.33,4598.56,Yes
DEMO-01217,Female,No,No,Yes,22,Yes,DSL,No internet service,No,One year,Yes,Credit card,87.08,1650.94,No
DEMO-01218,Male,No,Yes,No,67,Yes,DSL,No,No,One year,Yes,Electronic check,68.29,4618.59,No
DEMO-01219,Male,No,No,No,72,Yes,DSL,Yes,Yes,Month-to-month,No,Electronic check,60.96,4439.66,No
DEMO-01220,Male,No,No,No,72,Yes,Fiber optic,No,Yes,Month-to-month,No,Credit card,119.43,8491.78,No
DEMO-01221,Female,No,Yes,No,72,Yes,Fiber optic,No internet service,No,Month-to-month,No,Credit card,20.0,1570.45,No
DEMO-01222,Female,No,No,Yes,13,Yes,DSL,Yes,Yes,Two year,Yes,Electronic check,25.17,316.57,No
DEMO-01223,Male,No,No,No,12,Yes,DSL,No internet service,No,One year,Yes,Electronic check,81.57,1063.59,No
DEMO-01224,Female,No,No,Yes,50,No,DSL,Yes,Yes,Month-to-month,Yes,Credit card,65.38,3346.59,No
DEMO-01225,Female,Yes,Yes,Yes,33,Yes,Fiber optic,No internet service,No,Two year,Yes,Credit card,36.08,1177.22,Yes
DEMO-01226,Male,No,Yes,No,4,Yes,No,No,No,Month-to-month,Yes,Bank transfer,45.63,0.0,Yes
DEMO-01227,Male,No,No,No,24,Yes,Fiber optic,Yes,No,Month-to-month,Yes,Mailed check,48.89,1193.26,Yes
DEMO-01228,Female,No,Yes,No,49,Yes,Fiber optic,No,Yes,Two year,Yes,Bank transfer,94.31,4673.83,No
DEMO-01229,Male,No,Yes,Yes,29,Yes,DSL,No,No,Month-to-month,Yes,Credit card,102.31,2901.73,No
DEMO-01230,Male,No,No,No,33,Yes,Fiber optic,No,No,Month-to-month,Yes,Electronic check,112.99,3744.75,Yes
DEMO-01231,Male,No,Yes,No,12,Yes,Fiber optic,No,Yes,One year,No,Mailed check,32.27,384.37,Yes
DEMO-01232,Male,No,Yes,No,23,Yes,DSL,Yes,No,Month-to-month,No,Credit card,37.82,774.53,Yes
DEMO-01233,Male,No,No,No,50,Yes,Fiber optic,Yes,Yes,One year,Yes,Bank transfer,36.11,1795.51,No
DEMO-01234,Male,No,Yes,No,23,No,No,No,No,Month-to-month,No,Electronic check,104.22,2346.14,No
DEMO-01235,Female,No,Yes,No,71,Yes,DSL,Yes,No,Month-to-month,No,Bank transfer,82.43,5890.04,No
DEMO-01236,Male,No,Yes,Yes,33,Yes,Fiber optic,No,No,Month-to-month,Yes,Bank transfer,74.0,2383.0,Yes
DEMO-01237,Male,Yes,Yes,No,44,Yes,No,No,No,Month-to-month,No,Electronic check,77.74,3349.39,Yes
DEMO-01238,Male,No,No,No,49,Yes,Fiber optic,Yes,Yes,Month-to-month,Yes,Mailed check,70.58,3294.65,No
DEMO-01239,Female,Yes,Yes,No,48,Yes,Fiber optic,No,No,Month-to-month,Yes,Electronic check,43.97,2331.2,Yes
DEMO-01240,Male,Yes,Yes,No,15,Yes,DSL,No,No,Two year,Yes,Credit card,84.83,1227.19,Yes
DEMO-01241,Male,No,Yes,Yes,17,Yes,No,No,Yes,Month-to-month,Yes,Electronic check,67.35,1031.9,Yes
DEMO-01242,Male,No,Yes,No,4,No,DSL,No,No,Month-to-month,Yes,Credit card,41.99,228.31,Yes
DEMO-01243,Male,No,Yes,No,26,Yes,DSL,No,Yes,Month-to-month,No,Bank transfer,86.36,2264.05,No
DEMO-01244,Male,No,Yes,No,16,Yes,DSL,Yes,Yes,Month-to-month,No,Credit card,61.36,1036.58,No
DEMO-01245,Male,No,No,Yes,22,Yes,Fiber optic,No,No,Month-to-month,Yes,Credit card,77.69,1774.59,Yes
DEMO-01246,Male,No,Yes,Yes,28,Yes,Fiber optic,Yes,Yes,One year,Yes,Credit card,68.88,2038.35,No
DEMO-01247,Female,No,Yes,Yes,36,Yes,No,No,Yes,Month-to-month,No,Credit card,94.28,3287.6,No
DEMO-01248,Male,No,Yes,No,29,No,Fiber optic,No,Yes,Two year,No,Mailed check,77.5,2262.16,No
DEMO-01249,Male,No,Yes,Yes,29,Yes,No,No,No,Two year,Yes,Electronic check,49.91,1289.49,No
DEMO-01250,Male,Yes,No,No,41,Yes,Fiber optic,No,Yes,Month-to-month,No,Electronic check,80.05,3251.38,Yes
DEMO-01251,Male,No,Yes,No,32,Yes,Fiber optic,Yes,Yes,Month-to-month,Yes,Bank transfer,80.87,2654.91,Yes
DEMO-01252,Female,No,Yes,No,58,Yes,DSL,No,Yes,Month-to-month,Yes,Mailed check,84.78,4827.72,No
DEMO-01253,Female,Yes,Yes,No,32,No,DSL,No,Yes,One year,Yes,Mailed check,97.9,3355.89,No
DEMO-01254,Male,No,No,No,72,No,Fiber optic,No,Yes,Month-to-month,No,Electronic check,56.6,4077.0,No
DEMO-01255,Male,No,Yes,No,14,Yes,Fiber optic,No,No,Two year,Yes,Credit card,88.7,1060.77,No
DEMO-01256,Female,No,Yes,No,25,Yes,DSL,No internet service,No,One year,No,Electronic check,28.88,792.52,No
DEMO-01257,Female,No,Yes,No,19,Yes,Fiber optic,No internet service,No,Two year,No,Electronic check,69.0,1533.02,Yes
DEMO-01258,Male,No,No,No,37,No,Fiber optic,Yes,No,Month-to-month,Yes,Bank transfer,65.13,2186.17,Yes
DEMO-01259,Male,No,No,No,14,Yes,Fiber optic,Yes,Yes,Two year,Yes,Bank transfer,108.2,1586.24,Yes
DEMO-01260,Male,No,No,No,9,Yes,DSL,No internet service,Yes,Month-to-month,Yes,Credit card,68.09,513.88,Yes
DEMO-01261,Female,No,Yes,No,16,Yes,DSL,No,No,Month-to-month,Yes,Bank transfer,87.2,1389.8,Yes
DEMO-01262,Female,No,No,No,10,Yes,DSL,Yes,Yes,Month-to-month,Yes,Credit card,27.96,148.68,No
DEMO-01263,Female,No,Yes,Yes,28,No,No,No,No,Two year,No,Electronic check,63.21,1855.23,No
DEMO-01264,Male,No,No,No,36,Yes,No,Yes,Yes,One year,No,Electronic check,50.84,1798.4,No
DEMO-01265,Male,No,No,No,8,Yes,DSL,No,No,Two year,Yes,Bank transfer,133.89,1187.16,No
DEMO-01266,Female,No,Yes,No,24,Yes,DSL,Yes,Yes,Month-to-month,No,Electronic check,55.33,1224.96,Yes
DEMO-01267,Female,No,No,Yes,64,Yes,Fiber optic,Yes,No,Two year,No,Credit card,73.83,4704.46,Yes
DEMO-01268,Female,No,No,No,72,Yes,DSL,Yes,No,Month-to-month,No,Credit card,75.16,5180.14,Yes
DEMO-01269,Male,No,No,No,53,Yes,No,No internet service,Yes,Month-to-month,Yes,Electronic check,32.26,1969.55,No
DEMO-01270,Male,Yes,Yes,No,2,Yes,Fiber optic,Yes,Yes,Two year,Yes,Credit card,58.85,309.67,No
DEMO-01271,Female,No,No,Yes,34,Yes,No,No,Yes,Month-to-month,No,Mailed check,82.12,3010.01,No
DEMO-01272,Female,Yes,Yes,No,68,Yes,DSL,Yes,Yes,Month-to-month,Yes,Electronic check,74.14,5194.83,No
DEMO-01273,Male,Yes,Yes,Yes,22,Yes,No,Yes,No,One year,Yes,Mailed check,20.0,380.91,No
DEMO-01274,Female,No,Yes,No,11,Yes,Fiber optic,Yes,No,Month-to-month,No,Bank transfer,57.83,631.72,No
DEMO-01275,Male,No,Yes,Yes,65,Yes,Fiber optic,Yes,No,Month-to-month,No,Credit card,97.52,6367.94,No
DEMO-01276,Female,No,Yes,Yes,71,Yes,No,No,No,Month-to-month,Yes,Electronic check,86.71,6193.86,Yes
DEMO-01277,Female,No,Yes,Yes,31,Yes,Fiber optic,No,No,Month-to-month,No,Bank transfer,102.45,3066.4,No
DEMO-01278,Female,No,Yes,No,12,Yes,DSL,Yes,Yes,Two year,Yes,Electronic check,47.36,453.74,No
DEMO-01279,Male,No,Yes,No,7,Yes,Fiber optic,No internet service,No,One year,No,Electronic check,104.02,594.43,No
DEMO-01280,Male,No,Yes,Yes,40,Yes,No,No,No,Month-to-month,Yes,Bank transfer,70.89,2792.95,No
DEMO-01281,Female,No,Yes,No,19,Yes,No,No internet service,Yes,Month-to-month,Yes,Credit card,111.81,2092.4,No
DEMO-01282,Male,No,No,No,30,Yes,Fiber optic,No,No,Month-to-month,No,Bank transfer,72.08,2117.13,Yes
DEMO-01283,Female,No,Yes,No,28,Yes,Fiber optic,Yes,No,One year,No,Credit card,20.81,607.8,No
DEMO-01284,Male,No,Yes,No,16,Yes,DSL,Yes,Yes,Two year,No,Electronic check,93.23,1353.39,Yes
DEMO-01285,Male,No,Yes,No,6,Yes,DSL,Yes,No,Two year,Yes,Bank transfer,60.91,280.02,Yes
DEMO-01286,Male,Yes,Yes,No,23,No,Fiber optic,No,Yes,Month-to-month,Yes,Electronic check,62.59,1363.54,No
DEMO-01287,Male,No,No,No,35,Yes,Fiber optic,No,Yes,Month-to-month,Yes,Credit card,35.67,1330.35,Yes
DEMO-01288,Male,No,No,Yes,36,Yes,DSL,Yes,Yes,Month-to-month,No,Electronic check,112.55,4071.55,No
DEMO-01289,Female,No,Yes,No,18,Yes,Fiber optic,No internet service,No,One year,No,Electronic check,58.97,1095.28,Yes
DEMO-01290,Male,No,Yes,No,71,Yes,Fiber optic,No internet service,Yes,Month-to-month,Yes,Credit card,111.38,7814.59,No
DEMO-01291,Female,No,Yes,Yes,13,Yes,Fiber optic,Yes,Yes,One year,Yes,Mailed check,61.22,799.91,Yes
DEMO-01292,Female,Yes,No,Yes,60,Yes,DSL,No,No,Month-to-month,Yes,Bank transfer,48.81,2851.16,No
DEMO-01293,Male,No,Yes,No,34,No,DSL,No internet service,Yes,Month-to-month,Yes,Credit card,104.99,3495.64,Yes
DEMO-01294,Female,No,Yes,Yes,23,Yes,Fiber optic,No internet service,No,Month-to-month,Yes,Mailed check,70.17,1650.87,No
DEMO-01295,Male,No,No,No,44,Yes,No,No,No,Month-to-month,No,Bank transfer,70.41,3033.35,No
DEMO-01296,Male,No,Yes,Yes,27,No,DSL,No internet service,Yes,Month-to-month,Yes,Credit card,39.96,1068.37,Yes
DEMO-01297,Female,Yes,Yes,Yes,9,Yes,No,No internet service,Yes,Month-to-month,Yes,Bank transfer,60.56,518.05,Yes
DEMO-01298,Male,No,Yes,Yes,12,Yes,Fiber optic,No internet service,Yes,One year,No,Electronic check,82.72,875.22,Yes
DEMO-01299,Male,No,Yes,No,25,Yes,No,No,No,Month-to-month,No,Credit card,39.52,930.25,Yes
DEMO-01300,Male,Yes,Yes,No,21,Yes,Fiber optic,No,No,Month-to-month,No,Mailed check,58.52,1172.77,No
DEMO-01301,Female,Yes,Yes,No,59,Yes,Fiber optic,No,Yes,One year,Yes,Credit card,61.49,3589.74,Yes
DEMO-01302,Male,No,No,Yes,20,Yes,Fiber optic,No,Yes,One year,Yes,Bank transfer,73.66,1292.91,No
DEMO-01303,Male,No,No,No,19,Yes,Fiber optic,Yes,Yes,Month-to-month,Yes,Electronic check,108.99,1997.88,Yes
DEMO-01304,Male,No,No,No,17,Yes,DSL,No,No,Two year,Yes,Credit card,64.5,1187.69,Yes
DEMO-01305,Female,No,Yes,Yes,16,Yes,Fiber optic,No,Yes,Two year,No,Electronic check,54.74,919.58,Yes
DEMO-01306,Female,No,No,Yes,16,Yes,Fiber optic,No,No,One year,No,Credit card,140.66,2210.61,No
DEMO-01307,Female,No,Yes,No,10,Yes,Fiber optic,No internet service,No,One year,Yes,Credit card,61.17,493.73,Yes
DEMO-01308,Female,No,Yes,No,35,Yes,No,No internet service,Yes,Month-to-month,No,Credit card,67.23,2363.09,No
DEMO-01309,Male,No,No,No,28,Yes,Fiber optic,No,No,Two year,No,Electronic check,63.05,1862.17,No
DEMO-01310,Female,No,Yes,Yes,27,Yes,DSL,No,No,Month-to-month,Yes,Mailed check,65.08,1908.86,Yes
DEMO-01311,Female,No,No,No,7,Yes,No,No,Yes,Two year,Yes,Electronic check,73.94,465.18,Yes
DEMO-01312,Male,No,No,No,41,Yes,DSL,No,No,One year,No,Mailed check,95.02,3789.81,No
DEMO-01313,Female,Yes,No,Yes,44,Yes,DSL,No,No,Month-to-month,Yes,Mailed check,82.1,3660.58,Yes
DEMO-01314,Female,Yes,Yes,No,72,Yes,No,No,Yes,Month-to-month,Yes,Bank transfer,98.93,7158.87,No
DEMO-01315,Female,No,Yes,No,42,Yes,No,No internet service,No,One year,Yes,Mailed check,98.1,4121.24,Yes
DEMO-01316,Male,No,Yes,No,72,Yes,Fiber optic,No,Yes,One year,No,Credit card,77.21,5495.6,No
DEMO-01317,Male,No,No,No,18,Yes,Fiber optic,No internet service,Yes,Month-to-month,No,Electronic check,81.41,1334.5,No
DEMO-01318,Female,Yes,No,Yes,72,Yes,Fiber optic,Yes,No,One year,Yes,Mailed check,99.72,7247.3,No
DEMO-01319,Male,Yes,Yes,No,43,Yes,No,No,No,Two year,Yes,Bank transfer,44.22,1991.11,No
DEMO-01320,Female,No,No,No,40,Yes,No,No,Yes,Month-to-month,No,Electronic check,134.46,5342.4,No
DEMO-01321,Male,No,No,No,27,Yes,DSL,No,No,Month-to-month,No,Bank transfer,59.19,1769.18,Yes
DEMO-01322,Female,No,No,Yes,23,Yes,No,Yes,Yes,Month-to-month,No,Bank transfer,63.23,1477.91,Yes
DEMO-01323,Female,No,Yes,No,19,Yes,Fiber optic,No,No,One year,No,Bank transfer,41.7,774.8,No
DEMO-01324,Male,Yes,No,No,72,Yes,DSL,No,No,Month-to-month,No,Bank transfer,42.45,2938.11,Yes
DEMO-01325,Female,No,Yes,No,26,No,DSL,No internet service,No,Two year,Yes,Credit card,96.35,2335.05,No
DEMO-01326,Male,No,No,No,44,Yes,DSL,No internet service,No,Month-to-month,Yes,Credit card,128.75,5613.8,No
DEMO-01327,Male,Yes,Yes,No,51,Yes,No,No,No,One year,Yes,Electronic check,57.82,2985.7,No
DEMO-01328,Male,No,No,No,50,Yes,Fiber optic,No,Yes,Month-to-month,Yes,Mailed check,80.68,4267.36,Yes
DEMO-01329,Male,No,No,No,35,No,Fiber optic,No,No,Month-to-month,Yes,Credit card,77.5,2719.26,Yes
DEMO-01330,Male,No,No,Yes,72,Yes,DSL,No,Yes,One year,Yes,Electronic check,97.01,7043.95,No
DEMO-01331,Female,No,No,No,42,No,Fiber optic,No,No,Month-to-month,Yes,Bank transfer,127.47,5271.01,Yes
DEMO-01332,Male,No,Yes,No,19,Yes,Fiber optic,No internet service,No,Month-to-month,No,Bank transfer,110.02,2111.25,Yes
DEMO-01333,Male,No,Yes,No,24,Yes,No,No,No,Two year,Yes,Electronic check,66.03,1592.52,No
DEMO-01334,Male,Yes,No,No,8,No,Fiber optic,Yes,No,Two year,No,Mailed check,85.22,587.21,No
DEMO-01335,Female,Yes,No,Yes,38,Yes,Fiber optic,No internet service,No,Two year,Yes,Credit card,87.7,3466.42,No
DEMO-01336,Female,No,Yes,No,46,Yes,Fiber optic,No,No,Month-to-month,Yes,Electronic check,71.5,3275.59,No
DEMO-01337,Male,No,No,No,49,Yes,Fiber optic,Yes,No,One year,Yes,Electronic check,44.6,2295.94,No
DEMO-01338,Male,Yes,Yes,No,43,Yes,No,Yes,No,Two year,Yes,Credit card,52.03,2238.25,Yes
DEMO-01339,Male,No,Yes,Yes,27,Yes,Fiber optic,No,Yes,Month-to-month,Yes,Credit card,100.7,2685.76,Yes
DEMO-01340,Male,Yes,Yes,No,31,No,No,No,Yes,Month-to-month,Yes,Bank transfer,103.28,3123.55,Yes
DEMO-01341,Male,No,Yes,No,31,Yes,DSL,Yes,No,Two year,No,Mailed check,66.81,2036.07,No
DEMO-01342,Male,No,Yes,No,60,Yes,Fiber optic,No,Yes,Month-to-month,Yes,Electronic check,78.53,4858.27,No
DEMO-01343,Male,No,No,No,5,No,No,Yes,No,One year,No,Credit card,101.93,419.78,Yes
DEMO-01344,Female,Yes,Yes,No,22,Yes,No,No,Yes,Two year,Yes,Electronic check,29.39,713.21,No
DEMO-01345,Male,No,No,No,13,Yes,Fiber optic,No,No,One year,Yes,Credit card,60.84,759.8,Yes
DEMO-01346,Male,Yes,No,No,72,Yes,Fiber optic,No internet service,No,Month-to-month,No,Credit card,122.45,8875.35,No
DEMO-01347,Male,No,Yes,No,67,Yes,No,No,No,Month-to-month,Yes,Electronic check,79.48,5345.85,Yes
DEMO-01348,Female,No,No,Yes,22,Yes,DSL,No,No,Month-to-month,Yes,Bank transfer,43.77,829.61,Yes
DEMO-01349,Male,No,Yes,Yes,9,Yes,No,No,Yes,Month-to-month,Yes,Credit card,74.93,690.94,No
DEMO-01350,Female,No,No,No,12,Yes,DSL,Yes,Yes,Two year,Yes,Credit card,97.54,1387.05,Yes
DEMO-01351,Female,No,Yes,Yes,59,Yes,DSL,No,No,Two year,Yes,Bank transfer,20.0,1210.75,Yes
DEMO-01352,Female,No,Yes,No,7,Yes,Fiber optic,Yes,No,Month-to-month,No,Electronic check,76.41,627.58,Yes
DEMO-01353,Female,No,No,No,31,Yes,Fiber optic,Yes,No,Month-to-month,Yes,Bank transfer,62.69,1973.11,Yes
DEMO-01354,Female,No,No,No,53,Yes,Fiber optic,No,No,Two year,No,Bank transfer,30.95,1719.17,No
DEMO-01355,Male,No,Yes,Yes,11,Yes,DSL,No internet service,Yes,Month-to-month,No,Bank transfer,74.05,742.75,No
DEMO-01356,Female,No,No,No,31,Yes,No,Yes,No,Month-to-month,Yes,Electronic check,68.59,2114.15,Yes
DEMO-01357,Male,No,Yes,No,23,Yes,Fiber optic,No,No,Month-to-month,No,Credit card,71.4,1730.21,Yes
DEMO-01358,Male,No,No,No,20,Yes,No,No,Yes,One year,No,Mailed check,63.29,1230.78,No
DEMO-01359,Male,No,No,Yes,18,Yes,DSL,No internet service,Yes,Month-to-month,Yes,Electronic check,46.47,943.68,Yes
DEMO-01360,Female,No,No,No,56,Yes,Fiber optic,No,No,One year,Yes,Electronic check,35.63,1894.93,No
DEMO-01361,Male,No,No,No,72,Yes,DSL,No,No,Month-to-month,No,Electronic check,54.73,3946.44,No
DEMO-01362,Male,No,No,No,25,Yes,Fiber optic,No,Yes,One year,No,Mailed check,93.48,2311.11,No
DEMO-01363,Female,No,No,No,40,Yes,DSL,No,No,Month-to-month,No,Electronic check,77.83,3377.03,No
DEMO-01364,Female,No,No,No,31,Yes,DSL,Yes,Yes,Month-to-month,Yes,Mailed check,70.27,2139.39,No
DEMO-01365,Female,No,Yes,No,6,Yes,Fiber optic,Yes,No,Month-to-month,Yes,Electronic check,46.01,318.08,Yes
DEMO-01366,Female,No,No,No,25,Yes,Fiber optic,No,No,Month-to-month,No,Electronic check,62.65,1367.11,Yes
DEMO-01367,Female,Yes,No,No,4,Yes,Fiber optic,No,No,Month-to-month,Yes,Electronic check,90.43,244.94,No
DEMO-01368,Male,No,No,Yes,21,Yes,Fiber optic,No,No,Month-to-month,No,Mailed check,84.62,1807.6,Yes
DEMO-01369,Male,No,No,Yes,30,Yes,Fiber optic,No,No,Month-to-month,Yes,Mailed check,60.07,1775.71,No
DEMO-01370,Male,Yes,Yes,No,50,No,Fiber optic,Yes,No,Month-to-month,Yes,Mailed check,20.0,975.54,Yes
DEMO-01371,Male,No,Yes,No,37,Yes,Fiber optic,No,No,Two year,No,Bank transfer,55.13,2007.31,Yes
DEMO-01372,Female,No,Yes,No,57,Yes,No,No,No,Month-to-month,No,Mailed check,59.93,3397.51,No
DEMO-01373,Male,Yes,Yes,No,15,Yes,No,Yes,No,Two year,No,Bank transfer,49.32,568.65,No
DEMO-01374,Male,No,No,No,71,Yes,DSL,No internet service,No,Two year,No,Electronic check,61.67,4369.89,No
DEMO-01375,Male,Yes,No,No,72,Yes,Fiber optic,No,Yes,Month-to-month,Yes,Mailed check,92.41,6631.59,Yes
DEMO-01376,Male,No,No,Yes,4,No,No,No internet service,No,One year,No,Electronic check,71.07,390.93,Yes
DEMO-01377,Male,No,Yes,Yes,7,Yes,No,No,Yes,Two year,Yes,Mailed check,96.74,760.69,Yes
DEMO-01378,Female,No,No,No,30,No,Fiber optic,No internet service,No,One year,No,Bank transfer,34.29,745.83,Yes
DEMO-01379,Male,No,Yes,No,20,Yes,Fiber optic,Yes,Yes,Month-to-month,No,Credit card,64.37,1213.94,Yes
DEMO-01380,Male,No,No,No,22,Yes,Fiber optic,No internet service,Yes,Month-to-month,No,Bank transfer,23.52,697.65,No
DEMO-01381,Male,No,No,No,37,Yes,No,No internet service,Yes,Month-to-month,Yes,Mailed check,61.34,2360.17,No
DEMO-01382,Male,No,Yes,No,58,Yes,Fiber optic,Yes,No,Month-to-month,No,Electronic check,45.86,2708.97,No
DEMO-01383,Male,No,No,No,15,Yes,DSL,No,No,Two year,Yes,Credit card,104.03,1510.18,No
DEMO-01384,Female,No,No,No,65,Yes,No,Yes,Yes,Two year,No,Electronic check,82.24,5419.61,No
DEMO-01385,Female,No,Yes,Yes,17,Yes,Fiber optic,No,Yes,Month-to-month,No,Electronic check,97.37,1503.76,Yes
DEMO-01386,Male,No,No,Yes,72,No,DSL,No internet service,No,One year,No,Electronic check,61.27,4354.85,No
DEMO-01387,Male,No,Yes,No,71,Yes,DSL,Yes,No,Month-to-month,No,Credit card,46.51,3336.69,No
DEMO-01388,Female,No,Yes,Yes,19,Yes,Fiber optic,No,Yes,Two year,No,Credit card,45.71,929.25,No
DEMO-01389,Female,No,Yes,No,9,Yes,Fiber optic,Yes,No,Month-to-month,Yes,Electronic check,78.64,729.4,Yes
DEMO-01390,Male,No,Yes,Yes,19,Yes,Fiber optic,No,No,Two year,No,Electronic check,117.25,2267.11,Yes
DEMO-01391,Female,No,No,No,17,Yes,DSL,Yes,Yes,Two year,No,Credit card,82.31,1415.69,No
DEMO-01392,Female,No,No,No,46,Yes,DSL,No internet service,No,Month-to-month,Yes,Electronic check,62.63,2849.45,Yes
DEMO-01393,Female,No,Yes,No,4,Yes,Fiber optic,No,Yes,Month-to-month,No,Electronic check,67.28,403.19,No
DEMO-01394,Male,No,Yes,Yes,7,Yes,DSL,Yes,No,Two year,Yes,Mailed check,71.22,683.68,Yes
DEMO-01395,Female,No,No,No,45,Yes,Fiber optic,No internet service,No,Month-to-month,Yes,Mailed check,122.67,5515.07,Yes
DEMO-01396,Male,No,Yes,No,16,Yes,Fiber optic,No,No,Month-to-month,No,Mailed check,102.84,1527.91,Yes
DEMO-01397,Female,No,No,Yes,21,Yes,DSL,No,No,Two year,Yes,Bank transfer,78.5,1625.01,No
DEMO-01398,Male,No,Yes,Yes,53,Yes,Fiber optic,No,Yes,One year,No,Bank transfer,74.74,3969.9,No
DEMO-01399,Male,No,Yes,No,60,Yes,DSL,No internet service,No,Month-to-month,No,Bank transfer,79.48,4547.8,Yes
DEMO-01400,Male,No,No,No,69,Yes,Fiber optic,No internet service,No,Month-to-month,No,Electronic check,84.36,5954.69,No
DEMO-01401,Male,No,No,No,50,Yes,Fiber optic,No,No,Month-to-month,No,Electronic check,61.67,3019.67,No
DEMO-01402,Male,No,Yes,Yes,26,Yes,Fiber optic,No,No,Two year,No,Credit card,50.9,1240.72,Yes
DEMO-01403,Male,No,Yes,No,25,Yes,No,No,Yes,Month-to-month,Yes,Electronic check,97.81,2411.29,No
DEMO-01404,Male,No,No,No,22,Yes,DSL,No,Yes,Month-to-month,Yes,Mailed check,72.55,1548.83,No
DEMO-01405,Female,No,Yes,Yes,11,Yes,No,No,Yes,Month-to-month,No,Electronic check,95.72,1058.59,Yes
DEMO-01406,Male,No,Yes,No,14,Yes,DSL,Yes,No,Two year,No,Electronic check,113.15,1663.07,No
DEMO-01407,Male,Yes,Yes,No,63,Yes,No,No,No,Month-to-month,No,Mailed check,85.02,5483.81,Yes
DEMO-01408,Female,Yes,Yes,No,17,No,DSL,No internet service,No,Two year,Yes,Electronic check,80.96,1455.37,No
DEMO-01409,Male,No,No,Yes,11,Yes,Fiber optic,Yes,Yes,One year,Yes,Bank transfer,150.0,1555.72,Yes
DEMO-01410,Female,No,No,No,66,Yes,DSL,No,No,Two year,Yes,Mailed check,77.18,5082.98,No
DEMO-01411,Male,No,Yes,No,36,Yes,Fiber optic,Yes,No,Two year,Yes,Credit card,44.74,1621.11,Yes
DEMO-01412,Female,No,Yes,No,72,Yes,DSL,No,No,Two year,No,Bank transfer,64.97,4708.56,Yes
DEMO-01413,Male,No,No,Yes,72,Yes,DSL,No internet service,Yes,Two year,Yes,Electronic check,110.79,8025.81,Yes
DEMO-01414,Female,No,No,No,12,Yes,DSL,Yes,Yes,Month-to-month,Yes,Credit card,39.65,483.58,Yes
DEMO-01415,Female,No,No,No,28,Yes,DSL,No,Yes,Two year,Yes,Credit card,53.19,1480.68,No
DEMO-01416,Female,No,No,Yes,13,Yes,Fiber optic,No,No,Month-to-month,Yes,Electronic check,99.66,1386.65,Yes
DEMO-01417,Female,No,Yes,No,13,Yes,Fiber optic,No internet service,No,Month-to-month,Yes,Bank transfer,65.21,834.45,Yes
DEMO-01418,Male,Yes,Yes,Yes,22,Yes,DSL,Yes,No,Two year,No,Bank transfer,69.24,1618.97,No
DEMO-01419,Male,No,No,No,47,Yes,No,No internet service,No,Two year,No,Bank transfer,98.83,4726.35,No
DEMO-01420,Female,No,Yes,No,47,Yes,Fiber optic,No internet service,No,One year,No,Electronic check,54.08,2687.03,No
DEMO-01421,Female,No,No,No,43,Yes,DSL,No internet service,No,Month-to-month,Yes,Electronic check,35.28,1538.82,Yes
DEMO-01422,Male,No,Yes,Yes,26,No,Fiber optic,No,No,Month-to-month,Yes,Electronic check,37.28,1113.65,No
DEMO-01423,Female,No,No,No,49,Yes,Fiber optic,No,Yes,Month-to-month,Yes,Electronic check,86.54,4210.11,Yes
DEMO-01424,Male,No,Yes,No,11,Yes,Fiber optic,No,Yes,Month-to-month,No,Mailed check,78.48,897.84,Yes
DEMO-01425,Female,Yes,No,No,36,No,No,Yes,No,Month-to-month,Yes,Credit card,54.69,2045.34,No
DEMO-01426,Female,No,No,Yes,31,Yes,Fiber optic,Yes,No,Month-to-month,Yes,Mailed check,43.03,1232.86,Yes
DEMO-01427,Female,No,No,Yes,25,Yes,No,No internet service,Yes,Month-to-month,No,Mailed check,65.24,1591.72,Yes
DEMO-01428,Female,No,Yes,No,37,Yes,Fiber optic,No internet service,No,One year,No,Electronic check,99.91,3629.88,Yes
DEMO-01429,Female,No,Yes,No,14,Yes,No,Yes,Yes,Month-to-month,Yes,Mailed check,51.1,709.64,Yes
DEMO-01430,Female,No,No,No,44,Yes,Fiber optic,No,No,Two year,Yes,Credit card,55.43,2385.65,Yes
DEMO-01431,Female,Yes,Yes,No,30,Yes,Fiber optic,No,No,One year,Yes,Credit card,42.24,1277.85,No
DEMO-01432,Male,No,No,Yes,8,Yes,Fiber optic,No,Yes,Month-to-month,Yes,Mailed check,62.81,494.69,Yes
DEMO-01433,Male,No,Yes,No,30,Yes,Fiber optic,No internet service,Yes,Month-to-month,No,Mailed check,80.45,2385.56,No
DEMO-01434,Male,No,No,No,20,Yes,DSL,No internet service,No,Month-to-month,Yes,Electronic check,124.88,2512.68,Yes
DEMO-01435,Female,No,No,No,64,Yes,DSL,No,No,Two year,Yes,Credit card,77.44,4887.92,No
DEMO-01436,Female,No,No,No,11,Yes,DSL,No internet service,No,Month-to-month,Yes,Electronic check,70.66,691.04,Yes
DEMO-01437,Male,Yes,No,No,12,Yes,DSL,Yes,No,Month-to-month,Yes,Mailed check,93.57,1003.52,Yes
DEMO-01438,Male,Yes,Yes,No,40,Yes,No,No,Yes,Two year,No,Mailed check,89.41,3397.6,No
DEMO-01439,Female,No,No,Yes,27,No,Fiber optic,Yes,Yes,Two year,No,Electronic check,57.56,1486.15,No
DEMO-01440,Male,No,Yes,No,26,Yes,DSL,No,No,Month-to-month,Yes,Electronic check,129.55,3422.18,Yes
DEMO-01441,Female,No,Yes,No,72,Yes,Fiber optic,No,No,Month-to-month,Yes,Credit card,71.39,5120.31,No
DEMO-01442,Female,No,No,No,48,Yes,DSL,Yes,Yes,Month-to-month,Yes,Electronic check,77.91,3740.9,No
DEMO-01443,Male,Yes,Yes,No,24,No,No,Yes,Yes,Month-to-month,Yes,Electronic check,85.78,2018.25,No
DEMO-01444,Male,No,No,Yes,7,Yes,No,No,Yes,Month-to-month,No,Electronic check,80.65,757.77,Yes
DEMO-01445,Female,No,Yes,No,23,Yes,DSL,No,Yes,One year,Yes,Electronic check,110.13,2549.54,No
DEMO-01446,Female,Yes,Yes,No,10,Yes,Fiber optic,Yes,No,Two year,Yes,Credit card,57.25,515.63,Yes
DEMO-01447,Male,Yes,No,No,14,Yes,No,No,No,Month-to-month,No,Bank transfer,91.58,1176.44,Yes
DEMO-01448,Female,No,Yes,No,15,Yes,Fiber optic,Yes,Yes,One year,No,Credit card,76.11,1312.97,No
DEMO-01449,Female,No,Yes,Yes,61,Yes,No,Yes,No,Month-to-month,No,Credit card,96.57,5750.58,Yes
DEMO-01450,Male,No,Yes,No,8,Yes,Fiber optic,No,Yes,Two year,Yes,Bank transfer,66.63,453.56,No
DEMO-01451,Female,No,Yes,No,57,Yes,DSL,Yes,No,One year,No,Bank transfer,63.24,3525.26,No
DEMO-01452,Female,No,No,Yes,42,No,Fiber optic,No,Yes,Two year,Yes,Mailed check,90.3,3789.13,No
DEMO-01453,Male,No,Yes,No,41,Yes,DSL,Yes,Yes,Two year,No,Bank transfer,80.95,3354.46,Yes
DEMO-01454,Male,No,Yes,No,14,Yes,No,Yes,Yes,Month-to-month,No,Bank transfer,51.49,727.7,Yes
DEMO-01455,Female,No,No,Yes,52,Yes,Fiber optic,No,No,Month-to-month,No,Bank transfer,105.64,5456.82,No
DEMO-01456,Male,No,No,Yes,12,Yes,DSL,Yes,No,Month-to-month,No,Mailed check,90.31,944.0,Yes
DEMO-01457,Female,No,Yes,No,72,Yes,Fiber optic,Yes,No,Month-to-month,No,Bank transfer,70.14,5235.74,Yes
DEMO-01458,Female,No,No,No,62,Yes,Fiber optic,No,No,Two year,No,Electronic check,60.29,3764.47,Yes
DEMO-01459,Female,No,No,No,72,No,No,Yes,Yes,Month-to-month,Yes,Bank transfer,81.1,5895.96,No
DEMO-01460,Female,No,Yes,No,31,Yes,Fiber optic,No,Yes,One year,No,Mailed check,88.51,2676.21,No
DEMO-01461,Female,Yes,Yes,No,27,Yes,Fiber optic,No,Yes,Month-to-month,No,Bank transfer,32.15,838.34,No
DEMO-01462,Female,No,No,Yes,22,No,DSL,No,Yes,Month-to-month,No,Mailed check,81.39,1907.87,Yes
DEMO-01463,Male,No,Yes,Yes,72,Yes,No,Yes,Yes,Month-to-month,Yes,Bank transfer,88.31,6137.8,Yes
DEMO-01464,Male,Yes,Yes,No,46,Yes,Fiber optic,Yes,No,One year,Yes,Bank transfer,20.0,996.35,No
DEMO-01465,Male,No,Yes,No,11,Yes,DSL,No,No,One year,No,Electronic check,76.9,821.2,No
DEMO-01466,Male,No,Yes,Yes,72,Yes,Fiber optic,No,No,Month-to-month,Yes,Mailed check,89.37,6476.24,Yes
DEMO-01467,Male,No,Yes,No,26,Yes,Fiber optic,No,No,Month-to-month,Yes,Electronic check,86.52,2416.01,No
DEMO-01468,Female,No,Yes,No,2,Yes,Fiber optic,Yes,No,One year,Yes,Electronic check,92.06,136.34,No
DEMO-01469,Male,No,Yes,No,16,Yes,DSL,No,No,Month-to-month,Yes,Electronic check,63.81,750.76,Yes
DEMO-01470,Female,No,Yes,No,62,Yes,Fiber optic,Yes,No,Two year,Yes,Credit card,46.0,2742.86,No
DEMO-01471,Male,No,No,No,42,Yes,No,No,Yes,Month-to-month,Yes,Credit card,27.01,1135.71,No
DEMO-01472,Male,No,No,Yes,48,Yes,DSL,No internet service,No,Month-to-month,No,Electronic check,99.31,4931.79,Yes
DEMO-01473,Male,Yes,No,No,71,Yes,DSL,No,No,Month-to-month,Yes,Credit card,89.58,6321.36,Yes
DEMO-01474,Male,No,Yes,No,6,Yes,No,Yes,Yes,Month-to-month,Yes,Mailed check,101.21,762.06,Yes
DEMO-01475,Female,Yes,No,No,17,Yes,Fiber optic,Yes,No,Month-to-month,Yes,Credit card,53.87,683.33,Yes
DEMO-01476,Female,No,Yes,Yes,32,Yes,Fiber optic,No,No,Month-to-month,No,Mailed check,92.1,2896.84,Yes
DEMO-01477,Female,No,Yes,No,63,Yes,No,No internet service,No,Two year,No,Bank transfer,34.43,2272.88,No
DEMO-01478,Female,No,No,Yes,12,Yes,DSL,Yes,No,Month-to-month,No,Mailed check,50.26,697.51,Yes
DEMO-01479,Female,Yes,Yes,Yes,23,Yes,No,Yes,No,Month-to-month,No,Electronic check,75.15,1533.03,No
DEMO-01480,Female,No,No,No,30,Yes,Fiber optic,No,Yes,Month-to-month,Yes,Electronic check,88.58,2573.4,Yes
DEMO-01481,Male,No,Yes,Yes,16,No,DSL,No,Yes,Month-to-month,Yes,Bank transfer,113.98,1809.84,No
DEMO-01482,Male,No,No,Yes,30,Yes,No,No internet service,Yes,One year,No,Credit card,66.0,1913.59,No
DEMO-01483,Male,No,No,No,27,Yes,Fiber optic,No,Yes,Month-to-month,Yes,Bank transfer,50.36,1476.65,Yes
DEMO-01484,Female,No,No,Yes,20,Yes,DSL,Yes,No,One year,Yes,Credit card,49.07,982.69,No
DEMO-01485,Male,No,No,No,52,Yes,No,No,No,Month-to-month,Yes,Electronic check,54.8,2705.16,No
DEMO-01486,Female,No,No,Yes,45,Yes,No,Yes,No,Two year,No,Credit card,127.53,5784.92,No
DEMO-01487,Male,No,Yes,No,53,Yes,No,No internet service,No,Month-to-month,Yes,Credit card,90.92,4870.13,Yes
DEMO-01488,Male,No,Yes,No,56,Yes,DSL,No,Yes,Two year,No,Mailed check,99.81,5474.44,No
DEMO-01489,Female,No,No,No,72,Yes,DSL,No internet service,No,Month-to-month,Yes,Mailed check,66.03,4665.06,No
DEMO-01490,Male,No,No,No,7,Yes,Fiber optic,Yes,No,Month-to-month,Yes,Electronic check,71.96,432.55,Yes
DEMO-01491,Female,No,No,No,8,No,No,No,No,Two year,Yes,Electronic check,89.48,852.5,Yes
DEMO-01492,Female,No,Yes,No,49,Yes,DSL,No,No,One year,Yes,Electronic check,59.36,2899.81,No
DEMO-01493,Female,Yes,Yes,Yes,21,Yes,Fiber optic,Yes,Yes,One year,Yes,Bank transfer,64.72,1138.19,No
DEMO-01494,Female,No,Yes,No,19,Yes,DSL,No,Yes,Month-to-month,Yes,Credit card,55.13,927.13,No
DEMO-01495,Female,No,Yes,No,17,Yes,Fiber optic,No,No,One year,Yes,Electronic check,60.81,1105.36,Yes
DEMO-01496,Male,No,No,Yes,54,Yes,Fiber optic,No,Yes,Two year,Yes,Credit card,73.22,3913.06,No
DEMO-01497,Male,No,Yes,Yes,72,Yes,DSL,Yes,Yes,One year,Yes,Credit card,51.46,3582.38,No
DEMO-01498,Female,No,Yes,No,56,Yes,Fiber optic,Yes,Yes,Month-to-month,No,Bank transfer,79.15,4394.56,No
DEMO-01499,Male,No,No,Yes,20,Yes,Fiber optic,Yes,No,One year,Yes,Credit card,79.11,1680.33,Yes
DEMO-01500,Male,No,No,No,53,Yes,Fiber optic,Yes,No,One year,No,Credit card,67.52,3796.17,Yes
DEMO-01501,Male,No,Yes,No,8,Yes,No,No,No,Two year,No,Electronic check,51.31,404.68,Yes
DEMO-01502,Male,No,No,No,25,Yes,DSL,Yes,No,Month-to-month,No,Credit card,74.62,1914.46,No
DEMO-01503,Male,No,Yes,No,6,Yes,DSL,Yes,Yes,Month-to-month,No,Mailed check,59.38,346.26,Yes
DEMO-01504,Female,No,Yes,Yes,21,Yes,Fiber optic,Yes,Yes,Two year,Yes,Electronic check,73.16,1558.25,Yes
DEMO-01505,Male,No,No,No,34,Yes,Fiber optic,No internet service,No,Month-to-month,No,Electronic check,99.45,3288.8,Yes
DEMO-01506,Female,No,Yes,No,72,Yes,DSL,No,No,One year,No,Bank transfer,40.68,3073.46,No
DEMO-01507,Female,No,No,No,66,Yes,No,No,No,Month-to-month,No,Credit card,126.34,8292.6,No
DEMO-01508,Male,No,Yes,No,6,Yes,DSL,No internet service,No,Month-to-month,No,Mailed check,70.19,311.19,Yes
DEMO-01509,Male,No,No,No,6,No,DSL,No,Yes,One year,Yes,Bank transfer,82.3,416.89,Yes
DEMO-01510,Male,No,No,No,16,Yes,No,Yes,No,Month-to-month,No,Electronic check,53.18,917.38,Yes
DEMO-01511,Female,No,No,Yes,72,Yes,No,No,Yes,Month-to-month,No,Credit card,100.56,7170.43,No
DEMO-01512,Female,No,Yes,No,6,Yes,Fiber optic,No internet service,No,One year,No,Electronic check,68.86,564.83,No
DEMO-01513,Male,No,Yes,No,17,Yes,DSL,No,Yes,One year,No,Bank transfer,62.15,1120.51,Yes
DEMO-01514,Female,No,Yes,No,17,Yes,Fiber optic,No internet service,No,Two year,No,Bank transfer,57.61,1065.52,Yes
DEMO-01515,Female,No,No,No,40,Yes,DSL,No,No,Month-to-month,No,Electronic check,65.29,2569.73,Yes
DEMO-01516,Female,No,Yes,Yes,53,Yes,Fiber optic,No,Yes,Month-to-month,Yes,Credit card,82.46,4308.24,No
DEMO-01517,Female,No,No,Yes,46,Yes,Fiber optic,No,No,Two year,No,Credit card,76.32,3514.01,No
DEMO-01518,Male,No,No,No,36,Yes,Fiber optic,No,Yes,Month-to-month,Yes,Mailed check,71.0,2437.28,Yes
DEMO-01519,Female,No,No,No,8,Yes,Fiber optic,No,No,Month-to-month,No,Bank transfer,54.21,480.92,Yes
DEMO-01520,Female,Yes,No,Yes,32,Yes,Fiber optic,No,Yes,Month-to-month,Yes,Credit card,52.77,1780.37,Yes
DEMO-01521,Male,No,Yes,No,72,Yes,DSL,No internet service,No,Month-to-month,Yes,Electronic check,60.48,4285.36,No
DEMO-01522,Female,No,Yes,Yes,72,Yes,DSL,No,No,Two year,Yes,Electronic check,83.51,6081.7,No
DEMO-01523,Male,No,Yes,No,40,Yes,No,No,No,One year,No,Bank transfer,88.56,3567.87,No
DEMO-01524,Female,No,Yes,No,6,Yes,DSL,No,No,One year,Yes,Bank transfer,91.93,663.2,No
DEMO-01525,Male,Yes,No,No,40,No,DSL,Yes,No,Month-to-month,No,Bank transfer,71.96,3042.76,No
DEMO-01526,Male,Yes,No,No,27,Yes,DSL,No,No,Month-to-month,Yes,Bank transfer,81.59,2281.1,No
DEMO-01527,Male,No,Yes,Yes,7,Yes,Fiber optic,No,No,Month-to-month,No,Bank transfer,67.79,468.9,No
DEMO-01528,Male,No,No,No,12,Yes,Fiber optic,Yes,Yes,Month-to-month,Yes,Electronic check,28.44,461.86,Yes
DEMO-01529,Male,No,Yes,No,14,Yes,Fiber optic,No,No,Month-to-month,Yes,Electronic check,66.6,937.13,Yes
DEMO-01530,Male,No,No,No,49,Yes,Fiber optic,No,Yes,Month-to-month,Yes,Electronic check,62.62,3041.83,No
DEMO-01531,Male,Yes,No,No,72,Yes,Fiber optic,No,Yes,Month-to-month,Yes,Mailed check,46.02,3252.46,Yes
DEMO-01532,Female,Yes,Yes,Yes,44,Yes,DSL,No,No,Month-to-month,No,Bank transfer,57.82,2553.86,No
DEMO-01533,Female,No,No,No,50,Yes,No,No,No,One year,Yes,Credit card,75.38,3869.52,No
DEMO-01534,Male,No,Yes,Yes,28,Yes,No,No internet service,No,Month-to-month,No,Mailed check,43.67,1119.61,No
DEMO-01535,Female,No,Yes,No,19,Yes,Fiber optic,No,No,Month-to-month,No,Bank transfer,54.23,906.35,No
DEMO-01536,Female,No,No,Yes,44,Yes,Fiber optic,No,No,One year,Yes,Electronic check,110.7,4748.77,No
DEMO-01537,Male,No,Yes,Yes,37,Yes,Fiber optic,No,No,One year,No,Mailed check,31.93,1283.6,No
DEMO-01538,Female,No,Yes,No,15,Yes,DSL,No internet service,Yes,Two year,No,Credit card,67.42,1051.12,No
DEMO-01539,Male,No,Yes,No,35,Yes,DSL,No,Yes,Month-to-month,Yes,Electronic check,42.84,1646.85,No
DEMO-01540,Male,No,Yes,No,30,Yes,No,Yes,Yes,Two year,Yes,Credit card,53.21,1544.4,No
DEMO-01541,Male,No,No,No,23,Yes,DSL,No,Yes,Month-to-month,Yes,Electronic check,67.06,1420.11,No
DEMO-01542,Female,No,No,No,18,Yes,DSL,No,No,Month-to-month,Yes,Mailed check,47.31,1007.28,Yes
DEMO-01543,Male,No,No,No,39,Yes,Fiber optic,No internet service,Yes,Month-to-month,Yes,Bank transfer,86.35,3294.11,Yes
DEMO-01544,Male,No,No,Yes,19,Yes,Fiber optic,No,Yes,Month-to-month,Yes,Credit card,105.78,2077.41,Yes
DEMO-01545,Male,Yes,Yes,Yes,72,Yes,Fiber optic,No,No,Month-to-month,Yes,Bank transfer,93.04,6565.46,No
DEMO-01546,Female,Yes,Yes,No,43,Yes,DSL,No,Yes,Month-to-month,Yes,Credit card,97.62,4215.74,No
DEMO-01547,Female,No,No,Yes,40,Yes,Fiber optic,No internet service,No,One year,Yes,Credit card,37.51,1484.09,No
DEMO-01548,Male,No,Yes,No,26,Yes,DSL,No,No,Month-to-month,No,Bank transfer,65.92,1571.52,Yes
DEMO-01549,Male,No,Yes,No,22,Yes,No,Yes,No,Month-to-month,Yes,Mailed check,83.69,2030.37,Yes
DEMO-01550,Male,No,Yes,No,4,Yes,DSL,No,No,Month-to-month,Yes,Mailed check,93.78,286.29,No
DEMO-01551,Male,No,No,Yes,16,Yes,DSL,Yes,No,Month-to-month,Yes,Bank transfer,115.83,1759.76,Yes
DEMO-01552,Female,No,Yes,No,6,Yes,Fiber optic,No internet service,No,Month-to-month,Yes,Bank transfer,98.73,526.94,Yes
DEMO-01553,Female,No,No,No,6,Yes,DSL,No,Yes,Month-to-month,Yes,Mailed check,94.41,348.55,Yes
DEMO-01554,Female,No,Yes,No,10,Yes,Fiber optic,Yes,No,Month-to-month,No,Mailed check,137.84,1345.68,No
DEMO-01555,Female,No,No,No,68,Yes,DSL,No,No,One year,Yes,Electronic check,74.41,4994.47,No
DEMO-01556,Male,No,Yes,No,67,Yes,Fiber optic,No,No,Two year,No,Electronic check,64.77,4438.82,No
DEMO-01557,Male,No,No,Yes,16,Yes,DSL,No,Yes,Month-to-month,Yes,Mailed check,76.43,1254.47,No
DEMO-01558,Male,No,Yes,Yes,8,Yes,Fiber optic,Yes,No,One year,Yes,Credit card,49.12,266.18,No
DEMO-01559,Male,No,No,No,21,Yes,DSL,No,No,Two year,No,Credit card,73.69,1482.15,Yes
DEMO-01560,Male,No,Yes,Yes,48,Yes,DSL,Yes,No,Two year,No,Credit card,28.83,1599.41,No
DEMO-01561,Female,No,Yes,Yes,59,Yes,DSL,No internet service,Yes,One year,No,Bank transfer,58.76,3375.65,No
DEMO-01562,Female,No,Yes,Yes,35,Yes,No,No internet service,Yes,Two year,No,Electronic check,69.12,2501.55,Yes
DEMO-01563,Female,Yes,Yes,No,39,Yes,Fiber optic,No,No,Two year,Yes,Bank transfer,95.74,3665.85,No
DEMO-01564,Male,No,Yes,No,36,Yes,DSL,No,No,Two year,No,Credit card,99.78,3491.78,No
DEMO-01565,Female,No,Yes,No,6,Yes,DSL,Yes,No,Month-to-month,No,Bank transfer,47.91,233.27,Yes
DEMO-01566,Female,Yes,Yes,Yes,8,Yes,DSL,Yes,No,Month-to-month,Yes,Mailed check,123.9,1138.24,Yes
DEMO-01567,Male,No,Yes,No,72,Yes,DSL,No,Yes,Month-to-month,No,Bank transfer,75.71,5304.38,No
DEMO-01568,Male,No,Yes,No,34,Yes,Fiber optic,No internet service,No,Month-to-month,Yes,Electronic check,78.0,2717.66,Yes
DEMO-01569,Female,Yes,No,No,3,Yes,Fiber optic,No,No,Month-to-month,No,Electronic check,31.56,216.62,Yes
DEMO-01570,Male,No,Yes,No,41,Yes,No,No internet service,No,Month-to-month,No,Electronic check,56.5,2261.3,Yes
DEMO-01571,Male,Yes,No,No,13,Yes,Fiber optic,No internet service,No,One year,Yes,Mailed check,98.25,1376.95,Yes
DEMO-01572,Female,No,Yes,Yes,62,Yes,DSL,No,Yes,Month-to-month,Yes,Credit card,76.24,4811.02,No
DEMO-01573,Male,No,Yes,No,57,Yes,DSL,Yes,Yes,Two year,No,Electronic check,74.7,4177.24,No
DEMO-01574,Male,No,Yes,No,47,Yes,DSL,No internet service,Yes,Month-to-month,Yes,Electronic check,77.68,3555.98,Yes
DEMO-01575,Male,No,No,No,34,Yes,DSL,Yes,Yes,Month-to-month,No,Credit card,35.92,1205.88,No
DEMO-01576,Female,No,Yes,No,72,Yes,Fiber optic,No internet service,No,Two year,Yes,Credit card,69.58,5020.58,No
DEMO-01577,Male,No,Yes,No,72,No,DSL,Yes,Yes,Two year,Yes,Bank transfer,107.21,7682.15,No
DEMO-01578,Female,No,No,Yes,14,Yes,DSL,No,No,Two year,Yes,Mailed check,99.17,1444.88,Yes
DEMO-01579,Male,No,No,No,46,Yes,DSL,Yes,Yes,Two year,No,Mailed check,68.87,3090.64,No
DEMO-01580,Female,No,Yes,No,18,Yes,Fiber optic,No,No,Two year,No,Bank transfer,111.09,1908.46,Yes
DEMO-01581,Female,Yes,No,Yes,12,Yes,DSL,No,No,Month-to-month,No,Credit card,40.52,486.63,No
DEMO-01582,Female,Yes,No,No,72,Yes,No,No,Yes,Month-to-month,No,Electronic check,47.71,3457.97,Yes
DEMO-01583,Female,No,No,No,51,No,Fiber optic,No,No,Month-to-month,No,Credit card,118.59,6179.28,No
DEMO-01584,Male,No,Yes,No,36,Yes,DSL,No,No,One year,Yes,Bank transfer,86.45,3157.63,No
DEMO-01585,Female,No,No,No,15,Yes,Fiber optic,No,No,Two year,Yes,Bank transfer,64.78,1042.64,No
DEMO-01586,Male,No,Yes,No,72,Yes,Fiber optic,No,Yes,Month-to-month,Yes,Electronic check,70.62,5050.14,Yes
DEMO-01587,Female,No,Yes,No,13,Yes,Fiber optic,No internet service,No,Month-to-month,Yes,Credit card,51.83,639.97,Yes
DEMO-01588,Female,No,Yes,Yes,10,Yes,Fiber optic,No internet service,Yes,Month-to-month,Yes,Bank transfer,78.91,725.55,Yes
DEMO-01589,Female,No,Yes,No,30,Yes,DSL,Yes,No,Month-to-month,No,Mailed check,76.93,2326.18,Yes
DEMO-01590,Female,No,No,Yes,48,Yes,DSL,No,Yes,Month-to-month,Yes,Mailed check,72.5,3494.56,No
DEMO-01591,Male,No,No,No,23,Yes,DSL,Yes,No,Month-to-month,Yes,Electronic check,43.01,998.91,Yes
DEMO-01592,Male,No,Yes,No,72,Yes,Fiber optic,Yes,No,Two year,No,Electronic check,78.62,5640.38,No
DEMO-01593,Male,No,Yes,Yes,34,Yes,Fiber optic,No,Yes,Month-to-month,No,Electronic check,58.76,1993.58,No
DEMO-01594,Male,Yes,No,No,18,Yes,Fiber optic,No internet service,No,Two year,Yes,Electronic check,47.35,1017.99,Yes
DEMO-01595,Male,No,No,No,20,Yes,No,No,No,One year,No,Mailed check,103.67,2100.83,No
DEMO-01596,Female,No,Yes,Yes,72,Yes,Fiber optic,No internet service,Yes,Month-to-month,No,Bank transfer,126.24,9147.62,No
DEMO-01597,Female,No,Yes,No,28,Yes,No,No,No,Month-to-month,Yes,Bank transfer,120.57,3422.85,Yes
DEMO-01598,Male,No,Yes,Yes,72,Yes,Fiber optic,No internet service,No,Two year,No,Bank transfer,88.25,6336.58,No
DEMO-01599,Male,Yes,No,No,5,Yes,Fiber optic,No,No,Month-to-month,Yes,Electronic check,65.36,380.49,Yes
DEMO-01600,Female,No,Yes,No,63,Yes,Fiber optic,Yes,Yes,Two year,Yes,Mailed check,70.24,4427.2,No
DEMO-01601,Female,No,Yes,No,15,Yes,DSL,No,Yes,Month-to-month,No,Bank transfer,82.14,1107.07,No
DEMO-01602,Male,No,No,No,52,Yes,DSL,No,Yes,One year,No,Bank transfer,61.49,3139.42,No
DEMO-01603,Male,No,No,No,15,Yes,Fiber optic,No,No,Two year,No,Electronic check,104.97,1773.9,Yes
DEMO-01604,Male,No,Yes,No,21,Yes,DSL,Yes,Yes,Month-to-month,Yes,Credit card,21.11,559.99,No
DEMO-01605,Female,No,No,Yes,11,Yes,DSL,No internet service,No,Month-to-month,Yes,Credit card,64.61,680.82,Yes
DEMO-01606,Male,No,No,Yes,53,Yes,Fiber optic,No,No,Two year,Yes,Credit card,92.03,4945.08,No
DEMO-01607,Female,No,Yes,No,59,Yes,Fiber optic,No,No,Month-to-month,Yes,Bank transfer,50.87,3023.2,Yes
DEMO-01608,Male,No,No,No,16,Yes,DSL,No,No,Month-to-month,Yes,Mailed check,66.0,1230.28,No
DEMO-01609,Male,No,No,Yes,7,Yes,DSL,No,No,Month-to-month,No,Credit card,86.84,594.92,Yes
DEMO-01610,Male,No,Yes,No,72,Yes,No,No,No,Month-to-month,Yes,Credit card,109.96,7939.57,Yes
DEMO-01611,Female,No,Yes,No,18,Yes,No,No internet service,No,One year,No,Credit card,39.65,633.99,No
DEMO-01612,Male,No,Yes,Yes,27,Yes,Fiber optic,No,No,One year,No,Credit card,37.8,1007.16,Yes
DEMO-01613,Male,Yes,No,No,13,Yes,DSL,No internet service,Yes,Month-to-month,No,Credit card,48.35,354.43,Yes
DEMO-01614,Female,Yes,Yes,Yes,50,Yes,Fiber optic,No,Yes,Two year,No,Bank transfer,33.56,1703.97,No
DEMO-01615,Male,No,Yes,Yes,50,Yes,DSL,No,No,Month-to-month,No,Electronic check,35.34,1867.35,No
DEMO-01616,Male,Yes,No,No,72,Yes,Fiber optic,No,Yes,Month-to-month,Yes,Bank transfer,47.68,3602.18,No
DEMO-01617,Female,No,Yes,No,64,No,Fiber optic,Yes,Yes,One year,No,Bank transfer,102.84,6629.86,Yes
DEMO-01618,Female,No,No,Yes,61,Yes,Fiber optic,No,Yes,Two year,No,Credit card,64.2,3879.66,No
DEMO-01619,Male,Yes,Yes,No,28,Yes,Fiber optic,No,No,Month-to-month,Yes,Mailed check,72.78,1955.7,Yes
DEMO-01620,Male,No,No,No,26,Yes,No,Yes,Yes,Month-to-month,No,Mailed check,48.11,1203.33,Yes
DEMO-01621,Female,No,No,No,49,Yes,Fiber optic,No,Yes,Month-to-month,No,Credit card,87.84,4144.31,No
DEMO-01622,Male,Yes,Yes,No,27,Yes,Fiber optic,No,No,Two year,Yes,Mailed check,118.89,3184.85,No
DEMO-01623,Female,No,Yes,No,65,Yes,Fiber optic,No internet service,Yes,Month-to-month,No,Electronic check,49.81,3115.09,No
DEMO-01624,Female,No,Yes,No,13,Yes,Fiber optic,No,No,Month-to-month,No,Bank transfer,115.12,1436.84,Yes
DEMO-01625,Male,No,Yes,No,5,Yes,No,No,Yes,One year,Yes,Mailed check,81.11,385.12,No
DEMO-01626,Female,No,Yes,Yes,45,Yes,Fiber optic,No internet service,No,Month-to-month,Yes,Electronic check,72.42,3291.84,No
DEMO-01627,Female,No,No,No,19,Yes,No,Yes,No,Month-to-month,Yes,Bank transfer,82.0,1392.89,Yes
DEMO-01628,Male,No,Yes,No,11,No,Fiber optic,Yes,Yes,Month-to-month,No,Credit card,81.76,865.05,No
DEMO-01629,Female,No,No,No,72,Yes,DSL,No,No,Month-to-month,Yes,Electronic check,118.43,8595.56,No
DEMO-01630,Male,No,No,No,31,Yes,DSL,Yes,No,Month-to-month,No,Mailed check,85.01,2775.28,Yes
DEMO-01631,Male,No,Yes,No,9,Yes,DSL,No,No,Two year,No,Mailed check,85.53,762.34,Yes
DEMO-01632,Female,No,No,No,18,Yes,No,Yes,No,One year,Yes,Bank transfer,61.46,1326.0,No
DEMO-01633,Male,Yes,Yes,No,24,Yes,DSL,Yes,No,One year,Yes,Mailed check,92.98,2301.55,Yes
DEMO-01634,Male,No,Yes,Yes,44,Yes,DSL,Yes,Yes,Two year,No,Mailed check,48.08,2121.69,No
DEMO-01635,Female,No,Yes,No,18,Yes,DSL,Yes,Yes,Month-to-month,Yes,Bank transfer,74.73,1469.48,No
DEMO-01636,Male,No,Yes,No,27,Yes,Fiber optic,No,Yes,Month-to-month,Yes,Credit card,144.08,3839.45,No
DEMO-01637,Female,No,No,No,37,Yes,No,Yes,No,Two year,Yes,Electronic check,20.0,635.21,No
DEMO-01638,Female,Yes,Yes,No,42,Yes,No,No,No,Month-to-month,Yes,Bank transfer,77.83,3361.75,Yes
DEMO-01639,Female,Yes,Yes,No,28,Yes,DSL,No,Yes,One year,Yes,Credit card,78.79,2259.19,No
DEMO-01640,Male,No,No,No,72,Yes,Fiber optic,No,No,One year,Yes,Electronic check,66.3,4878.02,No
DEMO-01641,Male,No,No,No,50,Yes,DSL,No,No,Month-to-month,Yes,Credit card,66.89,3446.61,No
DEMO-01642,Male,No,Yes,No,48,Yes,No,No,Yes,Month-to-month,Yes,Mailed check,74.29,3766.95,Yes
DEMO-01643,Female,No,Yes,No,47,Yes,DSL,No,Yes,Month-to-month,No,Electronic check,65.7,2942.76,No
DEMO-01644,Male,No,No,No,66,No,No,No,Yes,Month-to-month,Yes,Electronic check,77.55,5082.85,No
DEMO-01645,Male,No,Yes,No,35,Yes,No,Yes,Yes,Month-to-month,Yes,Electronic check,59.81,2064.56,No
DEMO-01646,Female,No,No,Yes,12,Yes,Fiber optic,No,No,Month-to-month,No,Credit card,122.56,1587.39,No
DEMO-01647,Female,No,Yes,Yes,41,Yes,Fiber optic,No internet service,No,Two year,Yes,Bank transfer,65.7,2730.97,No
DEMO-01648,Male,No,Yes,No,45,Yes,DSL,No,No,Two year,No,Credit card,86.24,3997.86,Yes
DEMO-01649,Male,No,Yes,No,72,Yes,DSL,Yes,Yes,Two year,No,Bank transfer,55.27,4007.75,No
DEMO-01650,Male,No,Yes,No,11,Yes,Fiber optic,Yes,No,Month-to-month,Yes,Mailed check,95.33,1046.78,Yes
DEMO-01651,Male,No,No,No,14,No,DSL,Yes,Yes,Month-to-month,Yes,Credit card,90.34,1332.83,No
DEMO-01652,Female,Yes,Yes,Yes,31,Yes,Fiber optic,No internet service,No,Month-to-month,No,Credit card,82.48,2583.01,No
DEMO-01653,Female,Yes,No,No,48,Yes,Fiber optic,No,Yes,Month-to-month,Yes,Mailed check,46.32,2262.34,No
DEMO-01654,Male,Yes,Yes,No,9,No,No,No internet service,No,Two year,Yes,Credit card,53.19,543.9,Yes
DEMO-01655,Male,No,No,Yes,12,No,No,No internet service,No,Month-to-month,Yes,Credit card,114.15,1413.17,Yes
DEMO-01656,Male,No,No,Yes,56,Yes,DSL,No,Yes,Month-to-month,No,Mailed check,52.91,3061.23,No
DEMO-01657,Male,No,Yes,No,10,Yes,DSL,No,No,Two year,Yes,Electronic check,88.02,885.38,No
DEMO-01658,Female,Yes,Yes,Yes,14,Yes,Fiber optic,No,No,Month-to-month,No,Electronic check,48.38,694.28,Yes
DEMO-01659,Female,No,Yes,No,58,Yes,DSL,No,No,Month-to-month,No,Credit card,97.21,5538.09,No
DEMO-01660,Male,No,No,No,47,Yes,Fiber optic,Yes,No,Month-to-month,No,Bank transfer,54.84,2675.79,No
DEMO-01661,Female,No,No,Yes,18,Yes,Fiber optic,No,Yes,One year,Yes,Credit card,47.92,1033.69,No
DEMO-01662,Female,No,No,No,43,Yes,Fiber optic,No,No,One year,Yes,Credit card,54.19,2149.96,No
DEMO-01663,Male,Yes,No,Yes,38,Yes,Fiber optic,No,Yes,Month-to-month,Yes,Electronic check,58.15,2273.8,Yes
DEMO-01664,Female,No,No,No,28,Yes,No,Yes,No,Two year,No,Credit card,82.12,2284.76,No
DEMO-01665,Female,No,No,No,22,Yes,Fiber optic,No,Yes,Two year,No,Mailed check,73.73,1603.62,No
DEMO-01666,Male,No,Yes,Yes,42,No,No,Yes,No,Two year,Yes,Bank transfer,44.62,1936.81,Yes
DEMO-01667,Female,No,Yes,No,11,Yes,No,No,No,Month-to-month,Yes,Electronic check,71.3,781.33,Yes
DEMO-01668,Female,No,No,No,42,No,Fiber optic,No,No,Month-to-month,No,Electronic check,43.41,1862.47,Yes
DEMO-01669,Female,No,Yes,No,35,No,DSL,No,No,Two year,Yes,Mailed check,88.09,3047.18,No
DEMO-01670,Female,Yes,Yes,No,37,Yes,No,Yes,Yes,Month-to-month,No,Mailed check,92.67,3579.27,No
DEMO-01671,Male,Yes,No,Yes,14,Yes,DSL,No,No,One year,Yes,Electronic check,71.4,976.3,No
DEMO-01672,Female,No,Yes,No,72,Yes,Fiber optic,Yes,No,One year,No,Electronic check,78.79,5596.76,No
DEMO-01673,Female,Yes,Yes,No,18,No,Fiber optic,No,No,Month-to-month,Yes,Bank transfer,115.8,2119.1,Yes
DEMO-01674,Female,No,Yes,No,20,Yes,DSL,No,Yes,One year,Yes,Credit card,68.06,1277.71,No
DEMO-01675,Male,No,Yes,No,27,Yes,DSL,No,No,Two year,Yes,Electronic check,48.39,1330.01,No
DEMO-01676,Male,No,No,No,47,No,DSL,Yes,No,One year,Yes,Electronic check,86.48,4229.27,No
DEMO-01677,Male,No,No,No,36,Yes,No,No internet service,Yes,Month-to-month,Yes,Bank transfer,43.68,1568.0,No
DEMO-01678,Male,No,No,Yes,7,No,Fiber optic,No,No,Two year,Yes,Bank transfer,66.74,331.75,No
DEMO-01679,Male,No,Yes,Yes,30,Yes,No,No,No,Month-to-month,Yes,Bank transfer,57.03,1669.39,No
DEMO-01680,Female,Yes,No,No,32,No,No,Yes,No,One year,Yes,Credit card,54.45,1823.65,Yes
DEMO-01681,Male,No,Yes,No,72,No,Fiber optic,No,Yes,Two year,Yes,Electronic check,65.75,4744.69,No
DEMO-01682,Male,No,No,Yes,24,Yes,Fiber optic,No internet service,No,One year,No,Mailed check,94.5,2338.13,No
DEMO-01683,Male,No,Yes,Yes,44,Yes,Fiber optic,No internet service,Yes,Month-to-month,No,Credit card,99.64,4320.89,No
DEMO-01684,Female,No,No,No,72,Yes,DSL,No,Yes,Month-to-month,Yes,Bank transfer,95.16,6810.32,Yes
DEMO-01685,Male,No,No,No,67,Yes,No,No,Yes,Month-to-month,Yes,Bank transfer,80.41,5450.83,No
DEMO-01686,Male,Yes,Yes,No,13,Yes,No,Yes,Yes,Month-to-month,Yes,Credit card,65.56,1013.37,Yes
DEMO-01687,Male,No,Yes,Yes,52,Yes,DSL,Yes,No,Month-to-month,No,Electronic check,20.0,1001.27,No
DEMO-01688,Female,No,No,No,42,Yes,No,No,Yes,One year,No,Electronic check,81.19,3413.72,No
DEMO-01689,Female,No,No,No,23,No,DSL,No,Yes,Month-to-month,No,Electronic check,20.0,569.99,No
DEMO-01690,Female,No,No,No,52,Yes,No,No,No,One year,No,Credit card,23.92,1256.94,No
DEMO-01691,Male,No,Yes,Yes,13,Yes,Fiber optic,Yes,No,Two year,No,Credit card,67.96,947.26,Yes
DEMO-01692,Male,No,No,No,18,Yes,DSL,No,No,Month-to-month,Yes,Electronic check,78.61,1340.97,Yes
DEMO-01693,Female,No,No,No,27,Yes,No,No,No,One year,Yes,Mailed check,60.72,1639.8,No
DEMO-01694,Female,No,Yes,No,22,No,Fiber optic,No,Yes,One year,No,Bank transfer,110.39,2366.44,No
DEMO-01695,Male,Yes,Yes,No,48,Yes,DSL,No,No,Month-to-month,Yes,Electronic check,83.55,3841.84,Yes
DEMO-01696,Male,No,Yes,No,30,Yes,Fiber optic,No,No,Month-to-month,Yes,Credit card,65.76,1884.35,Yes
DEMO-01697,Male,No,No,No,21,Yes,Fiber optic,No internet service,Yes,Two year,No,Mailed check,106.66,2284.68,No
DEMO-01698,Male,No,No,Yes,66,Yes,Fiber optic,Yes,Yes,Two year,No,Credit card,111.13,7389.76,Yes
DEMO-01699,Female,No,Yes,No,47,Yes,Fiber optic,No,No,One year,Yes,Credit card,84.81,4062.93,No
DEMO-01700,Female,No,Yes,No,8,Yes,DSL,No,Yes,Two year,Yes,Electronic check,52.62,471.86,Yes
DEMO-01701,Male,No,No,Yes,8,No,DSL,No,Yes,Two year,Yes,Bank transfer,58.24,443.72,No
DEMO-01702,Male,No,Yes,No,21,Yes,Fiber optic,No internet service,Yes,Month-to-month,Yes,Bank transfer,35.83,569.12,Yes
DEMO-01703,Female,No,No,Yes,9,Yes,DSL,Yes,No,One year,Yes,Electronic check,70.94,524.05,No
DEMO-01704,Female,No,No,No,59,No,Fiber optic,No internet service,No,Month-to-month,No,Electronic check,45.75,2809.72,Yes
DEMO-01705,Female,No,No,No,19,Yes,No,No,No,Two year,Yes,Credit card,63.77,1127.42,Yes
DEMO-01706,Female,No,No,Yes,44,Yes,No,No internet service,No,Month-to-month,No,Bank transfer,78.52,3447.43,No
DEMO-01707,Female,No,Yes,No,51,Yes,Fiber optic,No,No,Month-to-month,Yes,Bank transfer,22.41,1149.19,No
DEMO-01708,Male,No,No,No,4,Yes,Fiber optic,Yes,Yes,Two year,Yes,Electronic check,40.41,23.12,Yes
DEMO-01709,Male,No,No,No,20,No,No,No,Yes,Month-to-month,Yes,Bank transfer,59.33,1219.82,No
DEMO-01710,Male,No,Yes,No,26,Yes,No,No internet service,No,One year,No,Bank transfer,70.69,1990.72,No
DEMO-01711,Female,Yes,No,No,37,No,DSL,Yes,No,Month-to-month,No,Electronic check,59.65,2205.17,Yes
DEMO-01712,Female,No,Yes,No,57,Yes,Fiber optic,No internet service,No,Two year,Yes,Electronic check,65.24,3691.75,Yes
DEMO-01713,Male,No,Yes,No,72,Yes,DSL,No,No,Two year,Yes,Mailed check,54.35,3797.36,No
DEMO-01714,Male,No,Yes,No,72,Yes,DSL,No internet service,No,Month-to-month,Yes,Bank transfer,35.77,2548.05,No
DEMO-01715,Male,Yes,Yes,No,29,Yes,DSL,No internet service,No,One year,Yes,Electronic check,58.63,1754.4,No
DEMO-01716,Male,No,Yes,No,29,Yes,Fiber optic,Yes,No,Month-to-month,Yes,Credit card,66.67,1932.79,Yes
DEMO-01717,Male,No,No,No,72,Yes,Fiber optic,No,No,One year,Yes,Electronic check,64.24,4581.31,No
DEMO-01718,Male,No,No,Yes,31,Yes,No,No,Yes,One year,No,Credit card,74.79,2419.08,No
DEMO-01719,Female,No,No,No,19,Yes,Fiber optic,No internet service,Yes,Two year,No,Electronic check,82.47,1540.77,No
DEMO-01720,Female,No,Yes,No,60,Yes,Fiber optic,No,Yes,Month-to-month,No,Bank transfer,89.04,5299.62,No
DEMO-01721,Female,No,Yes,Yes,39,Yes,DSL,No internet service,Yes,Month-to-month,No,Bank transfer,56.16,2204.36,No
DEMO-01722,Female,No,No,No,8,Yes,DSL,Yes,Yes,One year,No,Bank transfer,32.61,391.58,No
DEMO-01723,Male,No,Yes,No,24,Yes,DSL,No,No,One year,Yes,Credit card,103.79,2475.51,No
DEMO-01724,Male,No,No,Yes,10,Yes,No,No,No,Month-to-month,Yes,Electronic check,81.64,727.85,Yes
DEMO-01725,Female,Yes,Yes,Yes,2,Yes,DSL,No,No,Month-to-month,Yes,Electronic check,48.13,150.84,Yes
DEMO-01726,Female,No,Yes,No,72,Yes,Fiber optic,Yes,No,Month-to-month,Yes,Electronic check,78.94,5650.5,Yes
DEMO-01727,Female,Yes,Yes,Yes,34,Yes,DSL,No,No,Two year,Yes,Mailed check,98.7,3411.28,No
DEMO-01728,Female,No,Yes,No,25,Yes,Fiber optic,Yes,No,Month-to-month,Yes,Credit card,115.23,2675.88,Yes
DEMO-01729,Male,No,Yes,No,21,Yes,No,No,No,Month-to-month,No,Electronic check,78.27,1647.35,Yes
DEMO-01730,Female,No,Yes,Yes,31,Yes,No,No,Yes,Two year,Yes,Credit card,98.49,3028.33,No
DEMO-01731,Female,No,Yes,No,20,Yes,DSL,No internet service,No,Month-to-month,Yes,Mailed check,41.76,739.24,Yes
DEMO-01732,Female,No,Yes,No,13,No,No,Yes,No,One year,Yes,Credit card,71.1,803.0,No
DEMO-01733,Male,No,No,No,21,Yes,DSL,No,Yes,Month-to-month,Yes,Mailed check,63.62,1308.01,No
DEMO-01734,Female,No,No,Yes,72,No,No,No internet service,No,Two year,Yes,Credit card,80.56,5693.38,No
DEMO-01735,Male,Yes,No,Yes,59,Yes,DSL,No,Yes,One year,Yes,Bank transfer,112.28,6327.94,No
DEMO-01736,Female,Yes,No,No,21,No,Fiber optic,Yes,No,Two year,No,Credit card,78.25,1525.72,No
DEMO-01737,Male,No,No,Yes,72,Yes,Fiber optic,No internet service,No,Month-to-month,No,Bank transfer,48.56,3374.46,Yes
DEMO-01738,Male,Yes,Yes,No,29,Yes,No,No,No,Month-to-month,No,Mailed check,40.41,1174.82,No
DEMO-01739,Female,No,Yes,Yes,16,Yes,No,No,No,One year,Yes,Credit card,113.14,1691.36,No
DEMO-01740,Male,No,Yes,No,40,No,DSL,No,No,Month-to-month,No,Mailed check,84.84,3393.53,Yes
DEMO-01741,Female,No,No,No,72,Yes,No,Yes,Yes,Month-to-month,No,Electronic check,83.2,5895.09,No
DEMO-01742,Male,Yes,Yes,No,72,Yes,DSL,No,No,Month-to-month,No,Mailed check,63.41,4643.77,Yes
DEMO-01743,Male,No,No,No,17,Yes,DSL,No,No,Two year,Yes,Credit card,78.7,1375.37,Yes
DEMO-01744,Female,No,No,Yes,11,Yes,DSL,No,Yes,One year,No,Bank transfer,47.33,490.62,Yes
DEMO-01745,Male,No,Yes,No,23,Yes,DSL,No,Yes,One year,Yes,Electronic check,81.68,1893.03,No
DEMO-01746,Female,No,No,No,45,Yes,DSL,Yes,No,One year,Yes,Credit card,42.63,1975.83,No
DEMO-01747,Male,No,Yes,No,54,Yes,Fiber optic,Yes,Yes,Month-to-month,Yes,Mailed check,63.02,3409.19,No
DEMO-01748,Female,Yes,No,Yes,68,Yes,DSL,Yes,No,Month-to-month,Yes,Electronic check,55.93,3817.36,Yes
DEMO-01749,Female,No,No,No,35,Yes,Fiber optic,Yes,Yes,Month-to-month,No,Electronic check,20.0,489.27,No
DEMO-01750,Male,Yes,Yes,Yes,36,Yes,DSL,No,No,One year,No,Electronic check,63.33,2228.04,No
DEMO-01751,Male,Yes,No,No,34,Yes,Fiber optic,Yes,No,Month-to-month,No,Bank transfer,49.53,1606.16,Yes
DEMO-01752,Male,No,Yes,Yes,62,Yes,DSL,No internet service,No,Two year,Yes,Electronic check,66.74,4242.96,No
DEMO-01753,Male,No,Yes,No,54,No,DSL,Yes,No,Two year,Yes,Electronic check,72.04,3851.12,No
DEMO-01754,Female,No,No,Yes,16,Yes,Fiber optic,No internet service,Yes,Month-to-month,Yes,Mailed check,116.2,1791.73,No
DEMO-01755,Male,No,Yes,Yes,50,No,No,No,No,One year,No,Credit card,79.62,4039.09,No
DEMO-01756,Female,No,Yes,No,59,Yes,No,No,No,Month-to-month,Yes,Bank transfer,80.35,4588.75,No
DEMO-01757,Female,Yes,No,Yes,63,Yes,Fiber optic,No,No,Two year,No,Mailed check,84.39,5307.95,No
DEMO-01758,Male,No,Yes,No,39,Yes,No,No internet service,No,Two year,Yes,Bank transfer,93.8,3460.56,No
DEMO-01759,Male,No,Yes,No,37,Yes,Fiber optic,Yes,Yes,Two year,Yes,Electronic check,83.36,3012.29,No
DEMO-01760,Male,No,No,No,30,No,No,Yes,Yes,Month-to-month,Yes,Credit card,79.04,2324.91,No
DEMO-01761,Female,No,Yes,Yes,32,Yes,DSL,No internet service,Yes,Month-to-month,Yes,Electronic check,89.78,3018.67,Yes
DEMO-01762,Male,No,No,No,72,Yes,DSL,No,Yes,Month-to-month,No,Electronic check,20.0,1425.11,No
DEMO-01763,Female,No,No,No,33,Yes,DSL,Yes,No,Month-to-month,Yes,Mailed check,124.23,4010.54,No
DEMO-01764,Male,No,Yes,No,17,Yes,No,No,No,Month-to-month,Yes,Electronic check,111.74,1886.23,No
DEMO-01765,Female,No,No,Yes,39,No,DSL,Yes,Yes,Month-to-month,Yes,Electronic check,77.43,3163.83,Yes
DEMO-01766,Female,No,Yes,No,53,No,DSL,No,Yes,Two year,No,Bank transfer,36.67,1738.05,No
DEMO-01767,Female,No,Yes,No,61,Yes,Fiber optic,No,No,Month-to-month,Yes,Mailed check,102.26,6315.12,No
DEMO-01768,Male,No,Yes,Yes,13,Yes,No,Yes,Yes,Month-to-month,Yes,Electronic check,54.65,748.38,No
DEMO-01769,Male,No,Yes,Yes,72,Yes,Fiber optic,Yes,No,Two year,No,Bank transfer,85.35,6133.53,No
DEMO-01770,Male,No,No,No,51,Yes,Fiber optic,No,No,One year,Yes,Bank transfer,39.93,2005.37,No
DEMO-01771,Male,No,Yes,Yes,72,Yes,DSL,No,Yes,One year,No,Credit card,127.66,9335.23,No
DEMO-01772,Female,No,Yes,No,9,Yes,No,No,No,One year,No,Electronic check,35.94,395.3,Yes
DEMO-01773,Male,No,Yes,No,64,Yes,DSL,Yes,No,Two year,Yes,Credit card,73.72,4614.32,No
DEMO-01774,Female,No,No,No,12,Yes,DSL,No,No,One year,Yes,Bank transfer,20.0,242.23,No
DEMO-01775,Female,No,No,No,25,Yes,Fiber optic,No internet service,No,Month-to-month,Yes,Bank transfer,70.97,1898.77,Yes
DEMO-01776,Male,No,No,No,53,Yes,DSL,No internet service,Yes,One year,No,Electronic check,61.37,3306.4,No
DEMO-01777,Male,Yes,No,Yes,11,Yes,Fiber optic,No internet service,Yes,Month-to-month,Yes,Mailed check,100.43,1130.97,Yes
DEMO-01778,Female,No,No,No,20,No,Fiber optic,Yes,No,Month-to-month,No,Electronic check,61.37,1097.09,Yes
DEMO-01779,Female,No,No,No,9,Yes,DSL,No internet service,No,Month-to-month,No,Bank transfer,100.47,1135.57,Yes
DEMO-01780,Male,No,No,No,52,Yes,DSL,No,No,Month-to-month,Yes,Bank transfer,46.4,2484.94,No
DEMO-01781,Female,No,Yes,No,16,Yes,DSL,Yes,Yes,Two year,Yes,Electronic check,64.95,1217.55,Yes
DEMO-01782,Female,Yes,No,No,32,Yes,DSL,No,No,Month-to-month,Yes,Electronic check,65.45,2124.53,Yes
DEMO-01783,Female,No,Yes,Yes,42,Yes,No,No,Yes,Month-to-month,Yes,Credit card,84.39,3542.56,No
DEMO-01784,Male,No,Yes,Yes,39,Yes,Fiber optic,No,No,Month-to-month,No,Mailed check,81.21,3102.75,Yes
DEMO-01785,Female,No,Yes,Yes,36,Yes,DSL,No internet service,No,Two year,No,Bank transfer,90.06,3339.68,No
DEMO-01786,Male,No,Yes,Yes,36,Yes,DSL,No,No,Month-to-month,No,Credit card,78.67,2981.88,No
DEMO-01787,Female,Yes,No,No,9,No,No,No,No,One year,Yes,Electronic check,88.53,900.9,Yes
DEMO-01788,Male,No,Yes,Yes,26,No,No,Yes,No,Two year,Yes,Bank transfer,49.55,1513.87,No
DEMO-01789,Male,No,Yes,No,36,Yes,No,No,No,Month-to-month,Yes,Credit card,81.72,2955.03,No
DEMO-01790,Female,No,Yes,Yes,33,Yes,DSL,Yes,Yes,One year,No,Electronic check,112.21,3640.84,No
DEMO-01791,Female,No,Yes,No,29,Yes,Fiber optic,Yes,Yes,Month-to-month,No,Electronic check,30.0,895.73,Yes
DEMO-01792,Male,No,No,No,18,Yes,DSL,No,No,Month-to-month,Yes,Credit card,84.23,1596.55,No
DEMO-01793,Male,Yes,Yes,No,38,Yes,Fiber optic,No internet service,Yes,One year,No,Electronic check,88.92,3352.68,No
DEMO-01794,Male,Yes,No,No,44,Yes,Fiber optic,Yes,Yes,Two year,Yes,Electronic check,108.53,4770.98,No
DEMO-01795,Male,No,No,No,22,Yes,Fiber optic,No internet service,Yes,Month-to-month,No,Mailed check,90.15,2004.68,No
DEMO-01796,Female,No,Yes,No,61,Yes,DSL,No,Yes,One year,No,Credit card,74.51,4594.47,No
DEMO-01797,Female,No,Yes,No,72,Yes,Fiber optic,Yes,No,Month-to-month,No,Mailed check,82.75,5971.48,No
DEMO-01798,Male,No,No,No,32,No,DSL,No,No,Month-to-month,No,Electronic check,53.62,1736.93,Yes
DEMO-01799,Female,No,Yes,No,16,Yes,No,No,No,One year,No,Mailed check,62.3,1060.39,Yes
DEMO-01800,Male,No,No,No,11,Yes,DSL,No internet service,No,One year,Yes,Mailed check,38.61,501.58,Yes
DEMO-01801,Male,No,No,No,25,Yes,Fiber optic,No,Yes,One year,No,Bank transfer,109.18,2680.0,Yes
DEMO-01802,Female,No,No,No,30,Yes,DSL,Yes,No,Month-to-month,No,Credit card,83.25,2313.87,No
DEMO-01803,Female,No,No,Yes,11,Yes,Fiber optic,No,No,One year,Yes,Electronic check,49.1,436.28,Yes
DEMO-01804,Male,No,Yes,Yes,24,Yes,Fiber optic,No,No,One year,No,Bank transfer,78.78,1936.82,No
DEMO-01805,Male,No,Yes,No,59,No,Fiber optic,No,No,One year,No,Bank transfer,100.98,5884.74,No
DEMO-01806,Female,Yes,No,No,4,No,DSL,No,No,Month-to-month,Yes,Credit card,96.82,413.84,Yes
DEMO-01807,Female,No,No,No,34,Yes,DSL,No,Yes,Month-to-month,Yes,Bank transfer,48.81,1653.82,Yes
DEMO-01808,Female,No,No,No,20,Yes,DSL,No internet service,No,Month-to-month,Yes,Electronic check,20.0,406.69,Yes
DEMO-01809,Female,No,No,Yes,31,Yes,Fiber optic,Yes,No,Month-to-month,Yes,Bank transfer,81.88,2587.42,No
DEMO-01810,Female,No,No,No,72,Yes,DSL,Yes,Yes,Month-to-month,Yes,Bank transfer,49.83,3706.76,No
DEMO-01811,Female,No,Yes,Yes,30,Yes,DSL,No,No,Month-to-month,No,Bank transfer,87.56,2625.14,No
DEMO-01812,Male,Yes,Yes,No,27,No,DSL,No,Yes,One year,Yes,Electronic check,95.76,2481.31,No
DEMO-01813,Female,No,No,No,49,Yes,DSL,No,Yes,Month-to-month,Yes,Electronic check,99.84,4923.26,No
DEMO-01814,Male,No,Yes,No,39,Yes,DSL,No,No,Two year,Yes,Electronic check,115.62,4580.48,No
DEMO-01815,Male,No,Yes,No,34,Yes,Fiber optic,Yes,No,Month-to-month,No,Electronic check,102.91,3273.57,Yes
DEMO-01816,Female,No,No,No,40,Yes,DSL,No internet service,Yes,One year,No,Electronic check,115.74,4557.37,No
DEMO-01817,Female,Yes,No,No,70,Yes,No,Yes,Yes,Month-to-month,Yes,Electronic check,106.48,7456.52,No
DEMO-01818,Female,No,No,Yes,56,Yes,Fiber optic,No,Yes,Month-to-month,Yes,Electronic check,108.66,6036.93,Yes
DEMO-01819,Female,No,Yes,No,25,Yes,Fiber optic,No,Yes,One year,No,Electronic check,70.98,1787.95,No
DEMO-01820,Female,Yes,No,No,72,No,No,Yes,No,Two year,Yes,Credit card,39.77,2801.03,No
DEMO-01821,Female,No,Yes,No,21,Yes,Fiber optic,No,Yes,Month-to-month,No,Mailed check,134.06,2908.97,Yes
DEMO-01822,Male,Yes,No,Yes,34,Yes,Fiber optic,No,No,Month-to-month,Yes,Mailed check,73.57,2506.52,Yes
DEMO-01823,Female,Yes,No,Yes,37,Yes,DSL,Yes,No,One year,Yes,Bank transfer,102.72,3620.66,No
DEMO-01824,Female,No,No,No,25,Yes,Fiber optic,No,No,One year,No,Mailed check,58.24,1529.14,No
DEMO-01825,Male,Yes,No,No,72,Yes,DSL,No,No,Month-to-month,Yes,Electronic check,96.1,6998.69,No
DEMO-01826,Male,No,No,No,24,Yes,Fiber optic,No,Yes,Month-to-month,No,Bank transfer,20.0,476.27,Yes
DEMO-01827,Male,No,Yes,Yes,28,Yes,DSL,No,Yes,Month-to-month,No,Electronic check,61.74,1544.78,No
DEMO-01828,Male,No,No,No,62,Yes,Fiber optic,No internet service,Yes,Two year,Yes,Bank transfer,69.54,4401.68,No
DEMO-01829,Female,No,No,No,22,Yes,Fiber optic,No internet service,Yes,Month-to-month,Yes,Electronic check,83.57,1736.34,No
DEMO-01830,Female,No,Yes,No,10,No,DSL,No,No,Month-to-month,No,Mailed check,98.8,951.87,Yes
DEMO-01831,Male,No,Yes,Yes,34,Yes,DSL,No internet service,Yes,Two year,No,Electronic check,44.65,1460.68,No
DEMO-01832,Female,No,No,No,13,Yes,No,No,No,Month-to-month,Yes,Electronic check,88.5,1006.55,Yes
DEMO-01833,Male,No,Yes,No,12,Yes,DSL,No,No,Month-to-month,Yes,Bank transfer,102.67,1232.65,No
DEMO-01834,Male,No,No,Yes,4,Yes,DSL,No,Yes,Month-to-month,Yes,Electronic check,130.65,542.87,Yes
DEMO-01835,Female,No,Yes,Yes,4,No,DSL,No,Yes,Month-to-month,Yes,Mailed check,89.67,370.02,Yes
DEMO-01836,Male,No,Yes,No,5,Yes,No,No,No,Month-to-month,No,Electronic check,60.51,281.62,Yes
DEMO-01837,Male,No,Yes,No,72,Yes,Fiber optic,No,No,Month-to-month,No,Bank transfer,40.21,2820.62,Yes
DEMO-01838,Male,No,Yes,Yes,5,Yes,Fiber optic,Yes,Yes,One year,No,Bank transfer,117.73,735.56,No
DEMO-01839,Female,No,No,No,13,Yes,No,Yes,No,One year,No,Credit card,90.43,1194.12,No
DEMO-01840,Male,No,No,No,29,Yes,Fiber optic,No,Yes,Month-to-month,No,Bank transfer,71.45,1978.5,No
DEMO-01841,Male,No,Yes,No,48,Yes,No,No,No,One year,Yes,Credit card,31.5,1556.05,No
DEMO-01842,Female,No,No,Yes,51,Yes,Fiber optic,No,No,Month-to-month,Yes,Electronic check,48.72,2521.16,No
DEMO-01843,Male,No,Yes,No,16,Yes,No,No,Yes,Two year,Yes,Bank transfer,87.78,1466.01,No
DEMO-01844,Male,Yes,Yes,No,33,Yes,Fiber optic,No,Yes,Month-to-month,Yes,Mailed check,80.85,2664.83,Yes
DEMO-01845,Female,No,No,Yes,28,Yes,DSL,No,No,One year,No,Mailed check,23.34,591.26,No
DEMO-01846,Male,No,Yes,Yes,32,Yes,DSL,No,No,Month-to-month,No,Bank transfer,87.82,2673.3,No
DEMO-01847,Male,No,Yes,No,35,Yes,DSL,No,No,One year,Yes,Credit card,32.79,1094.62,No
DEMO-01848,Male,Yes,Yes,Yes,42,Yes,Fiber optic,Yes,No,Month-to-month,Yes,Bank transfer,105.85,4280.07,Yes
DEMO-01849,Female,No,No,Yes,20,Yes,No,No,No,One year,Yes,Electronic check,77.21,1574.28,No
DEMO-01850,Male,No,Yes,No,68,Yes,Fiber optic,No,No,Month-to-month,Yes,Mailed check,60.41,3947.26,No
DEMO-01851,Male,No,Yes,No,24,Yes,Fiber optic,No,No,Two year,No,Electronic check,96.75,2286.45,No
DEMO-01852,Male,No,No,Yes,72,Yes,Fiber optic,Yes,Yes,Month-to-month,No,Bank transfer,80.84,5893.38,No
DEMO-01853,Female,No,No,No,21,Yes,No,No,Yes,One year,Yes,Mailed check,105.12,2183.31,Yes
DEMO-01854,Female,No,Yes,No,34,Yes,Fiber optic,No,No,Two year,No,Electronic check,74.01,2510.43,No
DEMO-01855,Male,No,Yes,No,28,Yes,DSL,Yes,Yes,Two year,No,Electronic check,75.47,2157.51,No
DEMO-01856,Male,No,Yes,No,33,Yes,Fiber optic,No internet service,Yes,Month-to-month,Yes,Credit card,64.87,2192.04,Yes
DEMO-01857,Female,No,No,Yes,63,Yes,Fiber optic,Yes,Yes,Month-to-month,Yes,Electronic check,78.57,5053.7,No
DEMO-01858,Female,Yes,No,No,27,Yes,DSL,Yes,No,Month-to-month,Yes,Electronic check,114.45,3146.48,Yes
DEMO-01859,Male,No,Yes,No,12,Yes,DSL,No,No,Month-to-month,No,Electronic check,59.43,748.94,Yes
DEMO-01860,Female,No,No,No,19,No,DSL,No,No,One year,No,Mailed check,88.2,1479.65,No
DEMO-01861,Female,No,Yes,Yes,27,Yes,DSL,No,No,Two year,No,Electronic check,49.99,1373.9,No
DEMO-01862,Female,No,Yes,No,36,Yes,DSL,No,No,Two year,No,Bank transfer,20.33,897.74,No
DEMO-01863,Male,No,No,Yes,17,Yes,No,No internet service,No,Month-to-month,Yes,Electronic check,77.19,1376.97,Yes
DEMO-01864,Male,Yes,No,No,18,Yes,DSL,No internet service,No,One year,Yes,Electronic check,81.26,1559.64,Yes
DEMO-01865,Male,No,Yes,Yes,37,Yes,No,No,No,Two year,Yes,Electronic check,69.25,2494.82,Yes
DEMO-01866,Male,No,No,No,38,Yes,DSL,No,No,Two year,No,Electronic check,34.6,1307.91,No
DEMO-01867,Male,No,Yes,Yes,57,Yes,No,No,No,Month-to-month,Yes,Bank transfer,79.61,4594.23,No
DEMO-01868,Female,No,Yes,No,19,Yes,Fiber optic,No,No,Month-to-month,No,Electronic check,78.66,1538.84,Yes
DEMO-01869,Male,Yes,Yes,No,45,Yes,No,No,No,Two year,Yes,Bank transfer,49.78,2319.11,No
DEMO-01870,Male,No,Yes,No,28,Yes,Fiber optic,No,No,Month-to-month,Yes,Mailed check,38.16,955.05,No
DEMO-01871,Male,No,Yes,No,22,Yes,Fiber optic,Yes,No,Month-to-month,No,Electronic check,65.69,1365.87,No
DEMO-01872,Female,No,No,No,29,Yes,Fiber optic,No,Yes,Two year,No,Electronic check,88.32,2431.9,Yes
DEMO-01873,Male,No,No,No,32,Yes,Fiber optic,Yes,Yes,Two year,No,Bank transfer,82.42,2663.31,No
DEMO-01874,Female,Yes,No,No,10,Yes,Fiber optic,No,Yes,Two year,Yes,Mailed check,49.98,481.07,Yes
DEMO-01875,Female,No,No,No,11,Yes,DSL,No,No,Two year,Yes,Mailed check,75.42,810.16,No
DEMO-01876,Female,No,No,No,49,Yes,DSL,No internet service,Yes,Month-to-month,Yes,Credit card,94.18,4546.75,No
DEMO-01877,Female,Yes,No,No,23,Yes,No,Yes,No,Month-to-month,Yes,Electronic check,42.68,897.29,No
DEMO-01878,Female,No,Yes,No,36,Yes,DSL,No,Yes,Month-to-month,Yes,Mailed check,73.58,2649.06,No
DEMO-01879,Male,No,Yes,Yes,48,Yes,Fiber optic,Yes,Yes,One year,Yes,Mailed check,105.49,5174.26,No
DEMO-01880,Female,Yes,No,No,29,Yes,DSL,No,No,Month-to-month,No,Electronic check,40.13,1320.51,Yes
DEMO-01881,Male,No,No,No,45,Yes,Fiber optic,Yes,Yes,One year,Yes,Mailed check,100.89,4697.14,No
DEMO-01882,Male,No,No,Yes,32,Yes,DSL,Yes,Yes,Month-to-month,Yes,Bank transfer,112.48,3552.52,No
DEMO-01883,Male,No,No,No,33,Yes,Fiber optic,Yes,Yes,One year,No,Bank transfer,66.44,2074.22,No
DEMO-01884,Male,No,No,Yes,67,Yes,No,No,No,Month-to-month,Yes,Bank transfer,63.42,4337.51,No
DEMO-01885,Male,No,No,No,27,Yes,No,Yes,Yes,Month-to-month,Yes,Electronic check,97.83,2768.87,Yes
DEMO-01886,Male,No,No,No,49,Yes,DSL,No,No,Month-to-month,Yes,Mailed check,67.35,3341.91,No
DEMO-01887,Male,No,Yes,No,9,Yes,DSL,Yes,Yes,Month-to-month,Yes,Bank transfer,20.0,177.7,Yes
DEMO-01888,Female,No,Yes,Yes,35,No,No,No,Yes,Two year,No,Mailed check,69.53,2370.86,No
DEMO-01889,Male,No,Yes,No,72,Yes,DSL,Yes,Yes,Month-to-month,Yes,Bank transfer,83.76,6091.28,No
DEMO-01890,Male,No,Yes,No,72,Yes,DSL,Yes,Yes,Month-to-month,Yes,Bank transfer,90.5,6573.57,No
DEMO-01891,Male,No,Yes,No,9,No,Fiber optic,No internet service,No,One year,Yes,Mailed check,49.98,478.12,No
DEMO-01892,Female,No,Yes,No,23,Yes,Fiber optic,Yes,No,Month-to-month,Yes,Electronic check,65.25,1390.1,No
DEMO-01893,Female,No,Yes,No,14,Yes,DSL,Yes,No,Month-to-month,Yes,Bank transfer,96.42,1250.52,Yes
DEMO-01894,Female,No,No,No,28,Yes,DSL,No,No,Month-to-month,Yes,Bank transfer,70.5,1964.61,Yes
DEMO-01895,Male,No,No,No,55,Yes,No,Yes,Yes,Month-to-month,Yes,Electronic check,33.78,1962.09,No
DEMO-01896,Male,No,Yes,No,68,Yes,No,Yes,No,One year,No,Electronic check,102.94,7090.89,No
DEMO-01897,Female,No,No,Yes,70,Yes,Fiber optic,Yes,No,Month-to-month,Yes,Electronic check,66.65,4625.59,Yes
DEMO-01898,Male,No,Yes,Yes,8,Yes,Fiber optic,No,No,Month-to-month,Yes,Bank transfer,99.28,611.55,Yes
DEMO-01899,Female,No,Yes,No,32,Yes,No,No,No,Month-to-month,Yes,Electronic check,37.11,1321.05,Yes
DEMO-01900,Male,No,Yes,No,19,Yes,Fiber optic,No internet service,Yes,One year,Yes,Credit card,68.98,1434.71,Yes
DEMO-01901,Female,No,No,No,26,Yes,Fiber optic,Yes,No,Month-to-month,Yes,Credit card,84.74,2215.63,Yes
DEMO-01902,Female,No,No,No,21,Yes,Fiber optic,No internet service,No,Two year,Yes,Credit card,69.82,1423.22,Yes
DEMO-01903,Male,No,No,Yes,9,Yes,DSL,Yes,No,Month-to-month,Yes,Electronic check,42.42,351.06,Yes
DEMO-01904,Male,Yes,No,Yes,69,Yes,No,Yes,Yes,One year,Yes,Mailed check,20.0,1473.11,No
DEMO-01905,Male,No,No,No,17,Yes,Fiber optic,Yes,Yes,Month-to-month,Yes,Credit card,110.08,1925.05,Yes
DEMO-01906,Female,No,No,No,19,Yes,DSL,No,No,Month-to-month,Yes,Bank transfer,78.2,1443.0,No
DEMO-01907,Female,No,Yes,No,72,Yes,Fiber optic,No,No,Month-to-month,Yes,Electronic check,101.17,7504.4,No
DEMO-01908,Female,No,Yes,Yes,7,Yes,No,Yes,Yes,Two year,Yes,Credit card,95.22,513.54,No
DEMO-01909,Female,No,No,Yes,41,Yes,DSL,No,Yes,Two year,No,Bank transfer,86.92,3503.56,No
DEMO-01910,Female,No,No,No,60,Yes,Fiber optic,Yes,No,Month-to-month,No,Bank transfer,63.97,3780.28,Yes
DEMO-01911,Male,No,Yes,No,72,Yes,DSL,No,Yes,Month-to-month,No,Credit card,84.24,6075.89,No
DEMO-01912,Male,No,No,No,40,Yes,Fiber optic,No,Yes,Two year,Yes,Credit card,107.81,4425.64,No
DEMO-01913,Female,No,No,Yes,50,Yes,No,Yes,No,Month-to-month,Yes,Mailed check,74.08,3786.87,No
DEMO-01914,Male,No,No,Yes,60,Yes,No,No internet service,Yes,Month-to-month,No,Electronic check,119.54,7185.07,No
DEMO-01915,Female,No,Yes,Yes,28,Yes,No,Yes,Yes,Month-to-month,Yes,Bank transfer,34.51,833.57,Yes
DEMO-01916,Male,No,Yes,No,15,Yes,Fiber optic,Yes,No,One year,No,Bank transfer,31.83,572.97,No
DEMO-01917,Female,No,Yes,No,72,Yes,Fiber optic,No,Yes,One year,No,Bank transfer,96.7,6848.88,No
DEMO-01918,Female,No,Yes,No,46,Yes,Fiber optic,No internet service,Yes,One year,Yes,Mailed check,51.53,2330.2,No
DEMO-01919,Female,No,No,No,31,Yes,DSL,No,No,Two year,Yes,Bank transfer,123.08,3807.93,No
DEMO-01920,Female,No,Yes,Yes,9,Yes,Fiber optic,No internet service,No,Month-to-month,Yes,Bank transfer,105.43,868.12,Yes
DEMO-01921,Female,No,Yes,Yes,3,No,Fiber optic,Yes,No,Month-to-month,Yes,Credit card,111.69,252.37,Yes
DEMO-01922,Male,No,No,Yes,41,Yes,Fiber optic,No,No,Month-to-month,No,Credit card,94.11,3947.19,Yes
DEMO-01923,Male,No,No,Yes,2,Yes,Fiber optic,No,No,Month-to-month,Yes,Mailed check,48.96,243.34,Yes
DEMO-01924,Male,No,Yes,No,31,Yes,Fiber optic,No,No,Month-to-month,Yes,Bank transfer,30.52,938.72,Yes
DEMO-01925,Female,No,Yes,Yes,17,Yes,DSL,Yes,No,Month-to-month,Yes,Bank transfer,109.38,1681.56,No
DEMO-01926,Female,No,Yes,Yes,21,Yes,DSL,No,No,Month-to-month,No,Mailed check,34.51,752.76,Yes
DEMO-01927,Male,No,Yes,No,70,Yes,Fiber optic,No,Yes,One year,Yes,Electronic check,111.62,7743.79,No
DEMO-01928,Male,No,No,No,17,Yes,DSL,Yes,No,Month-to-month,Yes,Bank transfer,88.74,1544.64,Yes
DEMO-01929,Female,No,Yes,Yes,32,Yes,No,Yes,Yes,Month-to-month,No,Bank transfer,70.09,2272.43,Yes
DEMO-01930,Female,No,Yes,Yes,18,Yes,DSL,No,Yes,One year,No,Mailed check,83.05,1306.74,Yes
DEMO-01931,Female,Yes,Yes,Yes,38,Yes,No,No,No,One year,No,Credit card,83.63,3138.9,No
DEMO-01932,Male,No,No,Yes,35,Yes,DSL,No,Yes,One year,No,Credit card,66.94,2404.54,No
DEMO-01933,Female,No,No,No,31,Yes,No,No internet service,Yes,Two year,No,Credit card,107.64,3327.52,No
DEMO-01934,Male,No,No,No,60,Yes,Fiber optic,Yes,Yes,One year,No,Credit card,106.79,6297.76,Yes
DEMO-01935,Female,No,No,Yes,7,No,No,No,No,Month-to-month,No,Mailed check,75.89,596.86,Yes
DEMO-01936,Female,No,No,No,5,Yes,No,No internet service,No,Month-to-month,Yes,Credit card,57.0,118.45,Yes
DEMO-01937,Male,No,No,Yes,11,Yes,Fiber optic,No,No,One year,No,Credit card,104.65,1174.55,No
DEMO-01938,Female,Yes,No,No,35,Yes,DSL,No,No,Month-to-month,No,Bank transfer,21.44,696.49,Yes
DEMO-01939,Male,No,No,Yes,43,Yes,Fiber optic,No,No,Month-to-month,Yes,Electronic check,83.1,3616.71,Yes
DEMO-01940,Female,No,Yes,Yes,1,Yes,DSL,Yes,No,Month-to-month,No,Electronic check,90.49,67.68,Yes
DEMO-01941,Female,No,Yes,No,43,Yes,No,No,No,Month-to-month,No,Mailed check,51.29,2254.09,Yes
DEMO-01942,Female,No,Yes,Yes,24,Yes,No,Yes,Yes,Month-to-month,Yes,Bank transfer,96.34,2448.27,Yes
DEMO-01943,Female,No,No,Yes,72,Yes,DSL,No internet service,No,Month-to-month,Yes,Mailed check,71.34,5205.9,Yes
DEMO-01944,Male,Yes,Yes,No,40,Yes,Fiber optic,Yes,Yes,Two year,Yes,Credit card,58.36,2402.01,Yes
DEMO-01945,Female,No,Yes,No,72,Yes,DSL,No,No,Two year,No,Credit card,96.08,6976.05,No
DEMO-01946,Male,No,Yes,No,68,Yes,Fiber optic,No,Yes,Month-to-month,No,Electronic check,44.86,2878.8,No
DEMO-01947,Female,No,No,Yes,24,Yes,Fiber optic,No,No,Two year,Yes,Electronic check,93.73,2257.57,Yes
DEMO-01948,Female,No,No,No,55,Yes,Fiber optic,No,No,Month-to-month,No,Bank transfer,22.44,1261.17,Yes
DEMO-01949,Male,Yes,No,No,24,Yes,No,No,No,Two year,No,Electronic check,79.14,1954.65,Yes
DEMO-01950,Male,No,No,Yes,72,Yes,DSL,No internet service,No,Two year,No,Credit card,73.1,5254.75,No
DEMO-01951,Female,No,Yes,No,25,Yes,Fiber optic,No,No,Month-to-month,Yes,Credit card,58.51,1534.31,No
DEMO-01952,Male,No,Yes,No,44,Yes,Fiber optic,No,Yes,One year,Yes,Mailed check,81.74,3500.68,Yes
DEMO-01953,Female,No,Yes,No,72,Yes,DSL,Yes,Yes,Two year,Yes,Bank transfer,70.01,5240.0,No
DEMO-01954,Female,Yes,No,No,46,Yes,Fiber optic,No internet service,No,Two year,Yes,Credit card,98.37,4580.84,No
DEMO-01955,Female,No,Yes,Yes,22,Yes,DSL,No,Yes,Two year,Yes,Credit card,86.0,1799.97,Yes
DEMO-01956,Male,No,Yes,No,10,Yes,Fiber optic,No,No,Month-to-month,Yes,Bank transfer,83.32,968.75,Yes
DEMO-01957,Female,No,No,No,7,Yes,No,No internet service,Yes,Month-to-month,No,Credit card,79.3,443.5,Yes
DEMO-01958,Male,No,No,No,42,Yes,DSL,No,Yes,Two year,No,Bank transfer,60.2,2529.34,No
DEMO-01959,Female,No,No,No,29,No,DSL,No,Yes,One year,Yes,Electronic check,64.45,1880.58,No
DEMO-01960,Male,No,Yes,No,11,No,Fiber optic,No,Yes,One year,No,Bank transfer,78.21,819.32,No
DEMO-01961,Female,Yes,No,No,51,Yes,DSL,Yes,Yes,Month-to-month,Yes,Credit card,67.67,3438.96,No
DEMO-01962,Male,Yes,Yes,No,51,Yes,DSL,No,Yes,One year,Yes,Credit card,99.79,5095.62,No
DEMO-01963,Male,Yes,No,No,29,Yes,Fiber optic,No,Yes,Month-to-month,Yes,Electronic check,74.34,2048.53,Yes
DEMO-01964,Female,No,No,No,72,No,Fiber optic,No,No,One year,Yes,Mailed check,81.4,5888.14,Yes
DEMO-01965,Female,No,No,No,6,Yes,No,Yes,No,Month-to-month,No,Bank transfer,36.93,221.88,Yes
DEMO-01966,Male,No,Yes,Yes,22,Yes,Fiber optic,No,Yes,One year,Yes,Credit card,95.58,2297.15,No
DEMO-01967,Male,No,No,No,46,Yes,Fiber optic,No,Yes,Two year,Yes,Bank transfer,57.47,2792.01,No
DEMO-01968,Female,No,No,Yes,12,No,Fiber optic,No,Yes,Month-to-month,Yes,Electronic check,45.93,477.84,No
DEMO-01969,Female,No,Yes,Yes,55,Yes,DSL,Yes,Yes,Month-to-month,No,Credit card,113.15,6209.15,No
DEMO-01970,Male,No,Yes,No,66,Yes,Fiber optic,No,No,Month-to-month,Yes,Bank transfer,89.44,5833.68,Yes
DEMO-01971,Male,No,No,No,1,Yes,Fiber optic,Yes,Yes,Two year,No,Credit card,96.43,70.93,No
DEMO-01972,Female,Yes,No,Yes,72,Yes,No,No,No,One year,Yes,Credit card,83.36,6087.87,No
DEMO-01973,Female,Yes,No,Yes,44,Yes,DSL,No internet service,Yes,Month-to-month,Yes,Electronic check,69.67,3055.22,Yes
DEMO-01974,Male,No,Yes,No,20,Yes,Fiber optic,No,No,Month-to-month,Yes,Credit card,65.01,1250.3,No
DEMO-01975,Female,No,Yes,No,8,Yes,Fiber optic,No,No,Month-to-month,No,Mailed check,91.48,792.38,Yes
DEMO-01976,Male,No,Yes,No,60,Yes,DSL,No internet service,Yes,Month-to-month,No,Credit card,100.31,5824.93,No
DEMO-01977,Male,No,No,No,11,Yes,No,No internet service,Yes,Two year,Yes,Electronic check,70.3,734.66,No
DEMO-01978,Male,No,Yes,No,44,Yes,DSL,Yes,Yes,One year,Yes,Credit card,123.81,5584.64,No
DEMO-01979,Male,No,Yes,Yes,11,Yes,No,No,No,Month-to-month,Yes,Electronic check,67.07,879.53,Yes
DEMO-01980,Female,Yes,Yes,Yes,31,Yes,Fiber optic,No,No,Two year,No,Electronic check,37.15,1282.18,No
DEMO-01981,Female,No,No,No,58,Yes,DSL,Yes,Yes,Month-to-month,No,Credit card,28.96,1556.55,No
DEMO-01982,Female,No,Yes,No,21,Yes,Fiber optic,No,No,Two year,Yes,Electronic check,29.81,502.13,Yes
DEMO-01983,Male,No,Yes,No,72,Yes,DSL,No,No,Month-to-month,Yes,Electronic check,61.65,4389.43,Yes
DEMO-01984,Female,No,Yes,No,46,Yes,Fiber optic,No internet service,No,One year,Yes,Credit card,66.2,3046.45,No
DEMO-01985,Male,No,No,No,12,Yes,No,No internet service,Yes,Two year,No,Mailed check,89.06,995.42,No
DEMO-01986,Male,No,No,No,9,Yes,Fiber optic,Yes,No,Month-to-month,Yes,Bank transfer,71.28,473.46,Yes
DEMO-01987,Female,No,No,No,16,Yes,DSL,No,Yes,One year,Yes,Credit card,93.08,1582.06,No
DEMO-01988,Male,No,Yes,No,30,Yes,Fiber optic,No internet service,Yes,Two year,No,Mailed check,73.12,2269.72,No
DEMO-01989,Female,No,Yes,No,72,Yes,Fiber optic,No,No,Month-to-month,Yes,Electronic check,72.34,5149.41,Yes
DEMO-01990,Female,No,No,No,72,Yes,Fiber optic,No internet service,No,Month-to-month,No,Bank transfer,57.56,4215.52,No
DEMO-01991,Male,No,No,Yes,20,Yes,Fiber optic,No,Yes,One year,Yes,Bank transfer,107.56,2245.55,Yes
DEMO-01992,Male,No,No,No,19,Yes,Fiber optic,No,Yes,Month-to-month,No,Electronic check,33.71,402.5,Yes
DEMO-01993,Female,No,No,No,52,Yes,Fiber optic,No,No,Month-to-month,Yes,Bank transfer,79.53,4199.91,Yes
DEMO-01994,Male,No,No,No,52,Yes,Fiber optic,No internet service,No,Month-to-month,Yes,Mailed check,67.46,3501.83,Yes
DEMO-01995,Female,Yes,No,No,72,Yes,Fiber optic,No,No,One year,No,Electronic check,91.54,6339.56,No
DEMO-01996,Female,No,Yes,No,72,No,DSL,No,No,Month-to-month,No,Electronic check,71.48,5248.38,No
DEMO-01997,Male,No,No,Yes,15,Yes,Fiber optic,No,No,Month-to-month,Yes,Credit card,72.22,1091.24,Yes
DEMO-01998,Male,Yes,No,No,7,Yes,Fiber optic,No,No,Two year,No,Electronic check,65.33,297.69,Yes
DEMO-01999,Male,No,No,No,47,Yes,No,No,Yes,Month-to-month,Yes,Electronic check,106.83,5060.76,No
DEMO-02000,Female,No,No,No,36,Yes,No,No internet service,No,Two year,Yes,Credit card,72.06,2612.26,No
DEMO-02001,Female,No,No,Yes,3,Yes,No,No,No,Month-to-month,Yes,Mailed check,121.24,417.8,Yes
DEMO-02002,Male,Yes,Yes,No,7,Yes,DSL,No,No,Two year,Yes,Credit card,78.81,358.26,Yes
DEMO-02003,Male,No,Yes,No,45,Yes,Fiber optic,Yes,No,One year,Yes,Credit card,72.54,3234.25,No
DEMO-02004,Female,No,No,No,28,Yes,No,No internet service,Yes,Month-to-month,No,Mailed check,68.37,1816.28,No
DEMO-02005,Female,No,Yes,No,46,Yes,DSL,No,No,Two year,No,Mailed check,86.11,3944.76,No
DEMO-02006,Female,No,Yes,No,12,Yes,DSL,No internet service,No,Month-to-month,Yes,Electronic check,57.29,517.66,Yes
DEMO-02007,Male,No,No,No,48,Yes,DSL,No internet service,No,Month-to-month,No,Electronic check,75.64,3519.01,Yes
DEMO-02008,Female,No,No,No,39,Yes,Fiber optic,No,Yes,Month-to-month,Yes,Electronic check,72.2,2969.75,Yes
DEMO-02009,Female,No,Yes,No,51,Yes,Fiber optic,Yes,Yes,One year,Yes,Mailed check,80.13,4202.78,No
DEMO-02010,Male,No,No,No,21,Yes,DSL,No,No,Month-to-month,Yes,Mailed check,80.75,1792.91,Yes
DEMO-02011,Female,No,Yes,Yes,17,Yes,Fiber optic,Yes,No,Month-to-month,Yes,Credit card,82.05,1541.92,No
DEMO-02012,Female,No,No,No,8,Yes,Fiber optic,No,Yes,Month-to-month,No,Electronic check,74.37,408.0,Yes
DEMO-02013,Female,No,No,Yes,24,Yes,No,No internet service,Yes,Month-to-month,Yes,Mailed check,111.22,2663.62,Yes
DEMO-02014,Female,No,No,Yes,64,Yes,Fiber optic,No,Yes,Month-to-month,No,Electronic check,82.56,5308.23,Yes
DEMO-02015,Female,Yes,No,Yes,72,Yes,No,No,Yes,Month-to-month,Yes,Electronic check,137.15,9836.06,Yes
DEMO-02016,Female,No,No,No,11,Yes,Fiber optic,No,Yes,Month-to-month,Yes,Credit card,73.25,619.67,No
DEMO-02017,Female,No,Yes,No,30,Yes,No,No,No,Month-to-month,Yes,Bank transfer,95.97,2967.46,Yes
DEMO-02018,Female,No,Yes,Yes,72,No,Fiber optic,No internet service,No,One year,No,Mailed check,53.85,3938.98,No
DEMO-02019,Female,Yes,Yes,No,72,Yes,No,No,Yes,Month-to-month,Yes,Bank transfer,107.02,7643.37,Yes
DEMO-02020,Male,No,No,No,23,Yes,No,No,No,One year,Yes,Mailed check,54.39,1335.53,Yes
DEMO-02021,Female,No,No,No,68,Yes,Fiber optic,No,No,Month-to-month,Yes,Credit card,83.4,5683.63,No
DEMO-02022,Male,No,Yes,No,60,Yes,Fiber optic,No,No,Month-to-month,No,Mailed check,65.39,3986.78,No
DEMO-02023,Female,No,Yes,Yes,57,Yes,DSL,Yes,No,Month-to-month,Yes,Bank transfer,83.3,4656.66,No
DEMO-02024,Female,No,No,No,6,Yes,DSL,Yes,Yes,Month-to-month,No,Electronic check,66.13,420.65,Yes
DEMO-02025,Male,Yes,Yes,No,19,Yes,DSL,No internet service,No,Month-to-month,Yes,Mailed check,52.27,1018.05,Yes
DEMO-02026,Male,No,Yes,No,27,Yes,DSL,No,Yes,Two year,Yes,Bank transfer,65.21,1737.52,Yes
DEMO-02027,Female,No,Yes,No,27,Yes,Fiber optic,Yes,No,Month-to-month,No,Electronic check,110.54,2717.19,Yes
DEMO-02028,Female,No,Yes,No,29,Yes,DSL,No,No,Month-to-month,Yes,Bank transfer,83.68,2443.9,Yes
DEMO-02029,Female,No,Yes,Yes,72,Yes,No,No,No,One year,Yes,Bank transfer,39.78,2888.14,No
DEMO-02030,Male,No,Yes,No,24,Yes,Fiber optic,No internet service,Yes,Month-to-month,No,Electronic check,99.38,2290.56,Yes
DEMO-02031,Female,No,No,No,41,Yes,No,Yes,Yes,Month-to-month,Yes,Credit card,49.71,2095.34,Yes
DEMO-02032,Female,No,Yes,No,40,No,Fiber optic,Yes,Yes,Month-to-month,Yes,Electronic check,90.58,3647.67,Yes
DEMO-02033,Male,No,No,No,30,Yes,DSL,Yes,Yes,Month-to-month,Yes,Credit card,85.83,2615.85,Yes
DEMO-02034,Female,No,No,Yes,11,No,DSL,Yes,Yes,Month-to-month,No,Mailed check,87.41,923.76,Yes
DEMO-02035,Female,No,No,No,33,Yes,No,Yes,Yes,One year,Yes,Electronic check,118.33,3734.01,Yes
DEMO-02036,Female,No,Yes,Yes,3,Yes,DSL,No internet service,No,Two year,No,Electronic check,51.28,0.0,Yes
DEMO-02037,Female,No,Yes,Yes,44,Yes,Fiber optic,No internet service,Yes,Month-to-month,No,Bank transfer,87.27,3908.63,Yes
DEMO-02038,Male,No,No,No,3,No,DSL,No,No,One year,No,Bank transfer,103.49,201.08,No
DEMO-02039,Female,No,No,Yes,41,Yes,Fiber optic,No,No,One year,Yes,Bank transfer,55.92,2212.92,No
DEMO-02040,Male,No,No,No,18,Yes,DSL,No,Yes,Month-to-month,No,Mailed check,53.36,1044.44,Yes
DEMO-02041,Female,No,No,Yes,13,Yes,Fiber optic,No,No,One year,No,Electronic check,64.82,629.02,No
DEMO-02042,Female,No,No,Yes,52,Yes,DSL,No internet service,No,One year,Yes,Credit card,80.12,4005.59,No
DEMO-02043,Female,Yes,Yes,Yes,22,Yes,No,No internet service,No,Two year,No,Credit card,36.74,887.19,No
DEMO-02044,Male,Yes,Yes,No,31,Yes,DSL,No,No,Two year,Yes,Mailed check,85.79,2667.92,No
DEMO-02045,Male,Yes,Yes,No,6,Yes,DSL,No,No,Month-to-month,Yes,Credit card,36.79,21.39,Yes
DEMO-02046,Male,No,No,No,72,Yes,DSL,Yes,No,Month-to-month,No,Bank transfer,104.33,7467.8,No
DEMO-02047,Female,No,Yes,No,34,Yes,No,Yes,No,Month-to-month,Yes,Bank transfer,84.84,2902.16,Yes
DEMO-02048,Female,No,Yes,Yes,34,Yes,Fiber optic,No,No,Month-to-month,Yes,Bank transfer,119.83,3964.03,No
DEMO-02049,Female,Yes,No,No,44,Yes,Fiber optic,No,No,Month-to-month,Yes,Electronic check,88.72,3759.08,No
DEMO-02050,Female,Yes,No,Yes,1,Yes,Fiber optic,Yes,Yes,Two year,Yes,Electronic check,64.38,0.0,Yes
DEMO-02051,Female,No,No,No,72,Yes,No,No internet service,No,Month-to-month,No,Bank transfer,52.03,3830.8,No
DEMO-02052,Male,No,No,No,23,Yes,DSL,No,No,Month-to-month,No,Credit card,77.97,1897.64,No
DEMO-02053,Male,No,No,No,72,Yes,Fiber optic,No,No,Two year,No,Mailed check,71.24,5204.75,No
DEMO-02054,Male,No,No,No,23,Yes,No,No,No,Month-to-month,No,Electronic check,101.65,2461.18,Yes
DEMO-02055,Male,No,No,No,19,Yes,DSL,No,Yes,Month-to-month,Yes,Electronic check,48.78,1054.86,Yes
DEMO-02056,Male,No,Yes,Yes,42,Yes,DSL,No,Yes,Two year,Yes,Mailed check,122.52,4994.24,Yes
DEMO-02057,Female,No,No,No,72,Yes,Fiber optic,No,No,Month-to-month,No,Bank transfer,103.87,7578.77,Yes
DEMO-02058,Female,No,Yes,Yes,68,Yes,DSL,No,No,Month-to-month,No,Electronic check,66.91,4561.1,No
DEMO-02059,Female,No,No,No,46,Yes,DSL,No,Yes,Month-to-month,No,Electronic check,116.95,5569.66,No
DEMO-02060,Male,No,No,No,42,Yes,Fiber optic,No,No,Two year,No,Bank transfer,52.42,2540.23,No
DEMO-02061,Male,No,No,No,33,Yes,DSL,No,No,Month-to-month,Yes,Electronic check,77.14,2526.06,Yes
DEMO-02062,Male,No,No,No,72,Yes,Fiber optic,Yes,No,Month-to-month,No,Mailed check,40.09,2855.98,No
DEMO-02063,Male,No,No,No,53,Yes,Fiber optic,No,No,Month-to-month,Yes,Bank transfer,118.16,6224.11,Yes
DEMO-02064,Male,No,No,Yes,8,Yes,Fiber optic,Yes,Yes,Month-to-month,Yes,Electronic check,30.82,253.75,Yes
DEMO-02065,Male,Yes,Yes,No,13,Yes,Fiber optic,No,Yes,Two year,No,Mailed check,35.99,491.07,Yes
DEMO-02066,Female,No,Yes,No,47,Yes,Fiber optic,No,Yes,Month-to-month,No,Electronic check,56.13,2901.92,Yes
DEMO-02067,Male,Yes,Yes,Yes,11,Yes,Fiber optic,Yes,No,Two year,Yes,Mailed check,105.06,1169.98,Yes
DEMO-02068,Female,No,Yes,No,34,Yes,No,No internet service,Yes,Month-to-month,No,Credit card,95.87,3216.62,Yes
DEMO-02069,Male,No,No,No,56,No,Fiber optic,No,No,Month-to-month,No,Bank transfer,75.05,4204.11,No
DEMO-02070,Female,No,No,No,42,Yes,Fiber optic,No,No,Two year,Yes,Electronic check,97.47,4011.24,No
DEMO-02071,Female,Yes,Yes,Yes,9,Yes,No,No,Yes,Month-to-month,Yes,Electronic check,69.11,454.18,Yes
DEMO-02072,Female,No,Yes,No,14,Yes,Fiber optic,No,No,Month-to-month,Yes,Electronic check,82.56,1141.04,Yes
DEMO-02073,Male,Yes,No,Yes,43,Yes,DSL,Yes,No,Two year,Yes,Credit card,113.29,5104.81,No
DEMO-02074,Male,No,Yes,No,72,Yes,DSL,No,No,Month-to-month,Yes,Bank transfer,65.83,4828.6,Yes
DEMO-02075,Male,Yes,No,Yes,29,Yes,Fiber optic,No internet service,No,Month-to-month,Yes,Bank transfer,52.84,1484.39,Yes
DEMO-02076,Female,No,No,No,58,Yes,Fiber optic,No internet service,Yes,Two year,Yes,Electronic check,83.76,4893.17,Yes
DEMO-02077,Female,No,No,Yes,43,Yes,Fiber optic,Yes,Yes,Month-to-month,Yes,Credit card,90.51,4143.35,Yes
DEMO-02078,Female,No,No,No,18,Yes,Fiber optic,No,No,Month-to-month,Yes,Credit card,74.76,1365.57,Yes
DEMO-02079,Female,No,Yes,Yes,58,Yes,DSL,Yes,Yes,Month-to-month,No,Electronic check,97.08,5541.63,No
DEMO-02080,Male,No,Yes,No,6,Yes,Fiber optic,No internet service,No,Month-to-month,Yes,Mailed check,66.97,408.67,Yes
DEMO-02081,Female,No,Yes,No,55,Yes,Fiber optic,No internet service,Yes,Month-to-month,Yes,Mailed check,75.19,4199.64,No
DEMO-02082,Male,No,Yes,No,45,Yes,No,No,No,One year,Yes,Bank transfer,81.36,3702.86,No
DEMO-02083,Male,Yes,No,No,19,Yes,Fiber optic,No,No,Month-to-month,No,Mailed check,79.18,1649.7,No
DEMO-02084,Female,No,Yes,Yes,12,Yes,Fiber optic,Yes,No,One year,Yes,Electronic check,112.33,1357.94,Yes
DEMO-02085,Male,No,No,Yes,21,Yes,Fiber optic,No,Yes,Month-to-month,No,Bank transfer,81.24,1471.74,Yes
DEMO-02086,Female,Yes,No,Yes,17,No,Fiber optic,Yes,No,Month-to-month,Yes,Bank transfer,64.4,1141.98,Yes
DEMO-02087,Female,No,No,Yes,25,Yes,DSL,Yes,No,Month-to-month,Yes,Mailed check,85.2,2170.38,Yes
DEMO-02088,Male,No,Yes,Yes,23,Yes,Fiber optic,No,No,One year,Yes,Mailed check,97.22,2269.93,Yes
DEMO-02089,Female,No,No,Yes,19,Yes,DSL,No internet service,No,Month-to-month,No,Electronic check,91.36,1650.98,No
DEMO-02090,Female,Yes,Yes,No,5,Yes,DSL,Yes,No,Month-to-month,No,Mailed check,89.97,649.18,Yes
DEMO-02091,Male,No,Yes,Yes,10,Yes,Fiber optic,No,No,Two year,Yes,Credit card,34.55,236.75,Yes
DEMO-02092,Male,No,No,No,65,Yes,Fiber optic,No,No,One year,No,Bank transfer,20.0,1201.88,No
DEMO-02093,Female,No,No,No,20,Yes,Fiber optic,No,No,Month-to-month,Yes,Credit card,103.88,2054.72,Yes
DEMO-02094,Female,No,No,No,25,No,Fiber optic,Yes,No,Two year,Yes,Bank transfer,82.97,2206.89,Yes
DEMO-02095,Male,No,No,No,22,Yes,No,No,No,Month-to-month,No,Credit card,71.46,1709.09,No
DEMO-02096,Female,No,Yes,Yes,72,Yes,Fiber optic,Yes,Yes,Month-to-month,Yes,Mailed check,89.36,6497.94,No
DEMO-02097,Female,No,Yes,No,16,No,Fiber optic,No,Yes,Month-to-month,No,Electronic check,120.18,2012.22,Yes
DEMO-02098,Male,Yes,No,Yes,15,Yes,Fiber optic,No internet service,No,Month-to-month,Yes,Credit card,107.34,1479.85,Yes
DEMO-02099,Female,No,No,No,45,Yes,No,No,No,Month-to-month,Yes,Bank transfer,96.06,4152.72,Yes
DEMO-02100,Male,Yes,Yes,No,36,Yes,Fiber optic,No,Yes,One year,Yes,Credit card,49.83,1756.68,Yes
DEMO-02101,Male,No,Yes,No,46,Yes,Fiber optic,Yes,No,Month-to-month,No,Bank transfer,53.08,2530.24,No
DEMO-02102,Male,No,Yes,No,44,Yes,Fiber optic,No,Yes,Two year,No,Mailed check,20.0,971.17,No
DEMO-02103,Male,No,Yes,Yes,59,Yes,DSL,Yes,No,Two year,No,Electronic check,87.84,5095.65,No
DEMO-02104,Male,No,No,Yes,9,No,Fiber optic,No internet service,No,One year,No,Mailed check,99.72,799.76,Yes
DEMO-02105,Female,No,Yes,Yes,42,Yes,Fiber optic,No,No,One year,No,Bank transfer,101.75,4390.36,Yes
DEMO-02106,Male,No,Yes,Yes,15,Yes,DSL,No,No,One year,Yes,Credit card,88.89,1352.37,Yes
DEMO-02107,Male,No,Yes,Yes,4,Yes,Fiber optic,Yes,No,Two year,No,Credit card,68.15,65.43,No
DEMO-02108,Female,Yes,No,No,44,Yes,DSL,No,No,Month-to-month,Yes,Mailed check,57.89,2434.74,Yes
DEMO-02109,Female,No,No,No,42,Yes,No,Yes,No,Month-to-month,Yes,Mailed check,51.37,2206.05,No
DEMO-02110,Female,No,No,No,31,Yes,Fiber optic,No,No,Month-to-month,No,Electronic check,67.91,1986.58,Yes
DEMO-02111,Male,No,No,No,60,Yes,DSL,Yes,No,Month-to-month,Yes,Mailed check,47.55,2754.57,Yes
DEMO-02112,Female,No,Yes,No,16,Yes,Fiber optic,Yes,Yes,Month-to-month,Yes,Credit card,115.9,1759.6,Yes
DEMO-02113,Female,No,Yes,No,49,Yes,Fiber optic,Yes,Yes,One year,No,Bank transfer,39.44,2020.05,No
DEMO-02114,Male,No,Yes,Yes,27,Yes,Fiber optic,No,Yes,Month-to-month,No,Bank transfer,67.07,1809.94,No
DEMO-02115,Male,No,No,No,29,Yes,Fiber optic,Yes,Yes,Two year,Yes,Credit card,23.59,851.75,No
DEMO-02116,Female,No,No,No,4,Yes,DSL,No internet service,Yes,Month-to-month,Yes,Electronic check,79.41,274.74,Yes
DEMO-02117,Female,No,No,No,60,Yes,DSL,No,Yes,Month-to-month,Yes,Credit card,71.94,4295.31,No
DEMO-02118,Female,No,Yes,No,41,Yes,Fiber optic,No,No,Month-to-month,Yes,Bank transfer,63.08,2619.74,No
DEMO-02119,Female,Yes,No,No,48,Yes,Fiber optic,No,Yes,Month-to-month,Yes,Electronic check,48.68,2274.17,Yes
DEMO-02120,Female,No,Yes,No,14,Yes,Fiber optic,No,Yes,Month-to-month,No,Bank transfer,72.06,848.99,Yes
DEMO-02121,Male,No,No,Yes,38,Yes,DSL,Yes,Yes,Month-to-month,Yes,Electronic check,58.39,2183.56,No
DEMO-02122,Female,No,Yes,Yes,27,Yes,No,No,Yes,Month-to-month,Yes,Bank transfer,68.58,1776.8,No
DEMO-02123,Male,No,No,Yes,43,Yes,Fiber optic,Yes,No,Month-to-month,Yes,Electronic check,120.94,5187.74,No
DEMO-02124,Female,No,Yes,No,36,Yes,Fiber optic,No,No,Month-to-month,No,Electronic check,76.3,2686.98,No
DEMO-02125,Male,No,No,Yes,72,Yes,DSL,No,No,Month-to-month,No,Bank transfer,85.32,6188.11,No
DEMO-02126,Male,No,No,No,72,Yes,Fiber optic,Yes,No,Month-to-month,No,Mailed check,60.39,4312.89,No
DEMO-02127,Female,No,No,No,25,Yes,No,No,No,Month-to-month,No,Electronic check,52.39,1148.15,Yes
DEMO-02128,Male,Yes,Yes,No,44,Yes,DSL,No,No,Month-to-month,Yes,Credit card,71.43,3080.66,No
DEMO-02129,Female,No,Yes,No,23,Yes,Fiber optic,Yes,Yes,Month-to-month,Yes,Electronic check,134.6,2975.57,No
DEMO-02130,Male,No,No,No,59,Yes,Fiber optic,No,Yes,Month-to-month,Yes,Bank transfer,64.81,4015.95,No
DEMO-02131,Female,No,Yes,No,28,Yes,DSL,No internet service,No,One year,Yes,Bank transfer,81.04,2273.73,Yes
DEMO-02132,Male,Yes,Yes,No,21,Yes,DSL,No internet service,No,Two year,Yes,Electronic check,51.29,1143.81,No
DEMO-02133,Female,No,Yes,Yes,37,Yes,Fiber optic,Yes,No,Two year,No,Credit card,20.0,730.41,No
DEMO-02134,Female,Yes,Yes,No,69,Yes,DSL,Yes,Yes,Month-to-month,Yes,Mailed check,52.25,3788.64,Yes
DEMO-02135,Female,No,No,No,62,Yes,DSL,Yes,No,Month-to-month,Yes,Electronic check,131.52,8028.15,Yes
DEMO-02136,Male,Yes,Yes,No,22,Yes,No,No,No,Month-to-month,Yes,Mailed check,86.88,1832.2,No
DEMO-02137,Female,Yes,Yes,No,72,Yes,Fiber optic,No internet service,No,One year,Yes,Bank transfer,113.02,8248.73,No
DEMO-02138,Female,No,Yes,No,14,Yes,Fiber optic,Yes,No,One year,Yes,Electronic check,63.31,834.57,Yes
DEMO-02139,Male,No,Yes,No,19,Yes,Fiber optic,No,Yes,Two year,No,Electronic check,20.0,305.18,No
DEMO-02140,Male,No,Yes,No,57,Yes,Fiber optic,No,Yes,Two year,Yes,Bank transfer,44.28,2467.81,No
DEMO-02141,Female,No,Yes,No,4,Yes,Fiber optic,Yes,Yes,Month-to-month,No,Bank transfer,81.93,520.9,Yes
DEMO-02142,Female,No,Yes,No,32,Yes,DSL,Yes,Yes,One year,No,Electronic check,77.94,2698.54,No
DEMO-02143,Male,Yes,Yes,No,25,Yes,DSL,Yes,No,Two year,Yes,Mailed check,71.74,1834.47,No
DEMO-02144,Male,No,Yes,Yes,72,Yes,Fiber optic,No,Yes,Month-to-month,Yes,Electronic check,58.74,4248.95,No
DEMO-02145,Male,Yes,Yes,Yes,12,Yes,No,Yes,Yes,Two year,Yes,Electronic check,95.49,1224.22,No
DEMO-02146,Male,No,Yes,No,13,Yes,Fiber optic,No,Yes,Month-to-month,No,Bank transfer,59.47,812.36,Yes
DEMO-02147,Male,No,No,No,72,Yes,No,No internet service,No,Two year,No,Electronic check,79.7,5755.97,No
DEMO-02148,Female,No,No,No,25,Yes,Fiber optic,No,Yes,One year,Yes,Electronic check,76.88,1876.94,Yes
DEMO-02149,Female,No,No,No,67,Yes,Fiber optic,No,Yes,Month-to-month,Yes,Electronic check,62.79,4145.36,No
DEMO-02150,Male,No,Yes,No,22,Yes,Fiber optic,No,No,One year,No,Bank transfer,49.97,1148.95,No
DEMO-02151,Female,No,No,No,18,No,DSL,No internet service,Yes,Month-to-month,Yes,Bank transfer,61.32,1117.67,No
DEMO-02152,Female,No,Yes,No,70,Yes,Fiber optic,No,No,One year,Yes,Mailed check,118.84,8465.65,No
DEMO-02153,Female,No,Yes,No,72,No,DSL,No,Yes,Two year,No,Bank transfer,99.81,7160.42,Yes
DEMO-02154,Female,No,Yes,No,72,Yes,Fiber optic,Yes,No,One year,No,Bank transfer,97.51,6928.2,No
DEMO-02155,Male,No,No,No,21,No,DSL,Yes,No,Two year,No,Electronic check,52.34,953.03,No
DEMO-02156,Male,No,Yes,Yes,31,No,No,No internet service,Yes,Month-to-month,No,Electronic check,36.06,1041.04,Yes
DEMO-02157,Male,No,Yes,No,14,Yes,Fiber optic,No internet service,No,Month-to-month,No,Electronic check,99.41,1247.94,Yes
DEMO-02158,Female,No,Yes,Yes,16,Yes,Fiber optic,No,No,Month-to-month,Yes,Credit card,94.62,1628.68,Yes
DEMO-02159,Male,No,Yes,No,15,Yes,Fiber optic,No internet service,No,Month-to-month,Yes,Electronic check,75.43,1088.94,Yes
DEMO-02160,Female,Yes,Yes,No,22,Yes,DSL,No,No,Month-to-month,Yes,Electronic check,62.74,1303.5,No
DEMO-02161,Male,No,Yes,No,34,Yes,Fiber optic,Yes,No,Month-to-month,No,Bank transfer,35.4,1251.58,No
DEMO-02162,Male,No,No,No,31,No,Fiber optic,No,Yes,Month-to-month,No,Bank transfer,93.69,3099.3,No
DEMO-02163,Female,No,Yes,No,52,Yes,Fiber optic,No,No,Month-to-month,No,Credit card,101.65,5243.12,Yes
DEMO-02164,Male,No,No,No,36,Yes,Fiber optic,Yes,Yes,Two year,Yes,Mailed check,55.02,1867.32,No
DEMO-02165,Male,No,Yes,No,48,Yes,No,No,Yes,Month-to-month,Yes,Electronic check,52.94,2501.56,Yes
DEMO-02166,Female,Yes,Yes,No,54,Yes,DSL,No,Yes,Two year,Yes,Bank transfer,103.03,5377.74,No
DEMO-02167,Female,Yes,Yes,No,21,Yes,No,No,No,Month-to-month,No,Bank transfer,55.95,1226.42,No
DEMO-02168,Male,No,Yes,Yes,28,Yes,DSL,Yes,No,Month-to-month,No,Credit card,116.48,3319.13,Yes
DEMO-02169,Male,No,Yes,No,72,Yes,No,No internet service,No,Month-to-month,No,Bank transfer,69.27,4943.5,Yes
DEMO-02170,Female,No,No,Yes,20,Yes,No,No internet service,No,Month-to-month,Yes,Mailed check,62.34,1134.76,No
DEMO-02171,Male,No,No,Yes,50,Yes,No,No internet service,No,Month-to-month,Yes,Electronic check,73.13,3896.53,Yes
DEMO-02172,Female,No,Yes,No,10,Yes,DSL,No,Yes,Month-to-month,Yes,Credit card,62.33,500.36,Yes
DEMO-02173,Male,No,No,No,55,Yes,Fiber optic,No internet service,Yes,Month-to-month,Yes,Bank transfer,100.16,5433.78,Yes
DEMO-02174,Male,Yes,No,No,17,Yes,No,No internet service,No,Month-to-month,Yes,Electronic check,94.15,1603.96,Yes
DEMO-02175,Male,Yes,No,No,32,No,Fiber optic,No,Yes,One year,No,Mailed check,99.2,3260.48,Yes
DEMO-02176,Female,No,No,No,8,Yes,Fiber optic,No,Yes,Month-to-month,No,Bank transfer,76.61,597.81,Yes
DEMO-02177,Female,No,No,Yes,30,Yes,Fiber optic,No,Yes,Two year,No,Electronic check,60.59,1821.24,No
DEMO-02178,Male,No,Yes,Yes,30,Yes,DSL,No,No,Month-to-month,Yes,Bank transfer,71.77,2214.3,Yes
DEMO-02179,Female,No,No,Yes,27,Yes,Fiber optic,Yes,No,Two year,Yes,Bank transfer,61.36,1977.29,No
DEMO-02180,Male,No,Yes,No,43,Yes,DSL,No internet service,No,One year,Yes,Electronic check,108.66,4614.46,Yes
DEMO-02181,Female,No,No,No,66,Yes,Fiber optic,No,No,Two year,Yes,Credit card,97.06,6354.97,No
DEMO-02182,Female,No,Yes,No,13,Yes,Fiber optic,Yes,No,Two year,Yes,Credit card,69.71,895.47,No
DEMO-02183,Male,No,No,Yes,27,Yes,DSL,No internet service,No,Month-to-month,Yes,Electronic check,48.84,1386.58,Yes
DEMO-02184,Male,No,Yes,Yes,5,Yes,DSL,No internet service,Yes,Month-to-month,No,Mailed check,110.52,805.12,Yes
DEMO-02185,Female,No,Yes,Yes,35,Yes,No,No,No,Month-to-month,No,Credit card,75.42,2628.63,No
DEMO-02186,Female,No,Yes,No,12,Yes,Fiber optic,No internet service,Yes,Two year,No,Mailed check,68.75,880.47,No
DEMO-02187,Male,Yes,No,No,31,Yes,Fiber optic,No internet service,No,One year,Yes,Credit card,110.74,3217.03,Yes
DEMO-02188,Male,No,No,No,36,Yes,Fiber optic,Yes,No,Month-to-month,Yes,Electronic check,59.25,2139.46,Yes
DEMO-02189,Male,No,Yes,No,6,Yes,Fiber optic,No,Yes,Two year,Yes,Bank transfer,64.03,382.77,Yes
DEMO-02190,Female,No,No,Yes,40,Yes,Fiber optic,Yes,No,Month-to-month,No,Bank transfer,66.23,2751.11,Yes
DEMO-02191,Female,No,Yes,Yes,64,Yes,Fiber optic,No,No,One year,Yes,Mailed check,39.09,2450.03,No
DEMO-02192,Male,No,No,No,47,Yes,DSL,Yes,No,One year,Yes,Bank transfer,79.89,3632.59,No
DEMO-02193,Male,No,No,No,14,No,Fiber optic,No,Yes,Month-to-month,Yes,Electronic check,52.94,764.13,No
DEMO-02194,Female,No,Yes,No,30,Yes,DSL,No internet service,Yes,One year,Yes,Electronic check,57.73,1575.99,No
DEMO-02195,Male,No,No,No,32,Yes,No,Yes,No,Two year,Yes,Electronic check,54.39,1660.11,No
DEMO-02196,Male,No,Yes,Yes,28,Yes,Fiber optic,No internet service,No,Month-to-month,Yes,Electronic check,57.32,1610.46,Yes
DEMO-02197,Female,Yes,No,No,9,Yes,DSL,Yes,Yes,Month-to-month,Yes,Electronic check,51.03,219.6,Yes
DEMO-02198,Female,No,No,Yes,16,Yes,Fiber optic,Yes,No,Month-to-month,No,Mailed check,78.18,1225.31,No
DEMO-02199,Female,No,Yes,No,26,Yes,DSL,Yes,No,One year,Yes,Electronic check,68.11,1928.91,Yes
DEMO-02200,Male,Yes,Yes,Yes,36,Yes,Fiber optic,No internet service,Yes,Month-to-month,Yes,Electronic check,73.2,2474.1,Yes
DEMO-02201,Female,No,Yes,Yes,19,Yes,No,No,Yes,Two year,No,Electronic check,130.84,2417.62,No
DEMO-02202,Female,Yes,No,Yes,4,Yes,Fiber optic,No,Yes,Two year,No,Credit card,68.11,331.29,Yes
DEMO-02203,Female,No,No,No,21,Yes,Fiber optic,No internet service,Yes,Month-to-month,Yes,Electronic check,87.12,1911.06,No
DEMO-02204,Male,Yes,Yes,No,72,Yes,Fiber optic,No,No,Month-to-month,No,Bank transfer,89.97,6483.63,No
DEMO-02205,Male,No,No,Yes,41,Yes,Fiber optic,No internet service,Yes,One year,Yes,Electronic check,70.43,2869.0,No
DEMO-02206,Male,No,Yes,No,35,Yes,DSL,Yes,No,One year,No,Electronic check,78.84,2924.75,Yes
DEMO-02207,Male,No,Yes,Yes,15,Yes,Fiber optic,Yes,No,Month-to-month,No,Mailed check,72.52,1109.07,Yes
DEMO-02208,Female,No,Yes,Yes,21,Yes,Fiber optic,No,No,Month-to-month,Yes,Mailed check,77.06,1512.49,Yes
DEMO-02209,Male,No,Yes,No,4,Yes,DSL,No internet service,Yes,Month-to-month,Yes,Bank transfer,57.34,241.38,No
DEMO-02210,Female,No,Yes,No,15,Yes,DSL,No,No,Two year,Yes,Bank transfer,59.64,881.11,No
DEMO-02211,Female,No,No,No,39,Yes,DSL,No,Yes,Month-to-month,No,Electronic check,72.42,2780.52,No
DEMO-02212,Male,No,No,No,35,Yes,DSL,No internet service,No,Two year,No,Electronic check,22.7,626.38,No
DEMO-02213,Female,No,No,No,18,Yes,DSL,Yes,Yes,Month-to-month,Yes,Credit card,109.4,1968.49,Yes
DEMO-02214,Male,Yes,No,No,28,Yes,Fiber optic,No,No,Two year,Yes,Electronic check,126.02,3586.81,No
DEMO-02215,Female,No,No,Yes,31,Yes,Fiber optic,No,No,Month-to-month,No,Credit card,76.26,2439.11,No
DEMO-02216,Male,No,Yes,No,19,No,Fiber optic,No,No,Month-to-month,Yes,Bank transfer,88.64,1685.27,Yes
DEMO-02217,Female,No,Yes,No,42,Yes,DSL,No internet service,No,Two year,Yes,Electronic check,99.03,4162.82,No
DEMO-02218,Female,No,Yes,No,35,Yes,Fiber optic,No,No,Two year,Yes,Electronic check,38.88,1304.81,No
DEMO-02219,Female,No,Yes,Yes,22,Yes,No,No internet service,No,Month-to-month,Yes,Mailed check,95.21,2191.42,No
DEMO-02220,Male,No,No,No,10,Yes,DSL,Yes,Yes,Month-to-month,Yes,Bank transfer,61.34,494.49,Yes
DEMO-02221,Male,No,Yes,No,21,Yes,DSL,No,No,Month-to-month,No,Credit card,129.27,2662.57,Yes
DEMO-02222,Female,No,Yes,Yes,20,Yes,Fiber optic,No,Yes,Month-to-month,Yes,Electronic check,67.29,1265.21,Yes
DEMO-02223,Female,No,Yes,Yes,18,Yes,DSL,No,Yes,Month-to-month,Yes,Credit card,94.7,1693.43,No
DEMO-02224,Male,No,No,No,6,Yes,DSL,No,No,Two year,No,Electronic check,67.54,536.52,No
DEMO-02225,Male,No,Yes,No,72,Yes,Fiber optic,No internet service,No,Month-to-month,Yes,Electronic check,126.92,9019.47,No
DEMO-02226,Male,No,No,No,72,Yes,Fiber optic,Yes,Yes,One year,No,Bank transfer,59.19,4289.61,No
DEMO-02227,Male,Yes,Yes,No,27,Yes,No,Yes,No,Month-to-month,No,Credit card,101.13,2760.66,No
DEMO-02228,Male,Yes,No,No,36,Yes,No,No,Yes,Month-to-month,Yes,Mailed check,87.67,3059.71,No
DEMO-02229,Female,No,Yes,Yes,42,Yes,Fiber optic,No internet service,No,One year,No,Credit card,82.11,3429.36,No
DEMO-02230,Female,No,No,Yes,27,Yes,Fiber optic,No internet service,No,Month-to-month,No,Mailed check,77.73,2009.03,Yes
DEMO-02231,Male,No,Yes,Yes,38,Yes,No,No internet service,Yes,One year,Yes,Credit card,55.32,2112.23,No
DEMO-02232,Female,Yes,Yes,No,46,Yes,Fiber optic,No,Yes,Month-to-month,No,Credit card,20.0,908.18,No
DEMO-02233,Female,No,Yes,No,34,Yes,No,Yes,No,Two year,Yes,Bank transfer,98.86,3511.72,Yes
DEMO-02234,Female,No,No,No,52,Yes,Fiber optic,No,Yes,One year,No,Bank transfer,59.78,3032.03,No
DEMO-02235,Male,Yes,No,No,17,Yes,DSL,No,No,Two year,No,Mailed check,101.24,1703.88,No
DEMO-02236,Male,No,No,No,30,No,DSL,No,No,Month-to-month,No,Credit card,80.79,2386.34,Yes
DEMO-02237,Male,Yes,No,Yes,72,Yes,DSL,No internet service,Yes,Month-to-month,Yes,Bank transfer,102.01,7480.39,Yes
DEMO-02238,Female,Yes,No,Yes,60,Yes,No,No internet service,No,Month-to-month,No,Electronic check,92.05,5473.77,Yes
DEMO-02239,Female,No,Yes,No,35,Yes,DSL,No internet service,No,Month-to-month,Yes,Credit card,20.0,610.88,No
DEMO-02240,Female,No,No,No,13,No,Fiber optic,Yes,No,Month-to-month,No,Bank transfer,87.37,1058.21,Yes
DEMO-02241,Male,No,Yes,No,31,Yes,Fiber optic,Yes,No,Month-to-month,Yes,Bank transfer,63.41,1886.46,Yes
DEMO-02242,Male,No,Yes,No,57,Yes,No,Yes,Yes,Month-to-month,Yes,Bank transfer,101.13,5706.29,No
DEMO-02243,Male,No,Yes,No,50,Yes,Fiber optic,No,Yes,Month-to-month,No,Mailed check,86.78,4253.42,No
DEMO-02244,Male,Yes,Yes,No,5,Yes,DSL,No,No,Month-to-month,Yes,Mailed check,87.07,436.9,Yes
DEMO-02245,Male,No,No,Yes,7,Yes,DSL,No,No,Month-to-month,No,Electronic check,65.19,326.47,No
DEMO-02246,Female,No,Yes,No,7,No,Fiber optic,No,No,Month-to-month,Yes,Credit card,49.18,401.92,Yes
DEMO-02247,Female,No,Yes,No,42,Yes,No,No,No,One year,Yes,Bank transfer,61.18,2573.68,No
DEMO-02248,Female,No,No,No,7,Yes,Fiber optic,Yes,No,Month-to-month,No,Credit card,27.0,351.18,Yes
DEMO-02249,Female,Yes,Yes,No,13,Yes,Fiber optic,No internet service,Yes,Month-to-month,No,Electronic check,57.24,790.81,Yes
DEMO-02250,Female,No,No,No,27,Yes,No,Yes,No,Month-to-month,Yes,Credit card,35.4,992.39,No
DEMO-02251,Male,No,Yes,No,64,Yes,Fiber optic,No,No,One year,No,Mailed check,36.06,2508.8,No
DEMO-02252,Female,No,No,No,44,Yes,DSL,No internet service,No,Month-to-month,Yes,Mailed check,74.91,3339.48,Yes
DEMO-02253,Female,Yes,No,No,24,Yes,No,No,No,One year,No,Credit card,85.35,2026.92,No
DEMO-02254,Male,Yes,Yes,No,53,Yes,Fiber optic,Yes,No,Two year,No,Bank transfer,71.21,3687.21,No
DEMO-02255,Female,No,Yes,No,72,Yes,No,Yes,No,Month-to-month,Yes,Credit card,59.53,4431.45,No
DEMO-02256,Female,No,No,No,31,Yes,Fiber optic,No,Yes,Two year,Yes,Bank transfer,48.31,1396.77,No
DEMO-02257,Female,No,Yes,No,9,Yes,Fiber optic,No,Yes,Two year,Yes,Electronic check,64.07,462.68,Yes
DEMO-02258,Female,No,No,No,13,Yes,DSL,No internet service,No,Month-to-month,No,Mailed check,51.44,555.21,Yes
DEMO-02259,Female,No,No,Yes,13,Yes,Fiber optic,Yes,Yes,Month-to-month,Yes,Credit card,70.43,840.34,Yes
DEMO-02260,Female,No,No,No,16,Yes,DSL,No internet service,Yes,One year,Yes,Mailed check,33.96,547.7,No
DEMO-02261,Female,No,No,Yes,23,Yes,Fiber optic,No,No,Two year,Yes,Bank transfer,89.53,2032.98,No
DEMO-02262,Male,Yes,Yes,Yes,37,Yes,DSL,No,Yes,Month-to-month,No,Electronic check,57.82,2191.88,Yes
DEMO-02263,Male,No,No,No,8,No,DSL,No,Yes,Month-to-month,No,Mailed check,81.41,542.28,Yes
DEMO-02264,Male,No,No,No,9,Yes,Fiber optic,No internet service,No,One year,Yes,Credit card,94.18,760.44,Yes
DEMO-02265,Male,Yes,Yes,Yes,46,Yes,Fiber optic,No,Yes,Month-to-month,Yes,Credit card,80.2,3704.55,Yes
DEMO-02266,Male,No,No,No,20,Yes,Fiber optic,Yes,Yes,One year,Yes,Electronic check,91.98,1743.18,Yes
DEMO-02267,Female,No,No,No,14,Yes,Fiber optic,No,Yes,Month-to-month,No,Electronic check,20.33,148.4,Yes
DEMO-02268,Male,No,Yes,No,25,Yes,Fiber optic,No,No,One year,No,Electronic check,59.68,1339.02,No
DEMO-02269,Male,No,Yes,Yes,72,Yes,Fiber optic,No internet service,No,Two year,No,Electronic check,99.58,7164.91,Yes
DEMO-02270,Male,No,Yes,Yes,50,Yes,Fiber optic,No,Yes,One year,Yes,Credit card,84.73,4229.62,No
DEMO-02271,Male,No,Yes,No,48,Yes,DSL,No,No,One year,Yes,Mailed check,118.21,5662.48,No
DEMO-02272,Female,No,Yes,Yes,72,Yes,Fiber optic,No internet service,Yes,One year,Yes,Electronic check,114.61,8373.62,No
DEMO-02273,Female,No,Yes,Yes,38,Yes,No,Yes,No,Two year,No,Credit card,79.49,3050.84,No
DEMO-02274,Female,No,No,No,72,Yes,Fiber optic,Yes,Yes,Two year,No,Credit card,65.7,4730.43,No
DEMO-02275,Female,Yes,Yes,No,72,Yes,No,No,No,Month-to-month,Yes,Mailed check,48.04,3593.68,Yes
DEMO-02276,Female,No,No,No,8,No,DSL,No,No,Month-to-month,Yes,Credit card,60.1,578.3,Yes
DEMO-02277,Male,Yes,No,No,6,Yes,Fiber optic,No internet service,No,Month-to-month,Yes,Mailed check,61.79,297.75,Yes
DEMO-02278,Male,No,No,No,12,Yes,Fiber optic,Yes,Yes,Two year,Yes,Electronic check,57.17,769.49,No
DEMO-02279,Male,No,Yes,No,67,Yes,Fiber optic,No,No,One year,No,Credit card,49.04,3462.98,No
DEMO-02280,Male,No,No,No,25,Yes,Fiber optic,Yes,Yes,Month-to-month,Yes,Electronic check,82.04,2228.67,No
DEMO-02281,Male,No,No,No,23,Yes,DSL,No,No,Month-to-month,No,Credit card,114.42,2729.33,No
DEMO-02282,Male,No,No,Yes,54,Yes,Fiber optic,Yes,No,Month-to-month,No,Bank transfer,95.33,5186.62,No
DEMO-02283,Male,No,Yes,No,19,Yes,Fiber optic,No,No,One year,Yes,Credit card,63.94,1243.88,No
DEMO-02284,Male,Yes,Yes,No,35,Yes,Fiber optic,No,No,Month-to-month,Yes,Electronic check,97.35,3552.97,Yes
DEMO-02285,Male,No,No,No,46,Yes,DSL,No,No,Month-to-month,Yes,Mailed check,80.67,3577.05,No
DEMO-02286,Female,No,No,No,13,Yes,DSL,Yes,No,Two year,No,Credit card,70.98,1049.5,No
DEMO-02287,Male,No,Yes,No,11,Yes,No,No,Yes,One year,Yes,Credit card,69.42,776.66,No
DEMO-02288,Female,Yes,No,No,31,Yes,DSL,No,Yes,Month-to-month,No,Credit card,67.0,1984.73,Yes
DEMO-02289,Female,Yes,No,No,34,Yes,Fiber optic,Yes,No,Month-to-month,No,Electronic check,88.28,2883.32,Yes
DEMO-02290,Male,No,No,No,51,Yes,DSL,No,No,Two year,No,Bank transfer,75.49,3679.43,No
DEMO-02291,Female,No,No,No,12,Yes,Fiber optic,No internet service,No,One year,No,Mailed check,53.79,701.93,Yes
DEMO-02292,Male,No,No,No,16,Yes,Fiber optic,No internet service,No,One year,Yes,Electronic check,52.58,1033.53,No
DEMO-02293,Male,Yes,No,No,72,Yes,No,No internet service,No,Month-to-month,No,Bank transfer,79.65,5684.88,No
DEMO-02294,Male,No,No,No,59,Yes,Fiber optic,No,Yes,Month-to-month,No,Bank transfer,82.72,4795.08,Yes
DEMO-02295,Male,No,Yes,No,27,Yes,DSL,No internet service,No,Month-to-month,Yes,Mailed check,64.17,1853.44,No
DEMO-02296,Male,Yes,No,No,66,Yes,DSL,No,No,One year,Yes,Electronic check,43.7,2895.55,Yes
DEMO-02297,Male,No,No,No,12,Yes,DSL,No,Yes,Month-to-month,Yes,Credit card,103.27,1364.68,Yes
DEMO-02298,Male,No,Yes,No,25,Yes,Fiber optic,Yes,Yes,Month-to-month,Yes,Credit card,97.97,2351.67,Yes
DEMO-02299,Female,No,No,No,34,Yes,No,No,No,One year,Yes,Mailed check,22.32,824.14,No
DEMO-02300,Female,No,Yes,No,23,Yes,DSL,No,Yes,Two year,Yes,Credit card,105.49,2607.79,No
DEMO-02301,Female,Yes,Yes,No,23,Yes,Fiber optic,No internet service,No,One year,No,Credit card,66.78,1430.95,No
DEMO-02302,Female,No,Yes,No,49,Yes,Fiber optic,No internet service,No,Month-to-month,Yes,Electronic check,76.75,3728.67,Yes
DEMO-02303,Female,No,Yes,Yes,60,Yes,Fiber optic,No,No,Month-to-month,Yes,Bank transfer,100.46,5991.44,No
DEMO-02304,Male,No,No,No,21,Yes,Fiber optic,No internet service,No,Month-to-month,Yes,Credit card,113.31,2454.46,Yes
DEMO-02305,Female,No,No,Yes,9,Yes,Fiber optic,Yes,No,Month-to-month,Yes,Bank transfer,97.07,999.69,Yes
DEMO-02306,Female,No,No,No,7,Yes,DSL,Yes,No,Month-to-month,No,Electronic check,78.03,478.03,Yes
DEMO-02307,Male,No,No,Yes,3,Yes,Fiber optic,No,No,Month-to-month,Yes,Bank transfer,37.61,362.64,Yes
DEMO-02308,Male,No,Yes,No,72,Yes,Fiber optic,No internet service,Yes,One year,Yes,Credit card,21.34,1542.13,No
DEMO-02309,Male,No,No,Yes,49,No,Fiber optic,No internet service,Yes,Two year,Yes,Bank transfer,93.95,4546.79,No
DEMO-02310,Female,No,Yes,No,42,Yes,DSL,No,No,Two year,Yes,Electronic check,105.55,4575.87,Yes
DEMO-02311,Male,No,No,No,19,Yes,Fiber optic,No,No,Month-to-month,No,Electronic check,51.63,994.98,Yes
DEMO-02312,Female,No,Yes,No,18,No,No,No,Yes,Month-to-month,Yes,Credit card,65.26,1137.06,Yes
DEMO-02313,Male,No,Yes,No,61,Yes,Fiber optic,No internet service,Yes,Month-to-month,No,Mailed check,58.07,3488.03,No
DEMO-02314,Male,Yes,Yes,No,6,Yes,DSL,No internet service,Yes,Month-to-month,Yes,Credit card,57.4,554.62,Yes
DEMO-02315,Male,No,Yes,Yes,21,No,No,Yes,Yes,Month-to-month,No,Mailed check,98.87,1976.88,No
DEMO-02316,Female,No,Yes,No,67,Yes,DSL,Yes,Yes,Month-to-month,Yes,Credit card,77.46,5302.4,No
DEMO-02317,Male,No,Yes,No,21,Yes,Fiber optic,Yes,No,One year,Yes,Electronic check,66.27,1310.51,Yes
DEMO-02318,Male,Yes,Yes,No,48,Yes,DSL,No internet service,No,Month-to-month,Yes,Credit card,138.44,6582.85,Yes
DEMO-02319,Female,No,No,Yes,28,Yes,No,No,No,Two year,Yes,Credit card,36.14,1003.73,Yes
DEMO-02320,Male,Yes,Yes,No,1,Yes,DSL,Yes,No,Month-to-month,Yes,Mailed check,85.7,132.24,Yes
DEMO-02321,Male,No,No,No,27,Yes,Fiber optic,No,Yes,Month-to-month,No,Electronic check,45.78,1071.59,Yes
DEMO-02322,Female,No,Yes,No,31,Yes,No,No,No,Month-to-month,No,Credit card,68.06,2055.42,No
DEMO-02323,Male,No,Yes,No,26,Yes,Fiber optic,No,No,Month-to-month,No,Credit card,75.72,2071.63,No
DEMO-02324,Male,No,Yes,Yes,10,Yes,DSL,No,No,Month-to-month,Yes,Bank transfer,93.11,1033.56,Yes
DEMO-02325,Male,Yes,No,Yes,26,Yes,DSL,No,Yes,Two year,Yes,Mailed check,65.47,1673.19,Yes
DEMO-02326,Female,No,Yes,No,4,Yes,DSL,No,No,Month-to-month,No,Credit card,62.83,133.79,No
DEMO-02327,Male,No,No,Yes,21,Yes,DSL,No internet service,No,Month-to-month,Yes,Bank transfer,65.02,1386.97,No
DEMO-02328,Female,No,No,No,50,Yes,Fiber optic,No internet service,Yes,One year,Yes,Mailed check,45.0,2333.35,No
DEMO-02329,Male,Yes,No,Yes,72,Yes,Fiber optic,Yes,No,Month-to-month,No,Mailed check,87.81,6340.48,Yes
DEMO-02330,Male,No,Yes,No,72,Yes,No,No,Yes,One year,Yes,Electronic check,79.03,5830.7,No
DEMO-02331,Male,No,No,No,12,Yes,Fiber optic,No,No,Month-to-month,No,Credit card,82.88,967.58,Yes
DEMO-02332,Female,No,Yes,No,7,Yes,No,No,No,Two year,Yes,Credit card,70.26,360.02,No
DEMO-02333,Female,No,No,No,34,Yes,Fiber optic,Yes,No,Month-to-month,No,Mailed check,67.18,2224.64,No
DEMO-02334,Male,No,Yes,Yes,30,No,Fiber optic,No,No,Month-to-month,Yes,Electronic check,101.39,3041.85,No
DEMO-02335,Male,No,No,No,45,Yes,Fiber optic,No,No,One year,No,Electronic check,97.54,4318.96,Yes
DEMO-02336,Male,No,No,No,17,Yes,Fiber optic,Yes,No,Two year,Yes,Electronic check,107.37,1773.33,Yes
DEMO-02337,Female,No,No,No,31,Yes,DSL,No,No,Month-to-month,Yes,Credit card,81.31,2616.78,Yes
DEMO-02338,Female,No,No,No,29,Yes,No,No,No,One year,No,Bank transfer,105.82,2987.55,Yes
DEMO-02339,Female,No,No,No,22,Yes,Fiber optic,Yes,No,Month-to-month,Yes,Mailed check,61.6,1221.89,Yes
DEMO-02340,Male,Yes,No,No,5,Yes,DSL,No internet service,No,Month-to-month,Yes,Electronic check,66.98,415.9,Yes
DEMO-02341,Female,No,No,No,50,Yes,Fiber optic,No,No,Month-to-month,Yes,Electronic check,101.88,5158.54,Yes
DEMO-02342,Male,Yes,No,No,34,No,DSL,No,Yes,One year,Yes,Bank transfer,93.09,3061.34,No
DEMO-02343,Male,No,No,No,52,Yes,Fiber optic,No,No,Month-to-month,No,Electronic check,64.74,3437.22,No
DEMO-02344,Female,No,No,No,61,Yes,Fiber optic,Yes,No,One year,No,Mailed check,45.84,2683.18,No
DEMO-02345,Male,No,Yes,No,27,Yes,No,No internet service,No,Month-to-month,Yes,Credit card,66.9,1733.95,No
DEMO-02346,Female,No,Yes,No,50,Yes,Fiber optic,Yes,No,Two year,Yes,Bank transfer,54.88,2633.56,Yes
DEMO-02347,Male,No,No,No,72,Yes,Fiber optic,No,No,Two year,Yes,Credit card,115.11,8242.08,No
DEMO-02348,Female,No,No,No,72,Yes,Fiber optic,Yes,Yes,Month-to-month,No,Electronic check,91.0,6608.41,No
DEMO-02349,Female,No,Yes,No,37,Yes,No,No,No,Month-to-month,Yes,Electronic check,52.85,1982.44,Yes
DEMO-02350,Female,No,No,Yes,39,Yes,No,No,No,Month-to-month,Yes,Credit card,45.88,1707.95,No
DEMO-02351,Male,No,No,No,37,Yes,Fiber optic,No,Yes,Two year,Yes,Credit card,52.54,1962.93,No
DEMO-02352,Male,No,Yes,No,44,Yes,Fiber optic,No internet service,Yes,Month-to-month,No,Bank transfer,58.03,2591.53,Yes
DEMO-02353,Male,No,No,No,59,No,Fiber optic,No internet service,No,Month-to-month,No,Bank transfer,67.83,4097.52,No
DEMO-02354,Female,Yes,No,No,36,Yes,No,Yes,Yes,Month-to-month,No,Electronic check,99.86,3630.89,Yes
DEMO-02355,Female,No,No,No,72,Yes,No,No internet service,No,Two year,No,Bank transfer,47.84,3518.25,No
DEMO-02356,Male,No,No,No,72,Yes,Fiber optic,Yes,No,Month-to-month,No,Electronic check,129.24,9311.76,No
DEMO-02357,Male,No,Yes,No,31,Yes,Fiber optic,No,Yes,Month-to-month,No,Electronic check,48.42,1419.53,Yes
DEMO-02358,Male,No,Yes,Yes,31,No,DSL,No internet service,No,Two year,Yes,Mailed check,36.77,1156.05,No
DEMO-02359,Male,Yes,Yes,Yes,20,Yes,DSL,No,Yes,Month-to-month,Yes,Electronic check,114.21,2405.76,Yes
DEMO-02360,Female,No,No,Yes,46,Yes,DSL,No,No,Two year,Yes,Electronic check,105.03,4958.16,No
DEMO-02361,Female,Yes,No,No,23,Yes,DSL,No,No,Month-to-month,No,Electronic check,67.44,1292.97,No
DEMO-02362,Female,No,Yes,Yes,20,Yes,Fiber optic,No,No,Month-to-month,Yes,Mailed check,81.53,1693.49,Yes
DEMO-02363,Female,Yes,Yes,No,45,Yes,Fiber optic,No internet service,No,Two year,Yes,Credit card,82.16,3647.78,No
DEMO-02364,Male,Yes,No,Yes,11,Yes,Fiber optic,No,No,One year,No,Credit card,75.42,869.68,Yes
DEMO-02365,Female,No,Yes,Yes,60,No,Fiber optic,No,No,One year,Yes,Electronic check,39.59,2238.81,No
DEMO-02366,Female,No,Yes,No,46,Yes,DSL,Yes,No,Month-to-month,No,Electronic check,20.0,876.98,Yes
DEMO-02367,Male,No,Yes,Yes,72,Yes,Fiber optic,Yes,No,Month-to-month,No,Credit card,50.88,3502.94,Yes
DEMO-02368,Female,No,Yes,No,38,Yes,DSL,No,No,Month-to-month,No,Electronic check,117.4,4417.94,No
DEMO-02369,Male,No,Yes,No,51,Yes,DSL,No internet service,Yes,Month-to-month,No,Bank transfer,118.39,6098.65,No
DEMO-02370,Female,No,No,No,56,Yes,No,No,No,Month-to-month,Yes,Electronic check,65.45,3709.7,No
DEMO-02371,Male,Yes,Yes,No,71,Yes,DSL,No,No,Month-to-month,Yes,Bank transfer,48.05,3626.14,No
DEMO-02372,Female,Yes,No,No,35,No,DSL,No internet service,No,Month-to-month,Yes,Electronic check,78.95,2711.75,Yes
DEMO-02373,Female,No,Yes,No,20,Yes,Fiber optic,No internet service,No,Month-to-month,Yes,Bank transfer,82.97,1571.57,Yes
DEMO-02374,Female,No,No,Yes,38,Yes,Fiber optic,No,Yes,Month-to-month,No,Mailed check,87.02,3445.35,Yes
DEMO-02375,Female,No,No,No,60,Yes,Fiber optic,Yes,No,Month-to-month,Yes,Electronic check,20.0,1028.37,No
DEMO-02376,Female,Yes,No,No,66,Yes,Fiber optic,No,No,Two year,No,Mailed check,150.0,9919.32,No
DEMO-02377,Female,Yes,Yes,No,6,Yes,Fiber optic,No,No,One year,No,Mailed check,100.31,652.15,No
DEMO-02378,Female,Yes,Yes,No,72,Yes,Fiber optic,No,Yes,Month-to-month,No,Credit card,67.05,4596.58,Yes
DEMO-02379,Female,No,No,No,20,Yes,No,No internet service,Yes,One year,No,Mailed check,54.04,971.77,No
DEMO-02380,Male,No,Yes,No,52,Yes,DSL,No internet service,Yes,Two year,Yes,Electronic check,96.68,4890.83,No
DEMO-02381,Female,Yes,Yes,Yes,72,Yes,Fiber optic,No,No,Month-to-month,Yes,Bank transfer,84.38,6158.68,No
DEMO-02382,Male,No,No,No,29,Yes,DSL,No,No,Month-to-month,Yes,Electronic check,74.3,2090.45,Yes
DEMO-02383,Male,No,Yes,No,67,No,DSL,Yes,Yes,Month-to-month,No,Credit card,83.46,5565.78,No
DEMO-02384,Male,Yes,Yes,Yes,5,Yes,No,Yes,No,Month-to-month,No,Credit card,69.18,184.54,No
DEMO-02385,Male,No,No,Yes,69,No,Fiber optic,Yes,No,One year,No,Electronic check,82.05,5580.46,No
DEMO-02386,Male,No,No,No,63,Yes,DSL,Yes,No,Two year,Yes,Bank transfer,90.16,5601.07,No
DEMO-02387,Male,No,No,No,42,Yes,Fiber optic,No,No,Month-to-month,No,Bank transfer,80.58,3362.55,No
DEMO-02388,Female,Yes,No,Yes,60,Yes,DSL,Yes,No,One year,No,Electronic check,79.27,4725.61,No
DEMO-02389,Female,No,Yes,No,72,Yes,Fiber optic,Yes,No,Month-to-month,Yes,Bank transfer,106.82,7838.06,Yes
DEMO-02390,Male,No,Yes,No,72,Yes,Fiber optic,No internet service,Yes,One year,Yes,Mailed check,32.07,2378.21,No
DEMO-02391,Female,No,No,Yes,31,Yes,No,No,No,One year,No,Mailed check,52.05,1435.91,No
DEMO-02392,Female,No,No,No,38,Yes,DSL,No,No,Month-to-month,Yes,Bank transfer,72.66,2862.83,No
DEMO-02393,Female,No,No,No,27,Yes,DSL,No,Yes,Month-to-month,No,Bank transfer,53.75,1539.26,No
DEMO-02394,Male,No,No,Yes,24,Yes,No,No internet service,No,One year,Yes,Bank transfer,62.1,1497.21,No
DEMO-02395,Male,No,No,No,56,Yes,No,No,No,Two year,Yes,Mailed check,104.19,5933.21,No
DEMO-02396,Male,No,Yes,No,26,Yes,DSL,Yes,Yes,Month-to-month,Yes,Bank transfer,68.28,1895.54,No
DEMO-02397,Male,No,No,No,56,Yes,Fiber optic,No,No,Month-to-month,Yes,Mailed check,26.27,1422.54,No
DEMO-02398,Female,No,No,Yes,29,Yes,No,No,Yes,Month-to-month,No,Bank transfer,61.42,1659.2,Yes
DEMO-02399,Male,No,No,No,33,Yes,Fiber optic,No internet service,No,Month-to-month,Yes,Electronic check,73.45,2480.33,No
DEMO-02400,Male,No,Yes,No,15,Yes,Fiber optic,No,Yes,One year,Yes,Bank transfer,72.99,1013.3,No
DEMO-02401,Male,No,Yes,No,55,Yes,Fiber optic,No,Yes,Two year,No,Mailed check,85.9,4750.93,No
DEMO-02402,Male,No,Yes,No,5,Yes,No,No internet service,No,One year,Yes,Electronic check,83.86,315.5,Yes
DEMO-02403,Female,No,No,No,71,Yes,Fiber optic,Yes,No,Two year,Yes,Electronic check,68.53,4963.03,Yes
DEMO-02404,Female,Yes,Yes,No,72,Yes,DSL,No internet service,Yes,Two year,No,Mailed check,42.17,2960.3,No
DEMO-02405,Female,Yes,No,Yes,33,Yes,Fiber optic,No,Yes,Month-to-month,No,Electronic check,60.97,1990.91,Yes
DEMO-02406,Female,Yes,No,No,32,Yes,Fiber optic,No internet service,Yes,Month-to-month,No,Mailed check,56.43,1778.24,Yes
DEMO-02407,Male,No,Yes,No,7,No,Fiber optic,No,Yes,Month-to-month,Yes,Mailed check,64.87,312.46,Yes
DEMO-02408,Male,Yes,Yes,Yes,21,Yes,DSL,No,No,Month-to-month,Yes,Bank transfer,89.28,1982.83,Yes
DEMO-02409,Male,Yes,No,Yes,61,Yes,Fiber optic,Yes,Yes,Two year,No,Credit card,82.1,5136.61,No
DEMO-02410,Female,No,No,Yes,67,Yes,Fiber optic,Yes,No,One year,No,Credit card,92.6,6189.86,No
DEMO-02411,Male,No,No,Yes,37,Yes,No,No,No,Two year,No,Credit card,62.4,2232.85,No
DEMO-02412,Male,No,Yes,Yes,58,Yes,Fiber optic,Yes,Yes,Month-to-month,Yes,Credit card,109.71,6339.78,Yes
DEMO-02413,Male,No,Yes,Yes,16,Yes,Fiber optic,Yes,No,Month-to-month,No,Electronic check,88.82,1370.52,Yes
DEMO-02414,Male,No,Yes,No,43,Yes,Fiber optic,No,No,Month-to-month,No,Electronic check,74.81,3214.56,Yes
DEMO-02415,Male,No,Yes,No,72,Yes,DSL,Yes,No,Month-to-month,No,Electronic check,87.08,6238.59,No
DEMO-02416,Female,No,No,Yes,49,Yes,Fiber optic,No,No,Month-to-month,Yes,Electronic check,55.11,2609.67,Yes
DEMO-02417,Male,No,No,No,72,Yes,DSL,No,Yes,Month-to-month,Yes,Credit card,20.0,1553.14,No
DEMO-02418,Male,No,No,Yes,72,Yes,Fiber optic,Yes,No,Month-to-month,Yes,Credit card,56.83,4070.35,No
DEMO-02419,Male,Yes,Yes,No,45,Yes,Fiber optic,No,No,Two year,No,Bank transfer,90.69,4274.22,No
DEMO-02420,Female,No,Yes,No,0,Yes,DSL,Yes,No,Month-to-month,No,Credit card,74.01,10.42,Yes
DEMO-02421,Male,No,Yes,No,66,Yes,Fiber optic,Yes,No,Month-to-month,Yes,Bank transfer,68.58,4485.8,No
DEMO-02422,Male,No,No,No,10,Yes,No,Yes,No,One year,Yes,Mailed check,50.8,479.79,No
DEMO-02423,Male,No,No,No,1,Yes,DSL,Yes,No,Month-to-month,No,Electronic check,23.1,0.0,No
DEMO-02424,Male,No,Yes,Yes,4,Yes,No,Yes,Yes,Two year,Yes,Credit card,107.62,419.87,Yes
DEMO-02425,Male,No,Yes,No,69,Yes,DSL,No,No,One year,No,Bank transfer,66.8,4631.6,No
DEMO-02426,Male,Yes,No,No,45,Yes,DSL,No,No,Month-to-month,Yes,Mailed check,61.26,2644.5,Yes
DEMO-02427,Male,No,Yes,No,37,Yes,Fiber optic,Yes,No,One year,No,Electronic check,55.21,1940.63,Yes
DEMO-02428,Male,No,Yes,No,49,Yes,DSL,No,No,One year,Yes,Credit card,103.36,5142.66,No
DEMO-02429,Female,No,Yes,No,5,Yes,No,No internet service,No,One year,No,Credit card,94.03,521.42,Yes
DEMO-02430,Male,No,No,No,27,Yes,Fiber optic,No,No,Two year,Yes,Bank transfer,47.82,1133.63,No
DEMO-02431,Female,Yes,No,No,18,Yes,Fiber optic,No internet service,No,One year,Yes,Credit card,101.11,1872.24,Yes
DEMO-02432,Female,No,Yes,No,35,Yes,Fiber optic,Yes,Yes,One year,Yes,Mailed check,68.37,2476.99,No
DEMO-02433,Male,No,Yes,No,36,No,Fiber optic,No,No,Month-to-month,Yes,Credit card,56.74,2067.88,No
DEMO-02434,Female,No,Yes,No,47,Yes,Fiber optic,No,Yes,One year,Yes,Bank transfer,64.66,2873.61,No
DEMO-02435,Female,No,No,No,52,Yes,Fiber optic,No,Yes,Two year,No,Bank transfer,52.42,2592.13,No
DEMO-02436,Male,No,Yes,No,5,Yes,No,No,Yes,One year,Yes,Credit card,38.98,190.2,Yes
DEMO-02437,Female,No,No,Yes,27,Yes,Fiber optic,No,No,One year,No,Credit card,91.4,2656.04,No
DEMO-02438,Male,No,Yes,No,32,Yes,Fiber optic,No internet service,No,Month-to-month,Yes,Electronic check,66.48,2073.52,Yes
DEMO-02439,Female,Yes,Yes,No,10,Yes,Fiber optic,No,No,One year,Yes,Credit card,87.43,934.85,No
DEMO-02440,Male,No,Yes,Yes,9,Yes,Fiber optic,No,No,Two year,Yes,Bank transfer,79.18,648.22,Yes
DEMO-02441,Male,No,No,No,4,Yes,DSL,Yes,Yes,Month-to-month,No,Electronic check,85.71,512.83,Yes
DEMO-02442,Male,Yes,Yes,No,8,Yes,Fiber optic,No,Yes,Month-to-month,Yes,Bank transfer,20.85,170.95,Yes
DEMO-02443,Female,No,No,No,58,Yes,Fiber optic,No,No,Month-to-month,Yes,Mailed check,50.33,2797.88,No
DEMO-02444,Female,No,Yes,Yes,6,No,DSL,No,No,Month-to-month,Yes,Bank transfer,86.23,435.83,No
DEMO-02445,Female,No,No,Yes,7,No,No,No internet service,No,One year,Yes,Mailed check,40.13,191.28,Yes
DEMO-02446,Female,Yes,Yes,No,34,Yes,Fiber optic,No,Yes,Month-to-month,Yes,Electronic check,81.33,2776.85,Yes
DEMO-02447,Female,Yes,Yes,Yes,43,Yes,DSL,No,No,Month-to-month,Yes,Electronic check,37.23,1531.26,Yes
DEMO-02448,Male,No,No,Yes,31,Yes,No,No,No,One year,No,Bank transfer,72.41,2195.19,No
DEMO-02449,Female,No,Yes,Yes,12,Yes,No,Yes,No,One year,Yes,Electronic check,112.25,1541.63,Yes
DEMO-02450,Male,Yes,Yes,No,9,Yes,No,No,No,One year,Yes,Bank transfer,91.37,763.69,No
DEMO-02451,Female,No,Yes,Yes,33,Yes,DSL,No,Yes,One year,No,Bank transfer,25.73,866.74,No
DEMO-02452,Female,No,Yes,Yes,28,Yes,Fiber optic,No internet service,No,One year,Yes,Electronic check,93.21,2582.58,No
DEMO-02453,Female,No,Yes,No,23,Yes,Fiber optic,No internet service,No,Two year,Yes,Electronic check,117.56,2698.96,Yes
DEMO-02454,Male,No,Yes,No,56,Yes,Fiber optic,Yes,No,One year,No,Mailed check,141.93,8014.76,No
DEMO-02455,Female,No,Yes,No,27,Yes,Fiber optic,Yes,Yes,Month-to-month,Yes,Credit card,83.88,2044.94,Yes
DEMO-02456,Female,No,No,Yes,8,Yes,Fiber optic,No,No,One year,No,Credit card,37.89,318.15,No
DEMO-02457,Male,No,No,Yes,23,Yes,Fiber optic,Yes,No,Month-to-month,No,Mailed check,82.87,1868.39,No
DEMO-02458,Female,No,No,No,47,Yes,No,Yes,No,Month-to-month,No,Electronic check,111.9,5276.85,Yes
DEMO-02459,Female,No,Yes,No,26,Yes,Fiber optic,No,No,Month-to-month,Yes,Bank transfer,67.32,1729.98,No
DEMO-02460,Male,No,No,No,46,Yes,No,No,No,Two year,No,Mailed check,98.08,4492.24,No
DEMO-02461,Female,No,Yes,No,53,Yes,No,Yes,Yes,One year,Yes,Mailed check,51.01,2733.09,No
DEMO-02462,Female,No,No,No,27,Yes,DSL,No internet service,Yes,Month-to-month,No,Mailed check,81.31,2140.35,No
DEMO-02463,Male,Yes,No,No,31,Yes,No,No,Yes,One year,Yes,Bank transfer,20.0,816.71,Yes
DEMO-02464,Male,No,No,No,24,Yes,DSL,No,No,Month-to-month,No,Electronic check,48.24,1061.55,Yes
DEMO-02465,Male,Yes,No,Yes,47,Yes,DSL,Yes,No,One year,Yes,Credit card,71.85,3520.86,No
DEMO-02466,Female,No,Yes,No,24,Yes,No,Yes,No,Two year,Yes,Mailed check,62.92,1385.96,No
DEMO-02467,Female,No,No,No,44,Yes,Fiber optic,No,No,One year,Yes,Mailed check,39.48,1710.76,No
DEMO-02468,Female,No,No,Yes,37,Yes,Fiber optic,No internet service,No,One year,No,Credit card,59.51,2232.95,No
DEMO-02469,Male,Yes,Yes,No,4,No,No,No internet service,Yes,Month-to-month,No,Mailed check,80.24,227.68,No
DEMO-02470,Male,No,Yes,No,45,Yes,Fiber optic,Yes,No,Month-to-month,No,Electronic check,69.84,3042.62,No
DEMO-02471,Female,No,No,No,34,Yes,DSL,No,No,Two year,No,Electronic check,73.52,2471.59,No
DEMO-02472,Female,No,No,No,72,Yes,DSL,No,No,One year,Yes,Bank transfer,90.3,6591.18,No
DEMO-02473,Male,No,Yes,Yes,10,Yes,Fiber optic,No,Yes,Month-to-month,Yes,Bank transfer,63.42,642.4,Yes
DEMO-02474,Female,No,No,No,37,Yes,DSL,No internet service,No,Month-to-month,No,Bank transfer,105.98,4110.73,Yes
DEMO-02475,Female,No,No,No,21,No,DSL,No,No,Month-to-month,No,Electronic check,47.27,1049.14,Yes
DEMO-02476,Male,No,No,No,5,Yes,No,No,Yes,Month-to-month,No,Electronic check,120.2,555.27,Yes
DEMO-02477,Female,No,No,Yes,3,Yes,DSL,Yes,No,Month-to-month,Yes,Mailed check,99.83,30.08,Yes
DEMO-02478,Male,No,No,No,72,Yes,Fiber optic,Yes,Yes,Month-to-month,Yes,Mailed check,63.1,4388.12,Yes
DEMO-02479,Female,No,Yes,No,37,Yes,DSL,No,No,Two year,No,Mailed check,64.77,2369.95,No
DEMO-02480,Male,No,Yes,Yes,26,Yes,Fiber optic,No,Yes,Month-to-month,Yes,Mailed check,77.17,1849.93,Yes
DEMO-02481,Female,No,Yes,No,7,Yes,Fiber optic,No,No,Month-to-month,Yes,Bank transfer,86.97,589.53,Yes
DEMO-02482,Female,No,Yes,No,72,Yes,Fiber optic,No internet service,No,Month-to-month,Yes,Bank transfer,99.36,7176.25,No
DEMO-02483,Male,Yes,Yes,No,17,Yes,DSL,No,Yes,Month-to-month,Yes,Bank transfer,38.49,625.07,Yes
DEMO-02484,Male,No,Yes,No,39,Yes,DSL,No internet service,Yes,Two year,No,Bank transfer,82.94,3207.53,No
DEMO-02485,Male,No,No,Yes,33,Yes,DSL,No,Yes,Month-to-month,Yes,Electronic check,20.0,855.76,No
DEMO-02486,Female,No,Yes,No,72,No,DSL,No internet service,No,One year,No,Bank transfer,67.57,4871.62,No
DEMO-02487,Male,No,No,Yes,30,Yes,Fiber optic,No,Yes,Two year,No,Electronic check,108.35,3236.72,No
DEMO-02488,Female,No,Yes,No,20,Yes,DSL,Yes,Yes,Month-to-month,Yes,Bank transfer,36.56,631.77,No
DEMO-02489,Male,No,No,No,38,Yes,DSL,No internet service,No,One year,No,Mailed check,32.02,1216.44,Yes
DEMO-02490,Male,No,No,Yes,41,Yes,DSL,No,No,Two year,Yes,Bank transfer,77.52,3130.47,No
DEMO-02491,Male,No,No,Yes,72,Yes,No,Yes,No,Month-to-month,Yes,Credit card,106.69,7861.85,No
DEMO-02492,Female,Yes,No,No,30,Yes,Fiber optic,No,Yes,Month-to-month,Yes,Mailed check,80.13,2460.84,No
DEMO-02493,Male,No,Yes,Yes,10,Yes,Fiber optic,No,No,Two year,No,Electronic check,24.38,385.84,No
DEMO-02494,Female,No,Yes,No,23,Yes,Fiber optic,Yes,Yes,Two year,Yes,Credit card,29.92,709.01,Yes
DEMO-02495,Male,No,Yes,No,38,Yes,Fiber optic,No,No,Month-to-month,Yes,Mailed check,74.44,2953.31,Yes
DEMO-02496,Female,No,Yes,Yes,43,Yes,DSL,Yes,Yes,Month-to-month,No,Mailed check,42.52,1728.29,No
DEMO-02497,Male,No,Yes,No,6,No,Fiber optic,Yes,No,Month-to-month,No,Electronic check,75.42,477.48,Yes
DEMO-02498,Female,No,Yes,No,21,No,Fiber optic,No internet service,No,Two year,No,Mailed check,76.9,1527.98,Yes
DEMO-02499,Female,No,No,No,72,Yes,Fiber optic,No,No,Month-to-month,Yes,Bank transfer,59.76,4258.76,No
DEMO-02500,Female,No,Yes,Yes,14,Yes,DSL,No,No,Month-to-month,No,Credit card,117.37,1647.34,No
DEMO-02501,Female,No,No,No,57,Yes,No,Yes,No,One year,No,Bank transfer,86.76,4849.6,No
DEMO-02502,Female,No,Yes,Yes,24,Yes,Fiber optic,No internet service,No,Two year,Yes,Mailed check,102.29,2308.74,No
DEMO-02503,Male,No,No,No,31,Yes,DSL,Yes,No,Two year,Yes,Credit card,95.01,3043.68,No
DEMO-02504,Female,No,Yes,No,7,No,No,Yes,No,Month-to-month,Yes,Credit card,68.25,309.69,Yes
DEMO-02505,Male,No,Yes,Yes,25,Yes,DSL,No,Yes,Month-to-month,No,Electronic check,67.14,1847.51,No
DEMO-02506,Female,No,Yes,No,37,Yes,DSL,Yes,No,Two year,No,Bank transfer,64.56,2307.15,Yes
DEMO-02507,Male,No,No,Yes,30,No,DSL,Yes,No,Two year,Yes,Electronic check,89.03,2727.55,No
DEMO-02508,Male,No,No,No,27,No,No,No,No,Month-to-month,Yes,Electronic check,55.74,1567.49,No
DEMO-02509,Male,No,No,No,47,Yes,DSL,No,No,One year,No,Credit card,115.13,5300.55,No
DEMO-02510,Female,No,Yes,No,9,Yes,Fiber optic,No internet service,No,Month-to-month,No,Credit card,53.35,526.16,Yes
DEMO-02511,Female,No,Yes,No,39,No,Fiber optic,No,No,Month-to-month,No,Credit card,77.36,3034.2,No
DEMO-02512,Male,No,No,No,3,Yes,Fiber optic,No,No,Month-to-month,Yes,Mailed check,66.27,261.94,Yes
DEMO-02513,Female,No,No,Yes,68,Yes,Fiber optic,No internet service,No,Month-to-month,No,Electronic check,60.73,4250.6,No
DEMO-02514,Male,No,Yes,No,28,Yes,DSL,No internet service,Yes,Month-to-month,Yes,Electronic check,126.31,3618.05,No
DEMO-02515,Female,No,Yes,No,54,Yes,Fiber optic,No internet service,Yes,Two year,Yes,Electronic check,61.02,3208.24,No
DEMO-02516,Male,No,Yes,Yes,0,Yes,Fiber optic,No,No,Month-to-month,No,Mailed check,64.38,0.0,Yes
DEMO-02517,Female,No,No,No,49,Yes,Fiber optic,Yes,Yes,Month-to-month,Yes,Bank transfer,55.4,2632.2,Yes
DEMO-02518,Female,No,Yes,No,16,Yes,DSL,Yes,No,Month-to-month,No,Bank transfer,73.03,1110.9,Yes
DEMO-02519,Male,No,Yes,Yes,31,No,Fiber optic,Yes,No,Month-to-month,Yes,Electronic check,69.47,2202.37,Yes
DEMO-02520,Male,No,No,No,50,Yes,Fiber optic,No,Yes,Month-to-month,No,Electronic check,44.02,2261.51,No
DEMO-02521,Female,No,No,No,29,Yes,Fiber optic,No,No,One year,Yes,Electronic check,61.39,1838.51,No
DEMO-02522,Male,No,No,Yes,46,Yes,Fiber optic,No,No,Month-to-month,Yes,Bank transfer,87.24,4041.82,Yes
DEMO-02523,Female,No,Yes,No,24,Yes,DSL,No internet service,No,One year,Yes,Electronic check,97.67,2388.14,Yes
DEMO-02524,Male,No,Yes,Yes,72,Yes,DSL,Yes,Yes,Two year,No,Electronic check,72.6,5181.73,No
DEMO-02525,Female,No,No,Yes,27,Yes,DSL,No internet service,No,Month-to-month,No,Mailed check,73.47,2118.8,No
DEMO-02526,Female,No,Yes,Yes,28,Yes,Fiber optic,No,No,Two year,No,Electronic check,62.98,1830.24,Yes
DEMO-02527,Female,No,Yes,No,28,Yes,DSL,No,No,Two year,No,Mailed check,59.44,1662.22,No
DEMO-02528,Male,Yes,Yes,Yes,31,Yes,DSL,No,No,Two year,No,Credit card,49.01,1631.94,No
DEMO-02529,Female,No,No,Yes,9,No,DSL,Yes,No,One year,Yes,Electronic check,33.08,246.2,Yes
DEMO-02530,Male,No,No,Yes,13,Yes,DSL,No,Yes,One year,Yes,Electronic check,54.44,719.68,Yes
DEMO-02531,Male,No,No,No,60,Yes,Fiber optic,No internet service,No,One year,No,Electronic check,94.6,5765.49,No
DEMO-02532,Female,No,Yes,Yes,54,Yes,Fiber optic,No,No,One year,Yes,Electronic check,61.39,3193.25,Yes
DEMO-02533,Female,No,Yes,Yes,52,Yes,Fiber optic,No,Yes,Month-to-month,Yes,Credit card,63.35,3516.47,Yes
DEMO-02534,Male,No,No,No,43,Yes,Fiber optic,No,No,Two year,Yes,Bank transfer,62.86,2644.09,No
DEMO-02535,Female,No,Yes,No,20,Yes,Fiber optic,No,No,One year,No,Mailed check,103.12,2017.15,Yes
DEMO-02536,Female,No,Yes,Yes,19,Yes,Fiber optic,No,No,One year,Yes,Bank transfer,48.79,929.02,No
DEMO-02537,Male,No,No,No,30,Yes,No,Yes,No,Month-to-month,Yes,Electronic check,78.93,2441.9,Yes
DEMO-02538,Female,No,Yes,No,67,Yes,No,No,Yes,Month-to-month,No,Mailed check,70.29,4792.99,No
DEMO-02539,Male,No,Yes,No,36,Yes,No,Yes,No,Month-to-month,No,Electronic check,73.7,2803.12,No
DEMO-02540,Female,No,Yes,No,13,Yes,No,No,No,Month-to-month,Yes,Credit card,78.11,1009.04,No
DEMO-02541,Female,No,Yes,No,7,Yes,No,No internet service,No,Month-to-month,No,Bank transfer,73.43,547.02,Yes
DEMO-02542,Female,No,No,Yes,56,No,Fiber optic,No internet service,No,Month-to-month,Yes,Electronic check,91.83,4988.66,Yes
DEMO-02543,Male,No,Yes,No,72,Yes,Fiber optic,No,Yes,Month-to-month,Yes,Credit card,71.27,5024.36,No
DEMO-02544,Male,Yes,Yes,Yes,6,Yes,Fiber optic,No,No,Month-to-month,No,Electronic check,115.61,684.53,Yes
DEMO-02545,Female,No,No,No,57,Yes,DSL,No,Yes,Month-to-month,No,Electronic check,73.11,4203.06,Yes
DEMO-02546,Male,No,Yes,Yes,42,Yes,Fiber optic,No,No,Two year,No,Electronic check,29.41,1230.6,No
DEMO-02547,Male,No,Yes,No,16,Yes,No,Yes,No,Month-to-month,Yes,Electronic check,87.96,1459.79,No
DEMO-02548,Female,No,No,No,36,Yes,Fiber optic,No,Yes,Month-to-month,Yes,Electronic check,81.8,2939.12,Yes
DEMO-02549,Male,No,Yes,No,11,Yes,DSL,No,Yes,Month-to-month,Yes,Credit card,72.81,777.51,No
DEMO-02550,Male,No,Yes,Yes,26,Yes,Fiber optic,No internet service,No,Month-to-month,Yes,Electronic check,65.51,1943.28,Yes
DEMO-02551,Male,No,Yes,No,31,Yes,DSL,No internet service,No,Month-to-month,Yes,Mailed check,20.0,593.68,No
DEMO-02552,Male,No,Yes,No,72,Yes,Fiber optic,No,Yes,One year,Yes,Electronic check,23.33,1781.0,No
DEMO-02553,Female,No,Yes,Yes,25,Yes,Fiber optic,Yes,Yes,Two year,Yes,Electronic check,113.19,2699.18,No
DEMO-02554,Female,No,Yes,Yes,17,Yes,Fiber optic,No,No,Month-to-month,Yes,Electronic check,57.36,987.45,Yes
DEMO-02555,Female,No,Yes,No,40,Yes,Fiber optic,No internet service,No,One year,Yes,Electronic check,96.14,3778.15,No
DEMO-02556,Male,No,No,No,46,Yes,DSL,Yes,Yes,Month-to-month,Yes,Mailed check,31.92,1666.32,No
DEMO-02557,Female,No,Yes,Yes,17,Yes,Fiber optic,No internet service,No,Month-to-month,Yes,Electronic check,45.83,723.35,Yes
DEMO-02558,Female,No,Yes,Yes,12,Yes,DSL,Yes,No,Month-to-month,Yes,Electronic check,88.97,1064.55,Yes
DEMO-02559,Female,Yes,Yes,No,13,Yes,Fiber optic,No internet service,No,Month-to-month,Yes,Bank transfer,69.44,820.37,Yes
DEMO-02560,Male,No,Yes,No,72,Yes,Fiber optic,No internet service,Yes,One year,Yes,Credit card,85.44,6063.32,No
DEMO-02561,Female,No,Yes,Yes,45,Yes,DSL,No internet service,No,One year,Yes,Electronic check,71.66,3217.08,Yes
DEMO-02562,Female,No,Yes,No,24,No,No,No,Yes,One year,Yes,Bank transfer,66.81,1639.7,No
DEMO-02563,Male,No,Yes,No,64,Yes,Fiber optic,No internet service,No,Month-to-month,No,Bank transfer,55.0,3625.76,Yes
DEMO-02564,Female,No,No,Yes,16,Yes,DSL,No,No,One year,Yes,Bank transfer,42.15,616.49,No
DEMO-02565,Female,No,Yes,No,29,Yes,Fiber optic,Yes,Yes,Month-to-month,No,Bank transfer,107.07,3045.45,Yes
DEMO-02566,Male,No,Yes,No,11,Yes,DSL,No,Yes,Month-to-month,No,Mailed check,111.18,1351.49,Yes
DEMO-02567,Male,No,No,No,62,Yes,DSL,No internet service,Yes,Month-to-month,Yes,Credit card,46.03,3013.25,Yes
DEMO-02568,Male,No,No,No,15,Yes,No,Yes,Yes,One year,Yes,Electronic check,44.4,657.58,No
DEMO-02569,Male,No,No,No,16,Yes,Fiber optic,No,Yes,Two year,Yes,Mailed check,63.31,1059.53,No
DEMO-02570,Male,No,No,No,40,Yes,Fiber optic,No,No,Month-to-month,Yes,Bank transfer,80.51,3387.36,No
DEMO-02571,Female,Yes,No,Yes,2,No,Fiber optic,No internet service,No,Month-to-month,Yes,Credit card,67.45,399.78,Yes
DEMO-02572,Male,No,No,No,8,Yes,No,Yes,Yes,One year,Yes,Mailed check,84.49,717.81,No
DEMO-02573,Male,No,Yes,No,51,Yes,No,Yes,Yes,Two year,Yes,Credit card,70.77,3684.6,No
DEMO-02574,Male,No,Yes,No,13,Yes,DSL,Yes,No,Month-to-month,Yes,Bank transfer,69.13,911.98,Yes
DEMO-02575,Female,No,No,No,72,Yes,DSL,No,No,One year,Yes,Bank transfer,132.33,9379.75,No
DEMO-02576,Male,No,Yes,No,35,Yes,Fiber optic,No,No,One year,No,Credit card,58.87,2095.1,No
DEMO-02577,Female,No,Yes,No,5,Yes,DSL,No,No,Two year,Yes,Bank transfer,113.0,702.12,No
DEMO-02578,Male,No,No,Yes,72,Yes,Fiber optic,No,Yes,Month-to-month,Yes,Bank transfer,108.17,7712.92,Yes
DEMO-02579,Male,No,No,No,35,No,DSL,No,Yes,Two year,No,Credit card,84.6,2775.55,No
DEMO-02580,Male,Yes,Yes,No,26,Yes,Fiber optic,Yes,No,Month-to-month,No,Electronic check,23.85,679.18,Yes
DEMO-02581,Male,No,No,No,35,Yes,DSL,Yes,No,Two year,Yes,Credit card,72.78,2371.67,Yes
DEMO-02582,Male,No,Yes,No,5,Yes,Fiber optic,No,No,Month-to-month,Yes,Credit card,59.13,138.44,Yes
DEMO-02583,Female,No,No,No,30,Yes,Fiber optic,No internet service,No,Month-to-month,Yes,Bank transfer,72.5,2011.54,Yes
DEMO-02584,Male,No,No,No,14,Yes,DSL,No,No,Month-to-month,No,Electronic check,45.43,435.73,Yes
DEMO-02585,Female,Yes,No,No,28,Yes,No,No,Yes,Month-to-month,No,Electronic check,90.91,2651.22,Yes
DEMO-02586,Male,No,Yes,No,21,Yes,Fiber optic,No internet service,Yes,Month-to-month,Yes,Electronic check,96.62,2042.85,Yes
DEMO-02587,Female,No,Yes,No,33,Yes,Fiber optic,No,No,Month-to-month,No,Electronic check,101.25,3546.92,Yes
DEMO-02588,Male,No,No,Yes,23,Yes,No,Yes,Yes,Month-to-month,Yes,Bank transfer,62.45,1509.82,No
DEMO-02589,Female,No,Yes,No,20,Yes,DSL,No,Yes,Month-to-month,Yes,Credit card,45.51,1116.34,No
DEMO-02590,Male,No,No,No,13,Yes,DSL,Yes,No,One year,Yes,Bank transfer,80.79,985.87,No
DEMO-02591,Female,No,Yes,No,5,Yes,DSL,No internet service,No,Two year,No,Mailed check,115.9,615.74,Yes
DEMO-02592,Male,No,No,No,4,Yes,DSL,No internet service,No,One year,No,Credit card,73.73,167.51,Yes
DEMO-02593,Female,No,Yes,Yes,9,Yes,No,Yes,Yes,Month-to-month,Yes,Credit card,83.31,722.06,No
DEMO-02594,Female,Yes,Yes,Yes,48,Yes,No,No,No,Month-to-month,No,Bank transfer,66.13,3317.7,No
DEMO-02595,Male,No,No,No,12,Yes,Fiber optic,Yes,Yes,Two year,No,Mailed check,59.41,708.87,No
DEMO-02596,Female,No,No,No,17,Yes,Fiber optic,Yes,Yes,Month-to-month,Yes,Bank transfer,88.46,1480.34,No
DEMO-02597,Female,No,Yes,No,17,Yes,No,Yes,No,Month-to-month,No,Mailed check,69.35,1176.73,Yes
DEMO-02598,Male,No,Yes,No,21,Yes,DSL,Yes,No,Two year,No,Electronic check,82.09,1738.25,Yes
DEMO-02599,Female,No,Yes,No,42,Yes,DSL,No,No,Two year,Yes,Bank transfer,84.69,3571.46,No
DEMO-02600,Male,No,Yes,No,23,Yes,No,No,Yes,Month-to-month,Yes,Bank transfer,80.69,1989.18,No
DEMO-02601,Female,No,No,No,55,Yes,Fiber optic,No,No,One year,No,Mailed check,85.95,4655.15,No
DEMO-02602,Male,No,No,No,9,Yes,DSL,No internet service,Yes,Month-to-month,No,Credit card,50.67,435.36,No
DEMO-02603,Male,No,No,No,51,Yes,Fiber optic,No internet service,No,One year,Yes,Credit card,49.15,2516.44,Yes
DEMO-02604,Female,No,No,Yes,72,Yes,DSL,Yes,No,Month-to-month,Yes,Bank transfer,70.93,5016.61,No
DEMO-02605,Female,No,Yes,No,29,Yes,Fiber optic,No,No,Month-to-month,No,Electronic check,71.54,2029.99,Yes
DEMO-02606,Male,No,Yes,No,11,No,Fiber optic,No internet service,No,One year,Yes,Electronic check,58.94,724.98,Yes
DEMO-02607,Male,No,No,No,43,No,DSL,No internet service,No,Month-to-month,No,Bank transfer,78.03,3272.88,No
DEMO-02608,Female,No,No,Yes,30,Yes,Fiber optic,No,No,One year,Yes,Credit card,94.71,3118.68,No
DEMO-02609,Female,Yes,Yes,No,38,Yes,Fiber optic,Yes,Yes,Month-to-month,Yes,Mailed check,101.69,4027.88,Yes
DEMO-02610,Male,No,No,No,56,Yes,Fiber optic,No,No,Two year,No,Electronic check,107.31,6027.05,No
DEMO-02611,Male,No,No,No,22,Yes,Fiber optic,No,No,Two year,Yes,Electronic check,39.13,918.42,No
DEMO-02612,Male,No,Yes,Yes,19,Yes,Fiber optic,Yes,No,Month-to-month,Yes,Electronic check,42.93,892.72,Yes
DEMO-02613,Female,No,No,No,72,Yes,DSL,Yes,Yes,One year,Yes,Bank transfer,64.76,4718.72,No
DEMO-02614,Male,No,Yes,No,43,Yes,DSL,No,No,Month-to-month,No,Mailed check,74.01,3191.97,No
DEMO-02615,Male,No,No,No,62,Yes,Fiber optic,No,No,Month-to-month,Yes,Electronic check,66.04,4369.67,No
DEMO-02616,Male,No,No,Yes,53,Yes,Fiber optic,No,No,Month-to-month,No,Mailed check,58.18,3011.71,No
DEMO-02617,Male,Yes,No,Yes,63,Yes,DSL,No internet service,No,Two year,No,Credit card,64.39,4017.87,No
DEMO-02618,Male,Yes,Yes,Yes,39,Yes,No,No,Yes,Two year,No,Mailed check,84.08,3286.39,No
DEMO-02619,Male,No,Yes,No,58,Yes,No,No,No,Two year,Yes,Electronic check,38.76,2312.58,No
DEMO-02620,Female,Yes,Yes,No,17,Yes,DSL,No internet service,No,Two year,Yes,Bank transfer,130.58,2421.04,No
DEMO-02621,Male,Yes,Yes,No,5,Yes,DSL,Yes,No,Two year,Yes,Credit card,72.52,362.44,No
DEMO-02622,Male,Yes,No,No,13,Yes,Fiber optic,No,Yes,Month-to-month,Yes,Electronic check,98.27,1335.36,No
DEMO-02623,Male,No,No,No,26,Yes,DSL,Yes,No,Two year,Yes,Electronic check,57.5,1533.56,No
DEMO-02624,Male,No,No,Yes,24,Yes,No,No internet service,No,One year,Yes,Bank transfer,86.36,2064.37,Yes
DEMO-02625,Male,No,No,No,30,Yes,Fiber optic,Yes,Yes,Month-to-month,No,Electronic check,74.5,2359.17,No
DEMO-02626,Female,No,Yes,No,16,Yes,DSL,Yes,Yes,One year,No,Credit card,93.42,1537.56,No
DEMO-02627,Male,No,Yes,No,3,Yes,Fiber optic,No,No,Month-to-month,No,Bank transfer,67.03,299.95,Yes
DEMO-02628,Female,No,Yes,No,21,No,DSL,No internet service,No,Month-to-month,Yes,Electronic check,110.79,2297.28,Yes
DEMO-02629,Female,No,No,Yes,8,Yes,Fiber optic,No internet service,No,Month-to-month,Yes,Credit card,34.7,223.53,Yes
DEMO-02630,Male,No,No,No,29,Yes,DSL,No,Yes,Month-to-month,No,Bank transfer,95.73,2741.85,No
DEMO-02631,Female,No,Yes,No,40,Yes,No,No internet service,No,Month-to-month,No,Mailed check,74.97,3028.7,Yes
DEMO-02632,Male,No,No,No,21,Yes,Fiber optic,Yes,Yes,Two year,Yes,Electronic check,46.54,1089.11,Yes
DEMO-02633,Male,Yes,Yes,Yes,10,No,No,Yes,No,One year,Yes,Bank transfer,120.8,1417.67,Yes
DEMO-02634,Male,No,No,No,31,Yes,DSL,Yes,Yes,Month-to-month,No,Credit card,118.22,3682.32,Yes
DEMO-02635,Female,No,Yes,No,72,Yes,Fiber optic,Yes,No,Month-to-month,Yes,Electronic check,20.15,1637.13,No
DEMO-02636,Female,No,No,No,43,Yes,No,No,Yes,Month-to-month,Yes,Mailed check,76.42,3348.68,Yes
DEMO-02637,Female,No,Yes,No,46,Yes,Fiber optic,No,No,Month-to-month,Yes,Credit card,89.64,4056.6,No
DEMO-02638,Female,No,Yes,Yes,19,Yes,Fiber optic,No,Yes,Two year,Yes,Mailed check,83.04,1589.65,No
DEMO-02639,Female,No,No,No,14,Yes,No,No,No,Month-to-month,Yes,Electronic check,109.89,1615.39,Yes
DEMO-02640,Female,No,Yes,No,63,Yes,Fiber optic,No,Yes,One year,Yes,Electronic check,104.69,6680.13,No
DEMO-02641,Female,No,No,Yes,1,Yes,No,No internet service,Yes,One year,Yes,Bank transfer,78.63,30.67,No
DEMO-02642,Female,No,No,No,16,Yes,Fiber optic,No,No,One year,No,Bank transfer,128.93,2027.27,Yes
DEMO-02643,Female,No,No,No,72,Yes,Fiber optic,No,Yes,Two year,No,Electronic check,95.42,6836.72,No
DEMO-02644,Female,No,Yes,No,28,Yes,Fiber optic,No internet service,No,Month-to-month,Yes,Electronic check,63.21,1750.12,Yes
DEMO-02645,Female,No,Yes,Yes,6,Yes,Fiber optic,Yes,No,Two year,Yes,Bank transfer,58.19,379.68,Yes
DEMO-02646,Male,Yes,No,No,41,No,DSL,Yes,Yes,One year,Yes,Bank transfer,103.08,4415.09,No
DEMO-02647,Female,No,No,No,21,Yes,No,No,No,Two year,No,Electronic check,52.18,1053.66,No
DEMO-02648,Female,No,No,No,4,No,Fiber optic,No,Yes,One year,Yes,Mailed check,61.76,83.08,No
DEMO-02649,Male,No,Yes,No,35,Yes,Fiber optic,Yes,No,Two year,No,Bank transfer,66.01,2139.96,No
DEMO-02650,Male,No,No,No,31,Yes,No,Yes,Yes,Two year,No,Electronic check,80.89,2589.27,No
DEMO-02651,Male,No,Yes,No,30,Yes,Fiber optic,No,No,Month-to-month,No,Electronic check,67.16,1960.29,Yes
DEMO-02652,Female,No,No,Yes,43,Yes,DSL,No,No,Two year,Yes,Credit card,39.08,1707.4,No
DEMO-02653,Female,No,No,No,10,Yes,Fiber optic,No internet service,Yes,One year,No,Credit card,101.05,939.74,No
DEMO-02654,Female,No,No,Yes,38,Yes,Fiber optic,No,No,Month-to-month,Yes,Electronic check,61.89,2337.0,Yes
DEMO-02655,Female,No,No,No,33,Yes,DSL,No internet service,Yes,Two year,No,Credit card,122.5,4009.99,Yes
DEMO-02656,Male,Yes,No,Yes,62,Yes,DSL,No,No,Month-to-month,No,Bank transfer,79.6,4866.52,Yes
DEMO-02657,Female,No,No,No,16,Yes,Fiber optic,No,Yes,One year,No,Credit card,103.68,1782.52,No
DEMO-02658,Female,Yes,No,No,70,No,Fiber optic,No,Yes,Month-to-month,No,Credit card,87.77,6274.89,No
DEMO-02659,Female,No,Yes,No,53,Yes,No,Yes,Yes,Month-to-month,No,Bank transfer,104.88,5622.62,No
DEMO-02660,Male,No,Yes,Yes,27,Yes,Fiber optic,Yes,No,Two year,Yes,Mailed check,86.26,2533.41,No
DEMO-02661,Female,No,No,Yes,30,Yes,Fiber optic,Yes,No,Month-to-month,Yes,Electronic check,77.88,2204.84,No
DEMO-02662,Female,No,No,Yes,2,Yes,DSL,Yes,No,Month-to-month,Yes,Bank transfer,99.33,177.56,Yes
DEMO-02663,Male,Yes,Yes,No,29,Yes,No,No,No,Month-to-month,Yes,Mailed check,134.15,3855.43,Yes
DEMO-02664,Male,No,Yes,Yes,50,Yes,No,No internet service,No,Month-to-month,Yes,Bank transfer,65.26,3333.94,No
DEMO-02665,Female,No,Yes,No,24,Yes,No,No,No,Two year,Yes,Electronic check,91.87,2078.82,No
DEMO-02666,Female,No,Yes,Yes,62,Yes,Fiber optic,Yes,No,Two year,Yes,Credit card,71.87,4522.68,No
DEMO-02667,Female,No,No,No,41,Yes,DSL,Yes,Yes,Month-to-month,Yes,Credit card,84.65,3326.35,Yes
DEMO-02668,Female,No,Yes,No,72,Yes,Fiber optic,No,No,One year,Yes,Electronic check,73.05,5334.39,No
DEMO-02669,Male,No,No,No,17,Yes,Fiber optic,No,Yes,Month-to-month,No,Bank transfer,20.0,455.49,Yes
DEMO-02670,Female,No,Yes,Yes,47,No,DSL,No internet service,No,One year,Yes,Credit card,67.0,3035.81,No
DEMO-02671,Female,No,Yes,No,8,Yes,DSL,No internet service,No,Month-to-month,No,Bank transfer,96.99,739.2,Yes
DEMO-02672,Female,No,No,No,25,Yes,DSL,No internet service,Yes,Month-to-month,Yes,Credit card,52.87,1440.77,Yes
DEMO-02673,Female,No,Yes,Yes,43,Yes,Fiber optic,No,No,Month-to-month,Yes,Mailed check,95.02,4225.05,Yes
DEMO-02674,Male,No,No,No,49,Yes,No,No internet service,Yes,One year,No,Electronic check,76.59,3610.14,No
DEMO-02675,Female,No,No,No,22,No,Fiber optic,No internet service,No,Month-to-month,No,Mailed check,67.21,1516.28,No
DEMO-02676,Female,No,Yes,No,67,Yes,Fiber optic,No,No,Month-to-month,Yes,Mailed check,94.65,6406.91,No
DEMO-02677,Female,No,No,No,72,Yes,DSL,No,No,Two year,Yes,Electronic check,89.03,6409.23,Yes
DEMO-02678,Male,No,Yes,Yes,17,Yes,Fiber optic,No,No,One year,No,Credit card,82.51,1546.28,No
DEMO-02679,Female,No,No,No,26,Yes,Fiber optic,No,Yes,Month-to-month,No,Bank transfer,97.4,2477.71,No
DEMO-02680,Male,No,Yes,No,24,Yes,DSL,No,No,Two year,No,Mailed check,77.08,1808.43,No
DEMO-02681,Female,No,Yes,No,19,Yes,Fiber optic,Yes,No,Two year,Yes,Mailed check,30.88,520.8,Yes
DEMO-02682,Female,No,Yes,No,72,Yes,DSL,No,Yes,Month-to-month,Yes,Mailed check,62.55,4528.16,No
DEMO-02683,Female,No,Yes,Yes,72,Yes,No,Yes,Yes,One year,Yes,Mailed check,26.89,1909.22,No
DEMO-02684,Female,No,No,Yes,24,Yes,No,Yes,Yes,Month-to-month,Yes,Bank transfer,88.43,2209.55,Yes
DEMO-02685,Male,No,No,No,47,No,DSL,No internet service,No,One year,Yes,Electronic check,94.4,4402.05,Yes
DEMO-02686,Male,No,No,No,62,Yes,Fiber optic,No internet service,No,Month-to-month,Yes,Credit card,95.54,5906.9,Yes
DEMO-02687,Female,No,Yes,Yes,36,Yes,Fiber optic,No internet service,Yes,One year,No,Credit card,84.23,3057.57,No
DEMO-02688,Female,No,Yes,No,23,Yes,DSL,No internet service,Yes,Month-to-month,Yes,Bank transfer,96.2,2134.85,No
DEMO-02689,Female,No,Yes,Yes,16,Yes,Fiber optic,Yes,No,Month-to-month,Yes,Bank transfer,32.58,628.23,Yes
DEMO-02690,Male,No,No,Yes,50,No,Fiber optic,No,Yes,Two year,Yes,Credit card,69.31,3539.4,No
DEMO-02691,Male,No,No,No,9,No,Fiber optic,Yes,Yes,Month-to-month,No,Electronic check,36.63,400.31,Yes
DEMO-02692,Male,No,Yes,No,23,Yes,DSL,No,Yes,Two year,No,Electronic check,63.04,1353.21,No
DEMO-02693,Female,No,Yes,Yes,20,Yes,Fiber optic,No,No,Two year,Yes,Electronic check,112.41,2408.12,Yes
DEMO-02694,Male,No,No,Yes,8,Yes,DSL,No internet service,Yes,Two year,No,Mailed check,99.33,614.84,Yes
DEMO-02695,Female,No,Yes,Yes,28,Yes,DSL,No internet service,Yes,Month-to-month,No,Electronic check,88.56,2559.1,Yes
DEMO-02696,Male,No,Yes,No,25,Yes,DSL,No,No,Two year,No,Bank transfer,67.46,1705.91,No
DEMO-02697,Male,No,Yes,No,13,Yes,DSL,No,Yes,Month-to-month,Yes,Mailed check,47.16,685.28,No
DEMO-02698,Male,No,No,Yes,72,Yes,DSL,No,No,Month-to-month,No,Electronic check,76.68,5504.92,No
DEMO-02699,Female,No,No,Yes,50,Yes,Fiber optic,No,No,Two year,Yes,Mailed check,99.77,5002.47,No
DEMO-02700,Male,No,Yes,No,30,Yes,Fiber optic,Yes,No,One year,Yes,Electronic check,82.25,2543.01,No
DEMO-02701,Female,No,No,Yes,56,Yes,DSL,No,No,Month-to-month,Yes,Bank transfer,32.36,1817.61,Yes
DEMO-02702,Female,No,No,No,65,Yes,DSL,Yes,Yes,Month-to-month,Yes,Electronic check,74.62,4877.42,No
DEMO-02703,Male,Yes,No,No,72,Yes,No,Yes,No,Two year,No,Electronic check,24.17,1770.61,No
DEMO-02704,Male,Yes,No,No,16,Yes,No,No internet service,Yes,One year,Yes,Electronic check,92.1,1698.61,Yes
DEMO-02705,Female,No,No,No,56,Yes,DSL,No,No,Month-to-month,Yes,Bank transfer,54.67,2907.37,No
DEMO-02706,Male,No,No,No,26,Yes,Fiber optic,No,Yes,Two year,Yes,Electronic check,41.42,1212.17,No
DEMO-02707,Male,No,Yes,Yes,35,Yes,DSL,No,No,Month-to-month,No,Bank transfer,92.45,3286.64,No
DEMO-02708,Female,No,No,No,17,Yes,No,No,Yes,Month-to-month,Yes,Credit card,85.98,1500.14,Yes
DEMO-02709,Male,No,No,No,29,Yes,Fiber optic,No internet service,No,One year,No,Mailed check,77.81,2134.92,No
DEMO-02710,Male,No,No,No,56,Yes,DSL,No internet service,Yes,Two year,No,Electronic check,126.79,7221.13,No
DEMO-02711,Male,No,No,Yes,72,No,Fiber optic,Yes,Yes,Month-to-month,No,Bank transfer,87.87,6218.91,No
DEMO-02712,Female,No,Yes,Yes,27,Yes,Fiber optic,No,No,Month-to-month,Yes,Electronic check,55.88,1661.64,Yes
DEMO-02713,Female,No,Yes,No,13,Yes,DSL,Yes,No,Month-to-month,Yes,Credit card,84.98,1055.98,No
DEMO-02714,Female,No,No,No,72,Yes,DSL,No internet service,No,Two year,Yes,Credit card,64.85,4822.07,No
DEMO-02715,Female,No,Yes,No,16,Yes,Fiber optic,Yes,Yes,Month-to-month,Yes,Mailed check,103.67,1593.37,Yes
DEMO-02716,Male,No,No,Yes,5,Yes,DSL,No internet service,Yes,Month-to-month,Yes,Electronic check,79.02,307.32,Yes
DEMO-02717,Female,No,No,No,18,Yes,DSL,No internet service,No,Two year,No,Bank transfer,81.5,1462.75,No
DEMO-02718,Male,No,Yes,No,2,Yes,No,No internet service,Yes,Month-to-month,No,Bank transfer,35.94,3.05,Yes
DEMO-02719,Male,No,No,Yes,63,Yes,Fiber optic,No,No,Month-to-month,Yes,Electronic check,73.53,4614.13,No
DEMO-02720,Male,No,No,No,15,No,Fiber optic,No,Yes,Month-to-month,No,Bank transfer,70.59,1232.85,No
DEMO-02721,Male,No,No,No,10,Yes,Fiber optic,No,No,Two year,No,Electronic check,46.39,413.9,No
DEMO-02722,Female,No,Yes,No,32,No,Fiber optic,Yes,No,Month-to-month,Yes,Credit card,66.46,2149.47,Yes
DEMO-02723,Male,No,No,No,72,Yes,Fiber optic,Yes,Yes,Month-to-month,No,Credit card,82.89,6132.58,No
DEMO-02724,Male,No,Yes,No,42,Yes,Fiber optic,No,No,Month-to-month,Yes,Electronic check,71.89,3048.55,No
DEMO-02725,Male,No,Yes,No,8,No,DSL,No,No,One year,Yes,Electronic check,36.7,411.51,Yes
DEMO-02726,Female,No,No,No,72,Yes,DSL,No internet service,No,One year,No,Mailed check,65.17,4753.2,No
DEMO-02727,Female,No,No,No,38,No,DSL,Yes,No,Month-to-month,Yes,Credit card,60.3,2396.62,Yes
DEMO-02728,Female,No,No,No,58,Yes,Fiber optic,No,No,Month-to-month,No,Electronic check,76.84,4455.31,Yes
DEMO-02729,Female,No,Yes,No,7,Yes,Fiber optic,No,No,Two year,No,Electronic check,74.14,582.45,No
DEMO-02730,Male,No,No,No,72,Yes,Fiber optic,Yes,No,Month-to-month,Yes,Bank transfer,61.71,4629.22,No
DEMO-02731,Female,No,No,Yes,22,No,Fiber optic,No,No,Month-to-month,Yes,Electronic check,60.73,1308.26,Yes
DEMO-02732,Male,No,No,Yes,6,Yes,No,Yes,No,Month-to-month,Yes,Electronic check,73.68,489.19,Yes
DEMO-02733,Male,No,Yes,No,35,Yes,DSL,No,No,Month-to-month,Yes,Credit card,96.07,3299.85,No
DEMO-02734,Female,No,Yes,Yes,58,Yes,Fiber optic,Yes,No,Month-to-month,Yes,Bank transfer,78.97,4689.19,No
DEMO-02735,Male,Yes,Yes,No,47,Yes,Fiber optic,No,Yes,Month-to-month,No,Bank transfer,107.58,4894.46,No
DEMO-02736,Male,No,No,No,46,Yes,Fiber optic,No,Yes,Month-to-month,No,Electronic check,100.33,4590.77,Yes
DEMO-02737,Female,No,No,No,44,Yes,Fiber optic,No,Yes,Month-to-month,Yes,Bank transfer,109.42,4920.31,Yes
DEMO-02738,Female,No,Yes,No,33,Yes,DSL,No internet service,No,One year,Yes,Bank transfer,106.22,3495.19,No
DEMO-02739,Female,No,No,Yes,7,Yes,No,No,No,One year,Yes,Mailed check,111.07,603.57,Yes
DEMO-02740,Male,No,Yes,No,25,Yes,Fiber optic,No,Yes,Month-to-month,No,Credit card,43.17,1007.34,Yes
DEMO-02741,Male,No,Yes,No,23,Yes,No,No,No,Two year,Yes,Electronic check,88.19,1965.07,No
DEMO-02742,Female,No,Yes,Yes,72,Yes,Fiber optic,No,Yes,Month-to-month,Yes,Mailed check,102.46,7539.59,Yes
DEMO-02743,Female,No,No,No,63,Yes,No,No internet service,Yes,One year,Yes,Credit card,106.98,6823.86,No
DEMO-02744,Male,No,No,No,20,Yes,DSL,Yes,Yes,Month-to-month,No,Electronic check,52.73,1148.93,No
DEMO-02745,Female,No,Yes,No,52,Yes,Fiber optic,No,No,One year,Yes,Credit card,88.43,4480.24,No
DEMO-02746,Female,No,Yes,No,28,Yes,DSL,Yes,Yes,Month-to-month,Yes,Mailed check,73.88,2074.02,No
DEMO-02747,Female,No,No,Yes,5,Yes,DSL,Yes,Yes,Month-to-month,No,Electronic check,118.18,751.47,Yes
DEMO-02748,Male,No,No,No,2,No,DSL,No,No,Month-to-month,No,Electronic check,37.32,169.18,Yes
DEMO-02749,Female,No,No,Yes,48,Yes,Fiber optic,No,No,Month-to-month,Yes,Electronic check,52.77,2487.1,Yes
DEMO-02750,Male,No,No,No,11,Yes,Fiber optic,No,No,Month-to-month,No,Credit card,26.73,377.53,Yes
DEMO-02751,Male,No,No,No,11,Yes,Fiber optic,No,Yes,One year,No,Credit card,75.62,708.31,Yes
DEMO-02752,Male,No,No,Yes,16,Yes,DSL,Yes,Yes,Two year,No,Bank transfer,128.6,1976.79,No
DEMO-02753,Female,Yes,No,No,49,Yes,DSL,No,Yes,Month-to-month,No,Electronic check,70.89,3290.2,No
DEMO-02754,Female,No,No,Yes,63,Yes,Fiber optic,No,Yes,Two year,No,Mailed check,74.53,4689.07,No
DEMO-02755,Female,Yes,Yes,Yes,62,Yes,Fiber optic,No,No,Two year,No,Mailed check,85.76,5385.36,No
DEMO-02756,Male,Yes,No,No,5,Yes,DSL,No,No,Two year,Yes,Electronic check,69.09,253.97,Yes
DEMO-02757,Female,No,Yes,No,16,Yes,Fiber optic,No,No,One year,Yes,Electronic check,81.15,1294.11,No
DEMO-02758,Female,Yes,No,No,13,Yes,DSL,Yes,No,One year,No,Mailed check,81.81,984.48,No
DEMO-02759,Male,No,No,Yes,49,Yes,Fiber optic,No,Yes,Month-to-month,Yes,Mailed check,50.86,2437.89,Yes
DEMO-02760,Male,No,No,No,16,Yes,Fiber optic,No,Yes,One year,Yes,Bank transfer,69.65,1014.65,Yes
DEMO-02761,Male,No,Yes,Yes,27,Yes,Fiber optic,Yes,No,Two year,Yes,Mailed check,90.55,2573.85,Yes
DEMO-02762,Male,Yes,No,Yes,52,Yes,Fiber optic,No,Yes,Month-to-month,Yes,Electronic check,95.21,4886.68,No
DEMO-02763,Female,No,Yes,Yes,31,Yes,No,Yes,No,Month-to-month,No,Electronic check,104.46,3218.2,Yes
DEMO-02764,Male,No,Yes,Yes,38,Yes,DSL,No internet service,No,Month-to-month,Yes,Bank transfer,80.39,3007.17,No
DEMO-02765,Male,Yes,Yes,No,26,Yes,DSL,No,No,Two year,Yes,Bank transfer,80.89,2139.53,No
DEMO-02766,Male,No,No,No,59,Yes,No,Yes,Yes,Month-to-month,No,Electronic check,90.75,5608.17,No
DEMO-02767,Female,Yes,Yes,Yes,63,Yes,No,No,Yes,One year,Yes,Credit card,57.13,3882.69,No
DEMO-02768,Male,No,Yes,No,44,Yes,Fiber optic,Yes,Yes,Two year,No,Bank transfer,56.11,2451.84,Yes
DEMO-02769,Female,No,No,Yes,63,Yes,DSL,No internet service,Yes,Two year,Yes,Electronic check,68.88,4386.13,No
DEMO-02770,Female,Yes,No,No,72,No,DSL,Yes,Yes,Month-to-month,Yes,Electronic check,40.12,2989.82,Yes
DEMO-02771,Male,No,No,No,51,Yes,No,Yes,No,Two year,Yes,Credit card,82.17,4321.27,No
DEMO-02772,Female,No,Yes,Yes,29,Yes,Fiber optic,No internet service,No,Two year,No,Mailed check,98.23,2917.33,No
DEMO-02773,Male,No,No,No,39,Yes,DSL,No internet service,Yes,Month-to-month,No,Electronic check,54.25,2231.46,No
DEMO-02774,Male,No,No,Yes,68,No,DSL,Yes,Yes,One year,Yes,Bank transfer,82.88,5682.21,No
DEMO-02775,Female,No,Yes,No,21,Yes,Fiber optic,No,No,Month-to-month,No,Electronic check,56.27,1123.85,No
DEMO-02776,Female,No,Yes,No,20,Yes,Fiber optic,No internet service,Yes,One year,Yes,Credit card,46.59,1046.88,No
DEMO-02777,Female,No,No,No,38,Yes,No,Yes,Yes,Month-to-month,Yes,Credit card,123.39,4707.84,Yes
DEMO-02778,Female,No,Yes,Yes,29,No,Fiber optic,No internet service,No,Month-to-month,Yes,Credit card,46.94,1399.9,No
DEMO-02779,Female,No,No,No,13,No,DSL,No,Yes,Month-to-month,No,Bank transfer,40.02,389.98,Yes
DEMO-02780,Female,No,Yes,No,34,Yes,DSL,No internet service,Yes,Month-to-month,Yes,Bank transfer,77.37,2558.9,No
DEMO-02781,Female,No,No,No,72,Yes,Fiber optic,No,Yes,Month-to-month,Yes,Electronic check,78.71,5633.92,Yes
DEMO-02782,Female,No,Yes,No,43,Yes,DSL,No internet service,No,One year,No,Credit card,88.68,3871.24,No
DEMO-02783,Female,Yes,Yes,No,11,Yes,DSL,No,No,Month-to-month,Yes,Electronic check,122.03,1527.17,Yes
DEMO-02784,Male,Yes,No,No,48,Yes,DSL,No internet service,No,Month-to-month,No,Electronic check,52.57,2606.54,Yes
DEMO-02785,Male,No,Yes,No,24,Yes,DSL,No,No,One year,Yes,Credit card,57.54,1367.96,No
DEMO-02786,Male,No,Yes,Yes,72,Yes,No,Yes,No,One year,Yes,Credit card,112.22,7986.28,No
DEMO-02787,Male,No,No,No,45,Yes,DSL,No,Yes,Month-to-month,Yes,Mailed check,95.48,4426.59,No
DEMO-02788,Female,No,Yes,No,18,Yes,Fiber optic,Yes,No,Two year,No,Mailed check,92.0,1693.12,No
DEMO-02789,Female,No,No,Yes,50,Yes,Fiber optic,Yes,No,Month-to-month,Yes,Electronic check,57.25,2547.68,No
DEMO-02790,Male,No,Yes,Yes,36,Yes,DSL,No,No,Two year,Yes,Bank transfer,100.15,3714.85,Yes
DEMO-02791,Male,No,Yes,No,72,Yes,Fiber optic,No,No,Month-to-month,Yes,Electronic check,92.08,6672.35,No
DEMO-02792,Female,No,No,No,20,Yes,No,No,Yes,One year,No,Electronic check,76.74,1325.06,Yes
DEMO-02793,Male,Yes,Yes,No,45,Yes,Fiber optic,Yes,Yes,Two year,Yes,Mailed check,57.38,2649.51,No
DEMO-02794,Female,No,No,No,7,Yes,Fiber optic,Yes,Yes,Two year,No,Credit card,74.67,536.34,Yes
DEMO-02795,Male,No,No,Yes,33,Yes,No,No,Yes,One year,Yes,Credit card,113.21,3609.51,No
DEMO-02796,Male,No,No,Yes,11,Yes,No,No,No,One year,No,Credit card,44.65,700.2,Yes
DEMO-02797,Female,No,No,No,35,Yes,No,Yes,No,Month-to-month,Yes,Credit card,52.01,1869.37,No
DEMO-02798,Male,No,Yes,No,41,Yes,Fiber optic,No internet service,Yes,One year,Yes,Electronic check,56.3,2264.97,No
DEMO-02799,Female,No,Yes,No,44,Yes,Fiber optic,No internet service,No,One year,No,Electronic check,61.73,2642.87,No
DEMO-02800,Male,No,No,No,20,Yes,Fiber optic,No internet service,No,Two year,Yes,Mailed check,71.61,1418.09,Yes
DEMO-02801,Female,No,No,No,34,Yes,DSL,No,No,Month-to-month,No,Electronic check,95.96,3251.8,Yes
DEMO-02802,Female,Yes,Yes,No,66,Yes,Fiber optic,No,No,Month-to-month,No,Bank transfer,83.54,5576.27,Yes
DEMO-02803,Female,No,No,No,72,Yes,No,No,No,One year,Yes,Mailed check,73.52,5274.49,No
DEMO-02804,Male,No,No,No,35,No,DSL,No,Yes,Month-to-month,No,Credit card,78.92,2725.82,Yes
DEMO-02805,Male,No,No,No,68,Yes,No,No internet service,No,Month-to-month,Yes,Mailed check,87.6,5977.58,No
DEMO-02806,Male,No,Yes,No,14,Yes,No,No internet service,No,Month-to-month,Yes,Mailed check,29.96,380.73,Yes
DEMO-02807,Male,No,No,No,23,Yes,DSL,No,No,One year,Yes,Bank transfer,98.79,2265.51,No
DEMO-02808,Male,No,Yes,Yes,38,Yes,DSL,Yes,No,Month-to-month,No,Bank transfer,51.34,2094.0,Yes
DEMO-02809,Male,No,No,No,29,Yes,No,No,No,Month-to-month,Yes,Electronic check,60.91,1722.92,No
DEMO-02810,Male,No,No,No,26,Yes,DSL,Yes,Yes,Month-to-month,Yes,Bank transfer,80.51,2080.63,Yes
DEMO-02811,Female,No,No,No,63,Yes,Fiber optic,No,No,Two year,No,Bank transfer,70.11,4340.57,No
DEMO-02812,Female,No,Yes,Yes,12,Yes,DSL,No,No,One year,Yes,Electronic check,84.17,1120.56,Yes
DEMO-02813,Female,No,No,Yes,14,Yes,DSL,No,Yes,Month-to-month,Yes,Mailed check,75.55,888.75,Yes
DEMO-02814,Female,No,Yes,No,9,Yes,DSL,Yes,No,Month-to-month,Yes,Credit card,64.77,499.88,Yes
DEMO-02815,Male,No,Yes,Yes,38,No,DSL,No,No,Month-to-month,Yes,Electronic check,110.22,4259.74,No
DEMO-02816,Female,No,No,Yes,24,Yes,No,No,No,Month-to-month,Yes,Mailed check,89.7,2137.76,Yes
DEMO-02817,Male,No,No,Yes,59,Yes,DSL,No,Yes,One year,Yes,Electronic check,79.55,4781.73,No
DEMO-02818,Female,No,No,No,36,Yes,DSL,No,Yes,Month-to-month,No,Bank transfer,89.31,3195.85,No
DEMO-02819,Female,No,No,No,20,Yes,Fiber optic,No,No,Two year,No,Credit card,54.37,1020.19,No
DEMO-02820,Male,No,Yes,No,17,Yes,No,No internet service,No,Month-to-month,No,Electronic check,126.37,2136.06,Yes
DEMO-02821,Male,No,Yes,No,2,Yes,Fiber optic,No,Yes,One year,No,Credit card,44.81,0.0,No
DEMO-02822,Female,No,No,No,27,Yes,Fiber optic,No internet service,Yes,Month-to-month,No,Credit card,74.83,1937.83,No
DEMO-02823,Female,No,No,No,11,Yes,DSL,No internet service,No,Two year,Yes,Electronic check,64.84,804.5,Yes
DEMO-02824,Male,No,No,No,64,Yes,No,No,Yes,Two year,Yes,Credit card,63.89,4063.08,No
DEMO-02825,Female,No,No,No,23,Yes,Fiber optic,Yes,No,One year,Yes,Credit card,60.64,1391.7,No
DEMO-02826,Male,No,Yes,No,7,Yes,No,Yes,No,Month-to-month,Yes,Credit card,52.71,381.43,Yes
DEMO-02827,Female,No,No,No,72,Yes,Fiber optic,No,Yes,Month-to-month,No,Bank transfer,101.71,7166.28,No
DEMO-02828,Male,No,No,No,28,Yes,No,Yes,No,Two year,Yes,Electronic check,41.88,1016.77,No
DEMO-02829,Male,No,Yes,No,47,Yes,Fiber optic,No internet service,No,One year,No,Electronic check,96.59,4577.89,No
DEMO-02830,Female,Yes,Yes,No,20,Yes,Fiber optic,No,Yes,Month-to-month,Yes,Electronic check,88.21,1723.16,Yes
DEMO-02831,Female,No,Yes,Yes,72,Yes,Fiber optic,No,No,Month-to-month,Yes,Bank transfer,62.48,4476.54,Yes
DEMO-02832,Male,No,No,Yes,15,Yes,DSL,No,No,Month-to-month,No,Mailed check,85.32,1341.33,Yes
DEMO-02833,Female,No,Yes,Yes,24,Yes,No,No,No,Two year,Yes,Bank transfer,68.05,1539.74,No
DEMO-02834,Female,No,No,No,5,Yes,Fiber optic,Yes,No,One year,No,Credit card,44.47,165.67,No
DEMO-02835,Female,No,No,Yes,72,Yes,No,No,No,One year,No,Electronic check,44.74,3186.02,No
DEMO-02836,Female,No,No,No,18,Yes,Fiber optic,No,Yes,One year,Yes,Credit card,88.39,1624.68,Yes
DEMO-02837,Female,No,No,No,39,Yes,No,No,No,Month-to-month,Yes,Electronic check,87.09,3360.56,No
DEMO-02838,Female,No,Yes,No,43,Yes,DSL,No internet service,No,Month-to-month,No,Electronic check,78.05,3292.87,No
DEMO-02839,Male,No,Yes,No,65,Yes,No,No,No,Month-to-month,No,Credit card,62.21,4213.01,No
DEMO-02840,Male,Yes,Yes,No,37,Yes,DSL,No,Yes,One year,Yes,Electronic check,67.24,2491.87,No
DEMO-02841,Male,No,Yes,No,29,Yes,Fiber optic,No,Yes,Month-to-month,No,Electronic check,63.86,1917.41,No
DEMO-02842,Female,No,Yes,No,61,Yes,DSL,No,No,Month-to-month,Yes,Credit card,28.33,1547.2,No
DEMO-02843,Female,No,Yes,No,43,Yes,Fiber optic,No internet service,No,Month-to-month,Yes,Credit card,73.53,3032.98,No
DEMO-02844,Male,No,No,No,26,Yes,Fiber optic,No,No,Month-to-month,Yes,Credit card,85.06,2270.13,No
DEMO-02845,Male,No,Yes,No,72,Yes,No,No,Yes,One year,Yes,Electronic check,73.69,5281.59,Yes
DEMO-02846,Male,No,Yes,Yes,45,Yes,No,No,Yes,Month-to-month,Yes,Electronic check,116.23,5191.72,No
DEMO-02847,Female,No,Yes,Yes,10,Yes,Fiber optic,No internet service,No,Month-to-month,No,Electronic check,46.89,373.86,Yes
DEMO-02848,Female,No,No,No,72,Yes,No,Yes,No,One year,No,Electronic check,55.47,4091.27,No
DEMO-02849,Male,No,No,No,19,Yes,Fiber optic,No internet service,No,Month-to-month,No,Credit card,75.33,1496.71,No
DEMO-02850,Female,No,Yes,No,65,Yes,Fiber optic,No internet service,Yes,Month-to-month,Yes,Electronic check,78.09,5069.33,Yes
DEMO-02851,Female,No,No,Yes,8,Yes,DSL,No,Yes,Month-to-month,No,Bank transfer,24.47,220.34,No
DEMO-02852,Female,No,Yes,No,60,Yes,DSL,No internet service,Yes,Two year,No,Electronic check,87.07,5193.7,No
DEMO-02853,Female,No,Yes,No,10,Yes,DSL,No,No,Month-to-month,Yes,Bank transfer,78.21,713.71,No
DEMO-02854,Female,Yes,Yes,No,36,Yes,Fiber optic,No internet service,Yes,One year,Yes,Electronic check,20.0,668.12,No
DEMO-02855,Female,Yes,No,No,44,Yes,Fiber optic,No,Yes,Two year,Yes,Electronic check,69.08,3115.96,No
DEMO-02856,Female,No,Yes,No,26,Yes,Fiber optic,No,No,One year,Yes,Electronic check,51.79,1307.08,No
DEMO-02857,Female,No,No,Yes,32,Yes,No,No,No,Month-to-month,No,Credit card,60.67,1947.18,No
DEMO-02858,Male,No,No,Yes,13,Yes,DSL,No,No,One year,Yes,Bank transfer,38.55,458.2,No
DEMO-02859,Female,No,Yes,Yes,56,Yes,No,Yes,No,Month-to-month,Yes,Bank transfer,82.4,4708.37,No
DEMO-02860,Female,No,No,No,38,Yes,No,No,Yes,Month-to-month,No,Electronic check,116.04,4344.5,Yes
DEMO-02861,Female,No,Yes,No,15,Yes,Fiber optic,Yes,Yes,Month-to-month,No,Bank transfer,78.63,1332.16,No
DEMO-02862,Female,No,Yes,No,39,Yes,Fiber optic,No internet service,No,Month-to-month,Yes,Bank transfer,20.0,722.66,No
DEMO-02863,Male,No,No,No,40,Yes,DSL,No,No,Month-to-month,No,Mailed check,79.14,3108.37,Yes
DEMO-02864,Male,No,Yes,No,33,No,No,No,No,Month-to-month,Yes,Bank transfer,67.13,2415.63,No
DEMO-02865,Female,No,No,No,2,Yes,Fiber optic,No internet service,No,Month-to-month,Yes,Credit card,44.47,0.0,Yes
DEMO-02866,Male,No,Yes,No,23,Yes,No,No,No,Month-to-month,Yes,Credit card,80.84,1855.58,No
DEMO-02867,Female,No,Yes,No,56,Yes,DSL,Yes,No,Month-to-month,No,Credit card,93.99,5364.61,Yes
DEMO-02868,Male,No,No,No,46,No,Fiber optic,No,Yes,Two year,Yes,Mailed check,55.29,2388.99,No
DEMO-02869,Male,No,No,No,45,Yes,Fiber optic,No internet service,Yes,Month-to-month,Yes,Electronic check,30.91,1416.77,Yes
DEMO-02870,Male,No,Yes,No,37,Yes,Fiber optic,No internet service,No,One year,No,Electronic check,21.71,649.37,No
DEMO-02871,Male,No,No,No,60,Yes,Fiber optic,No,Yes,Month-to-month,No,Electronic check,55.36,3325.26,No
DEMO-02872,Male,No,No,No,19,Yes,DSL,No,No,Month-to-month,Yes,Electronic check,68.11,1497.68,Yes
DEMO-02873,Female,No,Yes,No,16,Yes,DSL,No,No,Month-to-month,Yes,Mailed check,59.1,710.49,No
DEMO-02874,Male,Yes,No,Yes,72,Yes,DSL,No,Yes,Month-to-month,Yes,Bank transfer,54.92,3946.69,Yes
DEMO-02875,Male,No,No,No,18,Yes,DSL,No,No,Month-to-month,Yes,Bank transfer,86.2,1506.12,No
DEMO-02876,Male,No,No,Yes,9,Yes,DSL,No,No,Month-to-month,Yes,Bank transfer,83.57,651.4,Yes
DEMO-02877,Male,Yes,Yes,Yes,26,Yes,DSL,No internet service,Yes,Month-to-month,No,Credit card,76.99,1848.74,No
DEMO-02878,Male,No,Yes,No,34,Yes,Fiber optic,No internet service,No,Month-to-month,Yes,Electronic check,92.41,3251.84,No
DEMO-02879,Male,No,Yes,No,60,Yes,Fiber optic,No internet service,No,Month-to-month,Yes,Electronic check,55.59,3355.18,No
DEMO-02880,Male,No,No,Yes,23,No,Fiber optic,No,No,Month-to-month,No,Bank transfer,44.64,840.83,No
DEMO-02881,Female,No,No,No,23,Yes,DSL,Yes,Yes,Month-to-month,Yes,Bank transfer,58.94,1261.47,Yes
DEMO-02882,Female,No,Yes,No,31,Yes,DSL,No internet service,No,Month-to-month,Yes,Mailed check,57.22,1718.94,No
DEMO-02883,Male,No,No,No,20,Yes,Fiber optic,Yes,No,Month-to-month,Yes,Credit card,20.72,257.27,Yes
DEMO-02884,Male,No,No,Yes,8,Yes,Fiber optic,No,Yes,Month-to-month,Yes,Electronic check,58.36,475.65,Yes
DEMO-02885,Male,No,No,Yes,10,Yes,DSL,Yes,Yes,Month-to-month,No,Bank transfer,99.62,1021.71,Yes
DEMO-02886,Male,Yes,No,No,72,Yes,Fiber optic,Yes,No,Month-to-month,Yes,Credit card,92.02,6649.53,No
DEMO-02887,Male,No,Yes,No,52,Yes,No,No,Yes,Two year,Yes,Mailed check,85.13,4628.83,No
DEMO-02888,Female,No,Yes,Yes,31,Yes,Fiber optic,Yes,No,Month-to-month,Yes,Bank transfer,75.29,2239.91,No
DEMO-02889,Female,No,No,No,46,Yes,No,No,Yes,Month-to-month,No,Electronic check,108.22,4930.82,Yes
DEMO-02890,Male,No,Yes,No,53,Yes,DSL,No,No,Month-to-month,Yes,Mailed check,45.5,2358.79,No
DEMO-02891,Male,No,Yes,No,18,Yes,DSL,No,No,Two year,No,Electronic check,47.88,947.3,Yes
DEMO-02892,Male,No,No,No,13,Yes,DSL,No,Yes,One year,No,Bank transfer,100.11,1375.95,No
DEMO-02893,Male,No,No,Yes,67,Yes,Fiber optic,No,No,One year,Yes,Bank transfer,72.69,4757.16,Yes
DEMO-02894,Female,No,Yes,Yes,3,Yes,Fiber optic,Yes,Yes,Two year,Yes,Credit card,55.22,310.18,Yes
DEMO-02895,Male,No,No,No,46,Yes,Fiber optic,No,No,Month-to-month,Yes,Bank transfer,85.8,3856.0,Yes
DEMO-02896,Male,No,No,Yes,36,Yes,No,No,No,Two year,No,Electronic check,61.04,2282.83,No
DEMO-02897,Female,Yes,No,Yes,62,Yes,Fiber optic,No,No,Month-to-month,Yes,Credit card,51.06,3245.08,No
DEMO-02898,Male,No,No,No,47,Yes,DSL,Yes,No,One year,Yes,Electronic check,50.37,2407.19,No
DEMO-02899,Male,No,No,No,46,Yes,Fiber optic,No internet service,No,Month-to-month,Yes,Bank transfer,80.04,3648.9,No
DEMO-02900,Male,No,No,No,14,Yes,DSL,No,No,Month-to-month,Yes,Electronic check,77.15,1049.01,Yes
DEMO-02901,Female,No,Yes,No,54,Yes,Fiber optic,No,Yes,Two year,Yes,Credit card,109.92,5983.81,No
DEMO-02902,Male,No,Yes,No,42,Yes,No,Yes,No,Month-to-month,Yes,Credit card,64.75,2772.13,No
DEMO-02903,Female,No,No,No,16,Yes,Fiber optic,No,Yes,Two year,No,Electronic check,64.32,1100.08,No
DEMO-02904,Male,No,No,No,36,Yes,DSL,No,No,Month-to-month,Yes,Bank transfer,107.99,3958.63,Yes
DEMO-02905,Female,No,No,No,11,Yes,Fiber optic,No internet service,No,One year,No,Bank transfer,96.64,1097.28,No
DEMO-02906,Female,No,Yes,Yes,27,Yes,DSL,No,No,Two year,Yes,Electronic check,75.62,2183.07,No
DEMO-02907,Male,Yes,Yes,Yes,72,Yes,DSL,Yes,No,Month-to-month,Yes,Mailed check,32.97,2313.82,No
DEMO-02908,Male,No,No,Yes,13,Yes,Fiber optic,No,No,Two year,No,Bank transfer,51.7,676.35,No
DEMO-02909,Male,No,Yes,No,8,Yes,DSL,No,Yes,One year,No,Electronic check,45.65,309.38,Yes
DEMO-02910,Male,No,Yes,No,10,Yes,DSL,No internet service,No,One year,No,Electronic check,72.91,973.46,Yes
DEMO-02911,Female,No,No,Yes,27,Yes,Fiber optic,Yes,No,Month-to-month,Yes,Credit card,59.29,1677.26,No
DEMO-02912,Male,No,No,No,50,Yes,Fiber optic,No,No,Month-to-month,No,Bank transfer,112.07,5704.84,Yes
DEMO-02913,Male,No,No,Yes,32,Yes,Fiber optic,No internet service,Yes,One year,No,Electronic check,32.71,1091.36,No
DEMO-02914,Male,No,Yes,No,9,Yes,No,No,Yes,Month-to-month,No,Credit card,42.97,381.08,Yes
DEMO-02915,Female,No,Yes,No,49,Yes,DSL,No,No,Month-to-month,No,Credit card,78.12,4094.96,No
DEMO-02916,Male,No,No,No,4,Yes,DSL,No,No,Month-to-month,Yes,Credit card,85.04,461.71,Yes
DEMO-02917,Male,Yes,Yes,Yes,10,Yes,No,Yes,No,Two year,No,Mailed check,20.0,167.93,No
DEMO-02918,Female,No,No,No,19,Yes,DSL,Yes,No,Month-to-month,Yes,Electronic check,28.61,516.39,Yes
DEMO-02919,Female,No,Yes,No,65,Yes,No,No,No,One year,Yes,Electronic check,65.41,4273.85,No
DEMO-02920,Female,Yes,Yes,No,33,Yes,Fiber optic,No internet service,No,Two year,No,Credit card,105.9,3440.62,Yes
DEMO-02921,Male,No,No,Yes,34,Yes,Fiber optic,No,No,Month-to-month,Yes,Credit card,119.19,4017.7,Yes
DEMO-02922,Male,No,No,No,9,Yes,DSL,Yes,No,Month-to-month,Yes,Bank transfer,61.64,402.79,Yes
DEMO-02923,Female,No,No,Yes,21,Yes,Fiber optic,No,Yes,One year,Yes,Mailed check,67.73,1182.79,Yes
DEMO-02924,Male,No,No,No,59,Yes,No,No internet service,No,Month-to-month,Yes,Mailed check,51.08,3211.41,No
DEMO-02925,Male,Yes,No,Yes,40,Yes,DSL,No,No,One year,No,Bank transfer,87.83,3462.57,No
DEMO-02926,Female,No,No,No,51,Yes,Fiber optic,No,No,One year,No,Electronic check,110.21,5590.31,Yes
DEMO-02927,Female,No,Yes,No,30,Yes,No,No internet service,No,One year,No,Bank transfer,103.4,3108.9,No
DEMO-02928,Female,No,Yes,No,59,Yes,Fiber optic,No internet service,No,Month-to-month,No,Bank transfer,71.27,4274.53,Yes
DEMO-02929,Male,No,Yes,Yes,9,Yes,DSL,No,Yes,One year,Yes,Bank transfer,51.04,536.95,Yes
DEMO-02930,Female,No,Yes,No,27,Yes,Fiber optic,No internet service,Yes,One year,No,Mailed check,72.2,2052.31,No
DEMO-02931,Male,No,No,No,45,Yes,Fiber optic,No,No,Month-to-month,Yes,Bank transfer,106.52,4850.89,Yes
DEMO-02932,Female,No,No,No,6,Yes,DSL,Yes,No,One year,No,Electronic check,61.99,345.14,Yes
DEMO-02933,Male,No,No,No,1,Yes,No,No,Yes,Two year,No,Electronic check,26.61,153.07,Yes
DEMO-02934,Female,Yes,Yes,Yes,72,Yes,DSL,No internet service,No,One year,No,Electronic check,63.0,4518.14,No
DEMO-02935,Female,No,No,No,34,Yes,No,No,No,Month-to-month,No,Electronic check,65.02,2313.84,No
DEMO-02936,Male,No,Yes,No,5,Yes,DSL,No internet service,No,Month-to-month,Yes,Mailed check,26.47,0.0,Yes
DEMO-02937,Female,No,No,Yes,33,Yes,DSL,No,Yes,Month-to-month,No,Mailed check,77.8,2697.54,No
DEMO-02938,Male,No,Yes,Yes,10,Yes,Fiber optic,No,Yes,Month-to-month,Yes,Mailed check,84.65,757.35,Yes
DEMO-02939,Male,Yes,No,No,14,Yes,DSL,No internet service,No,Month-to-month,Yes,Mailed check,118.5,1514.0,No
DEMO-02940,Male,No,Yes,No,67,Yes,DSL,Yes,Yes,Two year,Yes,Mailed check,38.69,2462.32,No
DEMO-02941,Male,Yes,No,No,20,No,DSL,No,No,Month-to-month,Yes,Bank transfer,90.26,1825.49,Yes
DEMO-02942,Male,No,No,Yes,20,No,No,Yes,No,Two year,No,Electronic check,96.17,2151.99,Yes
DEMO-02943,Female,No,Yes,No,10,Yes,DSL,No,No,Month-to-month,Yes,Mailed check,84.99,830.29,Yes
DEMO-02944,Female,Yes,No,Yes,23,Yes,Fiber optic,No,No,Month-to-month,Yes,Electronic check,46.83,1065.86,Yes
DEMO-02945,Male,No,Yes,No,35,Yes,Fiber optic,No,No,Month-to-month,Yes,Electronic check,45.38,1665.14,Yes
DEMO-02946,Female,Yes,No,No,20,Yes,Fiber optic,No internet service,No,Month-to-month,Yes,Bank transfer,74.43,1431.02,No
DEMO-02947,Male,No,Yes,No,72,Yes,Fiber optic,Yes,Yes,Two year,Yes,Credit card,74.25,5331.04,No
DEMO-02948,Female,No,No,No,12,Yes,DSL,No internet service,Yes,Two year,No,Electronic check,58.01,661.27,No
DEMO-02949,Male,No,Yes,No,12,Yes,No,No,No,Two year,No,Mailed check,104.29,1448.21,No
DEMO-02950,Female,No,Yes,Yes,23,Yes,Fiber optic,No,Yes,Month-to-month,Yes,Electronic check,61.98,1433.1,No
DEMO-02951,Male,No,Yes,No,72,Yes,No,No,Yes,One year,Yes,Electronic check,24.66,1850.38,No
DEMO-02952,Male,No,Yes,No,51,Yes,Fiber optic,Yes,Yes,Month-to-month,Yes,Credit card,66.4,3315.18,No
DEMO-02953,Female,Yes,Yes,Yes,19,Yes,No,Yes,No,Two year,No,Bank transfer,84.01,1482.29,No
DEMO-02954,Male,No,No,No,19,Yes,No,Yes,No,Month-to-month,Yes,Bank transfer,80.55,1596.84,No
DEMO-02955,Female,No,No,Yes,12,Yes,Fiber optic,No,No,Month-to-month,Yes,Credit card,80.36,989.6,Yes
DEMO-02956,Female,Yes,No,Yes,22,Yes,No,No,No,Month-to-month,Yes,Bank transfer,109.35,2508.71,Yes
DEMO-02957,Male,No,No,No,26,Yes,DSL,Yes,Yes,Month-to-month,Yes,Electronic check,44.13,1058.7,Yes
DEMO-02958,Female,No,No,No,50,Yes,DSL,No,No,Month-to-month,Yes,Bank transfer,61.41,3061.26,No
DEMO-02959,Female,No,No,No,43,Yes,Fiber optic,No,Yes,Two year,No,Bank transfer,110.63,4628.26,No
DEMO-02960,Female,No,No,Yes,22,Yes,Fiber optic,No,No,Two year,Yes,Mailed check,22.82,452.6,No
DEMO-02961,Female,No,No,No,72,Yes,Fiber optic,Yes,No,Two year,No,Bank transfer,70.66,4942.98,No
DEMO-02962,Male,No,No,No,17,Yes,Fiber optic,No,Yes,Month-to-month,Yes,Mailed check,102.72,1717.8,No
DEMO-02963,Male,No,No,No,7,Yes,Fiber optic,No internet service,No,One year,Yes,Electronic check,102.35,847.23,No
DEMO-02964,Male,Yes,Yes,Yes,36,Yes,No,No internet service,No,Month-to-month,Yes,Bank transfer,88.5,3100.18,No
DEMO-02965,Male,No,Yes,No,63,No,DSL,No,No,Month-to-month,Yes,Electronic check,89.14,5528.75,No
DEMO-02966,Male,Yes,Yes,No,30,Yes,DSL,No,Yes,Month-to-month,Yes,Electronic check,45.97,1362.4,No
DEMO-02967,Male,No,No,Yes,9,Yes,Fiber optic,No internet service,Yes,Month-to-month,Yes,Mailed check,106.33,938.56,Yes
DEMO-02968,Male,No,No,Yes,34,Yes,Fiber optic,Yes,Yes,One year,No,Bank transfer,42.0,1505.01,No
DEMO-02969,Male,No,Yes,No,38,Yes,No,Yes,No,Month-to-month,No,Credit card,43.49,1522.72,No
DEMO-02970,Male,No,Yes,No,40,Yes,DSL,No,Yes,Month-to-month,No,Bank transfer,81.7,3017.62,No
DEMO-02971,Male,Yes,No,Yes,35,Yes,DSL,No,Yes,One year,Yes,Bank transfer,59.67,2094.8,Yes
DEMO-02972,Female,Yes,No,Yes,69,Yes,No,Yes,No,Month-to-month,Yes,Electronic check,77.17,5493.8,Yes
DEMO-02973,Male,No,No,No,11,Yes,DSL,No internet service,No,Two year,Yes,Bank transfer,82.77,891.08,No
DEMO-02974,Male,No,No,No,0,Yes,Fiber optic,Yes,Yes,Month-to-month,Yes,Electronic check,116.45,39.6,Yes
DEMO-02975,Male,No,No,Yes,4,Yes,DSL,No,No,Two year,Yes,Mailed check,82.84,323.41,Yes
DEMO-02976,Male,No,No,No,9,Yes,Fiber optic,No,No,One year,Yes,Bank transfer,56.54,583.41,Yes
DEMO-02977,Female,No,No,Yes,56,Yes,No,No,No,One year,No,Electronic check,88.91,4949.52,No
DEMO-02978,Male,No,No,No,23,Yes,Fiber optic,No,Yes,One year,Yes,Credit card,51.21,1170.46,Yes
DEMO-02979,Male,No,No,Yes,72,Yes,DSL,No,No,Two year,Yes,Mailed check,94.83,6991.58,No
DEMO-02980,Male,No,Yes,No,11,Yes,Fiber optic,Yes,No,One year,No,Bank transfer,73.62,924.23,No
DEMO-02981,Female,No,Yes,No,72,Yes,DSL,No,No,Month-to-month,No,Mailed check,82.01,5835.55,No
DEMO-02982,Female,No,Yes,Yes,14,No,DSL,No,Yes,Month-to-month,Yes,Bank transfer,27.48,318.16,No
DEMO-02983,Female,No,No,No,26,Yes,Fiber optic,No,Yes,One year,Yes,Bank transfer,20.0,460.4,Yes
DEMO-02984,Female,No,Yes,No,5,Yes,Fiber optic,No,No,Month-to-month,Yes,Electronic check,34.46,59.91,Yes
DEMO-02985,Female,No,Yes,No,72,Yes,Fiber optic,No,No,Month-to-month,Yes,Credit card,115.64,8270.85,Yes
DEMO-02986,Female,Yes,Yes,No,29,Yes,Fiber optic,Yes,Yes,Month-to-month,Yes,Bank transfer,43.3,1243.55,Yes
DEMO-02987,Male,No,Yes,No,72,Yes,Fiber optic,Yes,Yes,Month-to-month,Yes,Mailed check,90.31,6424.98,No
DEMO-02988,Female,No,No,Yes,65,No,DSL,No,Yes,Month-to-month,Yes,Bank transfer,55.95,3687.89,No
DEMO-02989,Male,No,Yes,No,25,No,No,No,No,One year,No,Electronic check,66.0,1482.64,No
DEMO-02990,Female,No,Yes,No,16,Yes,DSL,Yes,Yes,Two year,Yes,Credit card,70.88,1016.09,No
DEMO-02991,Male,No,No,No,58,Yes,No,Yes,No,Two year,No,Mailed check,113.09,6625.13,No
DEMO-02992,Female,No,No,No,31,Yes,Fiber optic,No,Yes,Month-to-month,Yes,Credit card,86.61,2875.0,Yes
DEMO-02993,Male,No,Yes,Yes,15,Yes,Fiber optic,No,No,Month-to-month,Yes,Electronic check,81.63,1249.74,Yes
DEMO-02994,Female,No,Yes,No,33,Yes,Fiber optic,No,No,One year,Yes,Credit card,104.42,3362.44,No
DEMO-02995,Male,No,No,Yes,3,Yes,Fiber optic,Yes,Yes,Month-to-month,Yes,Credit card,56.17,57.2,Yes
DEMO-02996,Female,No,Yes,No,41,Yes,Fiber optic,No,No,One year,No,Credit card,98.71,4009.59,No
DEMO-02997,Male,No,No,No,47,Yes,No,Yes,No,Month-to-month,Yes,Credit card,94.53,4569.57,No
DEMO-02998,Male,No,Yes,No,10,Yes,No,No,No,Two year,Yes,Bank transfer,94.25,993.92,No
DEMO-02999,Female,No,No,No,70,Yes,Fiber optic,Yes,Yes,Month-to-month,No,Mailed check,68.12,4644.7,No
DEMO-03000,Female,No,No,No,60,Yes,Fiber optic,No,No,Two year,Yes,Electronic check,61.07,3700.43,No
DEMO-03001,Female,No,No,No,38,Yes,Fiber optic,No,Yes,One year,No,Bank transfer,50.25,2052.97,No
DEMO-03002,Female,No,Yes,No,13,Yes,Fiber optic,No,No,Month-to-month,No,Bank transfer,51.82,791.74,Yes
DEMO-03003,Male,No,No,No,49,Yes,DSL,Yes,No,One year,Yes,Electronic check,49.07,2537.49,No
DEMO-03004,Female,No,Yes,Yes,22,Yes,DSL,No,No,Month-to-month,Yes,Bank transfer,81.17,1865.77,No
DEMO-03005,Female,No,Yes,Yes,35,Yes,Fiber optic,No,No,One year,Yes,Electronic check,66.29,2191.93,No
DEMO-03006,Male,No,Yes,Yes,52,Yes,DSL,No,Yes,One year,No,Bank transfer,82.79,4224.34,No
DEMO-03007,Male,No,No,No,8,Yes,Fiber optic,Yes,No,Month-to-month,No,Mailed check,84.2,847.55,Yes
DEMO-03008,Female,No,Yes,No,5,Yes,DSL,No,No,Month-to-month,No,Credit card,45.51,193.54,Yes
DEMO-03009,Female,No,No,Yes,21,Yes,DSL,No internet service,No,One year,No,Electronic check,44.76,750.31,No
DEMO-03010,Female,No,Yes,Yes,72,Yes,Fiber optic,No,Yes,Month-to-month,Yes,Electronic check,66.28,4832.8,No
DEMO-03011,Female,No,Yes,Yes,72,Yes,Fiber optic,No,No,Two year,No,Bank transfer,52.62,3894.85,No
DEMO-03012,Male,No,Yes,No,40,Yes,No,No internet service,Yes,One year,No,Mailed check,49.99,1991.56,No
DEMO-03013,Male,Yes,No,Yes,62,No,DSL,No internet service,No,One year,Yes,Electronic check,114.39,7147.16,Yes
DEMO-03014,Female,No,Yes,No,30,Yes,DSL,Yes,Yes,Month-to-month,No,Bank transfer,33.67,927.28,No
DEMO-03015,Male,No,No,No,33,Yes,DSL,No,No,One year,No,Credit card,122.58,3998.71,No
DEMO-03016,Female,No,Yes,No,26,No,Fiber optic,No,No,Two year,No,Bank transfer,79.22,1878.83,No
DEMO-03017,Female,Yes,Yes,No,67,Yes,DSL,No,Yes,Month-to-month,No,Electronic check,96.66,6368.87,No
DEMO-03018,Female,No,Yes,Yes,72,Yes,Fiber optic,Yes,Yes,Month-to-month,No,Electronic check,93.71,6890.79,Yes
DEMO-03019,Male,No,No,Yes,33,No,DSL,No internet service,Yes,Month-to-month,No,Bank transfer,87.42,2553.38,No
DEMO-03020,Female,No,No,Yes,33,Yes,No,No,No,Month-to-month,Yes,Bank transfer,113.55,3708.41,Yes
DEMO-03021,Male,No,Yes,No,27,Yes,Fiber optic,Yes,Yes,One year,Yes,Credit card,44.94,1160.0,No
DEMO-03022,Female,Yes,Yes,Yes,72,Yes,Fiber optic,Yes,Yes,Month-to-month,No,Electronic check,68.09,4961.93,No
DEMO-03023,Male,No,No,No,56,Yes,DSL,No,No,One year,No,Bank transfer,50.68,2624.75,No
DEMO-03024,Male,No,Yes,Yes,13,Yes,DSL,No,No,Month-to-month,No,Credit card,29.6,308.45,No
DEMO-03025,Female,No,No,No,72,Yes,Fiber optic,No,Yes,Month-to-month,Yes,Electronic check,55.47,3935.0,No
DEMO-03026,Female,No,No,No,2,Yes,Fiber optic,No internet service,No,Month-to-month,Yes,Credit card,118.81,278.14,Yes
DEMO-03027,Male,Yes,No,No,72,Yes,Fiber optic,No internet service,No,Two year,Yes,Mailed check,67.66,4870.55,No
DEMO-03028,Male,No,No,Yes,63,Yes,DSL,No,No,One year,Yes,Bank transfer,121.59,7494.57,No
DEMO-03029,Male,Yes,No,No,33,Yes,DSL,No,No,Month-to-month,No,Mailed check,124.15,4063.07,Yes
DEMO-03030,Female,No,Yes,Yes,32,Yes,No,No,No,One year,Yes,Credit card,146.88,4622.42,No
DEMO-03031,Male,No,No,No,28,No,DSL,No internet service,No,Month-to-month,Yes,Credit card,119.64,3396.27,No
DEMO-03032,Female,No,Yes,No,13,Yes,DSL,No,No,Month-to-month,No,Electronic check,130.95,1677.74,No
DEMO-03033,Male,No,No,No,72,No,Fiber optic,Yes,Yes,Month-to-month,No,Bank transfer,80.13,5944.22,No
DEMO-03034,Male,No,No,Yes,31,Yes,DSL,No,No,Two year,Yes,Electronic check,77.71,2342.62,No
DEMO-03035,Male,No,Yes,No,13,Yes,Fiber optic,No,No,One year,Yes,Electronic check,79.37,975.02,No
DEMO-03036,Male,No,No,No,72,Yes,Fiber optic,No,Yes,One year,No,Bank transfer,72.0,5130.79,No
DEMO-03037,Male,No,No,No,44,Yes,Fiber optic,Yes,No,Month-to-month,Yes,Bank transfer,75.74,3313.26,No
DEMO-03038,Male,No,No,Yes,46,Yes,Fiber optic,No,No,Month-to-month,No,Mailed check,90.8,4260.98,No
DEMO-03039,Female,No,Yes,No,72,Yes,DSL,No,Yes,One year,No,Electronic check,60.35,4300.98,No
DEMO-03040,Female,No,Yes,No,50,Yes,DSL,Yes,No,Month-to-month,No,Electronic check,37.56,1838.45,Yes
DEMO-03041,Male,No,No,No,18,Yes,Fiber optic,Yes,Yes,Two year,Yes,Electronic check,81.09,1495.32,No
DEMO-03042,Male,No,No,Yes,50,Yes,DSL,No,Yes,One year,No,Electronic check,54.68,2639.36,No
DEMO-03043,Female,No,Yes,No,15,Yes,DSL,No,No,Month-to-month,Yes,Electronic check,57.27,922.12,Yes
DEMO-03044,Male,No,No,Yes,22,Yes,Fiber optic,Yes,Yes,One year,No,Credit card,68.43,1467.67,No
DEMO-03045,Male,No,Yes,No,39,Yes,Fiber optic,No,No,Two year,Yes,Electronic check,62.7,2355.02,No
DEMO-03046,Male,No,No,Yes,61,Yes,DSL,No,Yes,Month-to-month,Yes,Credit card,99.75,5900.84,Yes
DEMO-03047,Male,No,Yes,Yes,19,Yes,No,No internet service,No,One year,No,Electronic check,67.83,1178.56,No
DEMO-03048,Male,No,No,No,28,Yes,DSL,No internet service,No,Two year,Yes,Mailed check,101.01,2807.62,No
DEMO-03049,Male,No,Yes,No,27,Yes,No,No,Yes,Month-to-month,Yes,Electronic check,77.15,2073.81,Yes
DEMO-03050,Male,Yes,No,Yes,68,No,DSL,No,Yes,Two year,Yes,Electronic check,69.79,4717.3,No
DEMO-03051,Female,No,No,No,32,Yes,Fiber optic,No,Yes,Month-to-month,No,Bank transfer,75.96,2282.73,Yes
DEMO-03052,Female,No,Yes,No,72,Yes,Fiber optic,No internet service,Yes,One year,Yes,Electronic check,39.71,2837.94,Yes
DEMO-03053,Male,No,Yes,No,22,Yes,No,Yes,No,One year,Yes,Mailed check,80.45,1614.6,No
DEMO-03054,Male,No,Yes,No,20,No,Fiber optic,Yes,No,One year,Yes,Mailed check,93.23,1737.61,No
DEMO-03055,Male,No,No,No,72,Yes,No,No,No,Month-to-month,Yes,Credit card,96.77,7075.95,No
DEMO-03056,Female,No,Yes,No,47,Yes,Fiber optic,Yes,No,One year,Yes,Mailed check,38.2,1781.89,No
DEMO-03057,Female,No,Yes,No,72,Yes,Fiber optic,No,No,Month-to-month,Yes,Electronic check,34.03,2492.36,Yes
DEMO-03058,Female,No,No,No,72,Yes,DSL,No internet service,No,Month-to-month,Yes,Electronic check,58.58,4357.78,No
DEMO-03059,Male,No,Yes,No,10,Yes,DSL,No,No,Month-to-month,No,Bank transfer,106.62,1057.26,No
DEMO-03060,Female,No,No,Yes,31,Yes,No,No,No,One year,Yes,Credit card,77.52,2495.98,No
DEMO-03061,Female,No,Yes,No,39,Yes,No,No,No,Month-to-month,No,Electronic check,52.63,2088.08,No
DEMO-03062,Male,No,Yes,No,37,Yes,DSL,Yes,Yes,Month-to-month,Yes,Electronic check,35.68,1245.0,No
DEMO-03063,Male,No,No,No,28,Yes,DSL,No,Yes,Two year,Yes,Mailed check,54.9,1519.51,No
DEMO-03064,Male,No,No,Yes,37,Yes,DSL,Yes,Yes,Month-to-month,Yes,Credit card,53.21,1890.38,Yes
DEMO-03065,Male,Yes,Yes,No,38,Yes,DSL,Yes,Yes,Month-to-month,No,Electronic check,95.39,3682.69,Yes
DEMO-03066,Male,No,Yes,No,20,Yes,DSL,No,No,Month-to-month,Yes,Credit card,97.31,2042.63,No
DEMO-03067,Female,No,No,Yes,66,Yes,No,No,No,Month-to-month,Yes,Bank transfer,45.75,2879.49,No
DEMO-03068,Male,No,No,No,72,Yes,DSL,No,No,One year,Yes,Electronic check,90.83,6448.53,No
DEMO-03069,Male,No,Yes,No,53,Yes,No,No,No,Month-to-month,Yes,Credit card,88.27,4639.23,No
DEMO-03070,Female,No,No,No,43,Yes,No,No,Yes,Month-to-month,Yes,Bank transfer,42.51,1743.08,No
DEMO-03071,Male,No,Yes,No,30,Yes,DSL,Yes,No,Two year,Yes,Electronic check,69.9,2070.23,No
DEMO-03072,Female,No,No,No,39,Yes,Fiber optic,No,Yes,Two year,No,Electronic check,80.52,3173.25,Yes
DEMO-03073,Female,No,No,No,42,Yes,Fiber optic,No,Yes,One year,Yes,Electronic check,76.08,3320.64,No
DEMO-03074,Male,No,Yes,No,13,Yes,DSL,Yes,Yes,Two year,Yes,Electronic check,29.24,326.23,No
DEMO-03075,Female,Yes,Yes,Yes,64,Yes,Fiber optic,No internet service,Yes,Two year,No,Bank transfer,75.28,4759.36,No
DEMO-03076,Male,No,Yes,No,23,Yes,Fiber optic,No internet service,Yes,Month-to-month,No,Bank transfer,87.91,2055.79,No
DEMO-03077,Male,No,No,No,72,Yes,DSL,No,No,One year,No,Credit card,111.49,8018.75,No
DEMO-03078,Female,No,No,No,36,No,No,Yes,Yes,One year,Yes,Mailed check,55.28,1830.8,No
DEMO-03079,Female,No,Yes,Yes,65,Yes,DSL,No,Yes,Month-to-month,Yes,Mailed check,58.36,3703.72,No
DEMO-03080,Male,Yes,Yes,No,53,Yes,DSL,No,Yes,Month-to-month,Yes,Electronic check,66.78,3500.83,No
DEMO-03081,Male,No,No,No,10,Yes,No,No,No,Month-to-month,No,Credit card,79.28,866.96,No
DEMO-03082,Male,No,Yes,No,72,Yes,DSL,Yes,No,One year,No,Electronic check,74.43,5466.3,No
DEMO-03083,Male,No,Yes,Yes,17,Yes,DSL,No,Yes,One year,Yes,Electronic check,87.11,1371.06,Yes
DEMO-03084,Male,No,Yes,No,22,Yes,DSL,No internet service,Yes,One year,Yes,Bank transfer,43.87,884.36,Yes
DEMO-03085,Male,Yes,No,Yes,23,Yes,DSL,No,No,Month-to-month,Yes,Credit card,81.92,1966.64,Yes
DEMO-03086,Female,No,Yes,No,7,Yes,Fiber optic,No internet service,No,Month-to-month,No,Electronic check,53.44,324.05,Yes
DEMO-03087,Female,No,Yes,No,37,Yes,Fiber optic,No,No,Month-to-month,Yes,Bank transfer,68.42,2563.39,Yes
DEMO-03088,Female,No,No,Yes,68,Yes,Fiber optic,No,No,Month-to-month,No,Electronic check,114.7,7776.6,Yes
DEMO-03089,Male,Yes,No,No,72,Yes,Fiber optic,No internet service,Yes,Two year,No,Bank transfer,37.04,2666.11,No
DEMO-03090,Female,No,Yes,No,28,Yes,DSL,Yes,No,Two year,Yes,Bank transfer,65.01,1774.86,Yes
DEMO-03091,Female,No,Yes,No,32,Yes,Fiber optic,No,No,Two year,No,Bank transfer,40.13,1391.81,No
DEMO-03092,Female,No,Yes,No,55,Yes,No,No,No,Two year,Yes,Electronic check,75.83,4011.48,No
DEMO-03093,Male,No,No,No,28,Yes,Fiber optic,Yes,Yes,Two year,No,Bank transfer,98.21,2706.18,No
DEMO-03094,Male,No,Yes,No,72,Yes,Fiber optic,No,No,Month-to-month,Yes,Electronic check,76.24,5587.63,Yes
DEMO-03095,Male,No,No,No,31,Yes,DSL,No,No,Month-to-month,Yes,Mailed check,69.08,2116.09,No
DEMO-03096,Male,Yes,No,Yes,15,Yes,Fiber optic,No,No,Month-to-month,Yes,Credit card,105.21,1562.45,Yes
DEMO-03097,Female,No,Yes,Yes,38,Yes,No,No,No,Month-to-month,Yes,Electronic check,80.26,3141.04,Yes
DEMO-03098,Female,No,No,No,8,Yes,No,No internet service,No,Month-to-month,No,Bank transfer,92.49,781.39,Yes
DEMO-03099,Male,No,No,Yes,37,Yes,Fiber optic,Yes,Yes,Month-to-month,No,Electronic check,89.88,3405.15,Yes
DEMO-03100,Male,No,No,No,43,Yes,Fiber optic,No,Yes,Two year,No,Mailed check,20.0,974.67,No
DEMO-03101,Male,No,Yes,No,17,Yes,DSL,No,Yes,Month-to-month,Yes,Bank transfer,70.08,1041.94,No
DEMO-03102,Male,No,Yes,Yes,42,Yes,DSL,No internet service,No,Two year,Yes,Mailed check,45.05,1841.2,Yes
DEMO-03103,Male,No,Yes,Yes,26,Yes,DSL,No internet service,No,One year,Yes,Bank transfer,51.27,1245.39,No
DEMO-03104,Female,No,Yes,Yes,16,Yes,Fiber optic,No,No,One year,Yes,Credit card,108.86,1768.74,No
DEMO-03105,Male,No,No,Yes,7,Yes,DSL,Yes,No,One year,Yes,Credit card,62.63,536.84,No
DEMO-03106,Male,No,Yes,Yes,9,Yes,Fiber optic,No,No,Month-to-month,Yes,Credit card,119.31,818.1,Yes
DEMO-03107,Male,No,No,Yes,72,Yes,Fiber optic,No,No,One year,Yes,Electronic check,36.81,2486.3,No
DEMO-03108,Female,No,Yes,No,25,No,Fiber optic,Yes,Yes,Month-to-month,No,Credit card,44.91,909.65,Yes
DEMO-03109,Male,No,Yes,Yes,42,Yes,Fiber optic,No internet service,Yes,Two year,Yes,Electronic check,91.06,3732.13,No
DEMO-03110,Male,No,No,Yes,28,Yes,DSL,No,Yes,Month-to-month,No,Electronic check,63.47,1773.85,No
DEMO-03111,Male,No,No,No,72,Yes,Fiber optic,No,No,Month-to-month,Yes,Mailed check,79.68,5890.9,Yes
DEMO-03112,Female,Yes,No,No,16,Yes,No,No,Yes,One year,Yes,Electronic check,69.19,968.0,Yes
DEMO-03113,Female,No,Yes,Yes,34,No,Fiber optic,No internet service,Yes,One year,No,Credit card,68.44,2557.84,Yes
DEMO-03114,Female,No,Yes,No,21,Yes,No,No,Yes,Month-to-month,No,Electronic check,64.39,1395.92,No
DEMO-03115,Female,No,No,No,65,Yes,Fiber optic,Yes,No,One year,No,Bank transfer,76.49,5019.24,No
DEMO-03116,Female,No,No,No,42,Yes,Fiber optic,No,No,Month-to-month,Yes,Electronic check,88.04,3760.26,Yes
DEMO-03117,Female,No,No,No,33,Yes,Fiber optic,Yes,No,One year,Yes,Electronic check,112.36,3557.5,Yes
DEMO-03118,Female,No,No,No,10,Yes,Fiber optic,No,Yes,Month-to-month,No,Credit card,66.94,601.17,No
DEMO-03119,Male,No,Yes,No,72,Yes,No,Yes,No,Month-to-month,Yes,Mailed check,62.16,4364.06,Yes
DEMO-03120,Male,No,Yes,No,28,Yes,Fiber optic,No,Yes,Month-to-month,No,Electronic check,58.94,1705.44,No
DEMO-03121,Male,No,No,No,14,Yes,Fiber optic,No internet service,No,Month-to-month,Yes,Bank transfer,108.74,1422.15,Yes
DEMO-03122,Female,No,No,Yes,7,Yes,No,No internet service,Yes,Month-to-month,No,Credit card,89.26,593.59,Yes
DEMO-03123,Male,No,Yes,No,9,Yes,Fiber optic,Yes,Yes,Month-to-month,Yes,Mailed check,24.52,144.15,No
DEMO-03124,Female,Yes,Yes,No,33,Yes,DSL,Yes,No,Month-to-month,Yes,Electronic check,23.42,905.75,Yes
DEMO-03125,Male,No,No,Yes,65,No,DSL,No internet service,No,Month-to-month,No,Credit card,51.25,3260.34,No
DEMO-03126,Male,No,Yes,Yes,40,Yes,No,No,No,Month-to-month,Yes,Mailed check,77.75,2989.88,Yes
DEMO-03127,Male,Yes,Yes,No,7,Yes,Fiber optic,Yes,Yes,Month-to-month,Yes,Electronic check,71.16,536.16,Yes
DEMO-03128,Female,Yes,Yes,No,33,Yes,No,No,No,One year,Yes,Electronic check,84.87,2784.35,No
DEMO-03129,Male,No,Yes,No,72,No,DSL,No,Yes,Two year,Yes,Electronic check,67.61,4998.2,No
DEMO-03130,Male,No,No,No,24,Yes,Fiber optic,No,Yes,Month-to-month,Yes,Credit card,106.94,2587.2,No
DEMO-03131,Female,No,Yes,Yes,40,Yes,No,No,No,Two year,No,Credit card,91.3,3669.3,No
DEMO-03132,Female,No,No,No,25,Yes,No,No,No,Month-to-month,Yes,Mailed check,73.94,1926.3,Yes
DEMO-03133,Male,No,Yes,No,46,Yes,Fiber optic,Yes,No,Month-to-month,Yes,Bank transfer,100.63,4664.96,Yes
DEMO-03134,Male,Yes,No,Yes,16,Yes,DSL,No internet service,No,One year,No,Credit card,30.78,561.68,No
DEMO-03135,Female,No,Yes,Yes,0,Yes,Fiber optic,No internet service,No,One year,Yes,Bank transfer,69.87,60.82,Yes
DEMO-03136,Female,No,Yes,No,11,Yes,Fiber optic,No internet service,Yes,Two year,Yes,Bank transfer,75.44,787.05,No
DEMO-03137,Female,No,No,No,22,Yes,DSL,Yes,No,Month-to-month,No,Credit card,87.05,1785.01,No
DEMO-03138,Male,No,No,No,30,Yes,DSL,Yes,No,One year,No,Electronic check,29.12,845.91,No
DEMO-03139,Female,Yes,No,No,23,Yes,No,No,No,Month-to-month,Yes,Electronic check,65.49,1295.64,No
DEMO-03140,Female,No,No,No,22,Yes,DSL,No,No,Month-to-month,Yes,Bank transfer,82.01,1720.54,Yes
DEMO-03141,Male,No,Yes,No,66,Yes,Fiber optic,Yes,Yes,Month-to-month,No,Bank transfer,83.93,5489.92,No
DEMO-03142,Female,No,Yes,Yes,13,No,Fiber optic,No,No,Two year,No,Electronic check,101.65,1441.28,Yes
DEMO-03143,Female,No,Yes,No,33,Yes,No,Yes,No,Month-to-month,No,Electronic check,91.04,2979.23,Yes
DEMO-03144,Male,No,No,No,8,Yes,Fiber optic,Yes,No,Two year,Yes,Bank transfer,70.48,729.3,No
DEMO-03145,Male,Yes,Yes,No,53,Yes,DSL,No internet service,No,One year,No,Mailed check,88.87,4747.33,Yes
DEMO-03146,Female,No,No,No,39,Yes,DSL,Yes,No,One year,No,Credit card,66.97,2438.95,No
DEMO-03147,Female,No,No,No,72,Yes,DSL,No internet service,No,One year,Yes,Credit card,75.67,5553.08,No
DEMO-03148,Female,Yes,No,No,12,Yes,DSL,No,No,Two year,No,Mailed check,91.87,1196.89,No
DEMO-03149,Male,No,No,No,72,Yes,No,No,Yes,Month-to-month,Yes,Bank transfer,70.87,4925.07,No
DEMO-03150,Female,No,No,No,14,Yes,Fiber optic,Yes,No,Month-to-month,Yes,Bank transfer,81.05,1197.47,No
DEMO-03151,Female,No,No,No,24,Yes,DSL,No,No,One year,No,Electronic check,96.03,2439.36,Yes
DEMO-03152,Female,No,Yes,No,9,Yes,No,No internet service,No,Month-to-month,Yes,Mailed check,89.8,584.12,Yes
DEMO-03153,Male,No,Yes,No,72,Yes,DSL,No,No,Month-to-month,No,Mailed check,102.84,7286.99,No
DEMO-03154,Female,No,Yes,No,43,Yes,DSL,Yes,Yes,Month-to-month,No,Credit card,130.21,5684.34,No
DEMO-03155,Female,No,No,No,44,Yes,Fiber optic,Yes,Yes,Month-to-month,No,Credit card,89.57,3913.75,Yes
DEMO-03156,Male,No,Yes,No,15,Yes,DSL,Yes,Yes,Month-to-month,Yes,Electronic check,60.47,1045.79,No
DEMO-03157,Female,Yes,Yes,Yes,2,Yes,DSL,No,No,Month-to-month,No,Credit card,84.8,255.32,Yes
DEMO-03158,Male,No,Yes,Yes,23,Yes,No,No,No,Two year,No,Bank transfer,83.72,2000.08,No
DEMO-03159,Female,No,No,Yes,20,Yes,No,No,No,Month-to-month,Yes,Electronic check,87.34,1855.21,No
DEMO-03160,Male,No,Yes,No,5,Yes,Fiber optic,No internet service,No,Two year,No,Mailed check,109.38,456.67,Yes
DEMO-03161,Male,No,No,No,25,Yes,Fiber optic,No,No,Two year,Yes,Credit card,29.9,708.2,Yes
DEMO-03162,Male,No,Yes,No,33,Yes,DSL,No,No,Month-to-month,No,Mailed check,109.85,3811.35,No
DEMO-03163,Female,No,Yes,Yes,46,Yes,No,Yes,No,One year,No,Bank transfer,118.26,5396.62,Yes
DEMO-03164,Male,No,Yes,No,3,No,Fiber optic,No,Yes,One year,No,Bank transfer,86.2,359.73,No
DEMO-03165,Female,No,No,No,10,Yes,DSL,No,No,One year,Yes,Bank transfer,86.8,839.92,Yes
DEMO-03166,Male,Yes,No,Yes,16,Yes,DSL,No internet service,Yes,Month-to-month,No,Mailed check,65.96,970.45,No
DEMO-03167,Male,Yes,No,No,68,Yes,Fiber optic,Yes,Yes,Month-to-month,Yes,Mailed check,72.16,4799.89,No
DEMO-03168,Male,No,No,Yes,67,Yes,DSL,Yes,No,Month-to-month,No,Credit card,89.45,6040.18,No
DEMO-03169,Male,No,Yes,Yes,42,Yes,DSL,Yes,Yes,One year,No,Mailed check,87.84,3811.42,No
DEMO-03170,Female,No,No,No,24,Yes,DSL,No,No,Two year,No,Electronic check,90.02,2201.15,No
DEMO-03171,Female,No,Yes,No,70,Yes,Fiber optic,No,Yes,One year,No,Mailed check,87.67,6154.09,No
DEMO-03172,Female,No,No,Yes,38,Yes,DSL,No,No,One year,No,Bank transfer,94.46,3466.42,No
DEMO-03173,Female,No,Yes,No,68,Yes,Fiber optic,No,Yes,Two year,Yes,Mailed check,91.67,6225.45,No
DEMO-03174,Male,Yes,Yes,No,43,Yes,DSL,No,No,One year,No,Bank transfer,46.39,2004.61,Yes
DEMO-03175,Male,No,Yes,No,5,Yes,Fiber optic,No,No,Month-to-month,Yes,Electronic check,92.81,367.87,Yes
DEMO-03176,Female,No,Yes,No,2,Yes,DSL,No,No,Two year,No,Bank transfer,118.46,272.15,No
DEMO-03177,Male,No,Yes,No,22,Yes,Fiber optic,No,No,Month-to-month,No,Credit card,71.33,1492.19,Yes
DEMO-03178,Female,No,Yes,No,58,Yes,Fiber optic,No internet service,Yes,Month-to-month,No,Bank transfer,109.49,6303.01,No
DEMO-03179,Male,No,Yes,No,20,Yes,Fiber optic,No,No,Month-to-month,Yes,Bank transfer,49.07,1050.61,Yes
DEMO-03180,Female,No,Yes,Yes,72,Yes,DSL,No,Yes,Two year,Yes,Bank transfer,71.26,5282.5,No
DEMO-03181,Female,No,Yes,No,54,Yes,Fiber optic,No,No,Month-to-month,Yes,Bank transfer,55.97,3165.45,Yes
DEMO-03182,Male,No,No,No,72,Yes,No,Yes,No,Month-to-month,No,Mailed check,106.48,7644.36,Yes
DEMO-03183,Female,No,No,No,23,Yes,DSL,No internet service,No,Month-to-month,Yes,Bank transfer,113.01,2646.12,Yes
DEMO-03184,Male,Yes,No,No,13,Yes,Fiber optic,Yes,No,Month-to-month,Yes,Mailed check,69.52,959.31,Yes
DEMO-03185,Male,No,No,No,11,Yes,Fiber optic,No internet service,Yes,Month-to-month,Yes,Mailed check,101.28,1169.04,Yes
DEMO-03186,Female,No,Yes,Yes,46,Yes,No,No internet service,No,One year,No,Mailed check,113.27,5215.34,No
DEMO-03187,Female,No,Yes,No,6,Yes,Fiber optic,Yes,No,Two year,Yes,Mailed check,71.18,548.93,Yes
DEMO-03188,Female,No,No,No,7,Yes,No,Yes,No,Month-to-month,Yes,Electronic check,75.24,457.67,Yes
DEMO-03189,Male,No,No,Yes,19,Yes,Fiber optic,No,No,Month-to-month,No,Bank transfer,90.34,1594.68,Yes
DEMO-03190,Male,Yes,No,Yes,37,Yes,Fiber optic,No,No,Month-to-month,No,Bank transfer,50.94,1912.53,Yes
DEMO-03191,Male,Yes,Yes,No,16,Yes,DSL,No,Yes,Month-to-month,Yes,Electronic check,74.75,1157.24,No
DEMO-03192,Female,No,Yes,No,67,Yes,Fiber optic,No internet service,No,Month-to-month,No,Electronic check,125.57,8597.29,Yes
DEMO-03193,Male,Yes,Yes,Yes,72,Yes,DSL,No internet service,No,One year,Yes,Bank transfer,59.5,4229.88,No
DEMO-03194,Female,No,No,No,1,Yes,Fiber optic,No,No,One year,Yes,Mailed check,93.35,189.18,No
DEMO-03195,Female,No,No,No,44,No,DSL,Yes,No,Month-to-month,Yes,Bank transfer,85.1,3784.2,No
DEMO-03196,Male,Yes,Yes,No,20,Yes,Fiber optic,No internet service,No,Month-to-month,No,Mailed check,67.91,1210.76,No
DEMO-03197,Male,No,Yes,No,60,Yes,Fiber optic,No,Yes,Month-to-month,No,Credit card,77.54,4704.25,No
DEMO-03198,Female,No,No,No,45,Yes,No,No,No,Month-to-month,No,Electronic check,115.82,5139.24,Yes
DEMO-03199,Female,No,Yes,No,36,Yes,DSL,No,Yes,Two year,No,Bank transfer,85.84,3323.03,No
DEMO-03200,Male,No,No,No,28,Yes,No,No,No,One year,Yes,Mailed check,89.75,2426.61,Yes
DEMO-03201,Female,No,Yes,No,7,Yes,No,No,No,Two year,Yes,Electronic check,112.02,684.43,Yes
DEMO-03202,Female,No,No,No,72,Yes,No,Yes,No,Two year,No,Credit card,64.76,4437.06,No
DEMO-03203,Female,No,No,No,10,Yes,Fiber optic,No,No,One year,Yes,Credit card,45.83,374.29,No
DEMO-03204,Male,No,No,Yes,72,Yes,DSL,No,Yes,Two year,No,Electronic check,116.21,8432.33,No
DEMO-03205,Female,No,Yes,No,51,Yes,No,No,Yes,Month-to-month,No,Electronic check,75.41,3735.35,No
DEMO-03206,Male,No,No,Yes,21,No,Fiber optic,Yes,No,Month-to-month,Yes,Credit card,94.34,2025.21,Yes
DEMO-03207,Female,Yes,Yes,Yes,18,Yes,Fiber optic,Yes,No,Month-to-month,Yes,Electronic check,52.94,971.32,Yes
DEMO-03208,Male,No,Yes,No,6,Yes,DSL,Yes,Yes,Month-to-month,Yes,Credit card,81.71,385.3,Yes
DEMO-03209,Male,No,Yes,No,32,Yes,DSL,No,No,Month-to-month,Yes,Electronic check,44.58,1407.26,No
DEMO-03210,Male,No,Yes,Yes,6,Yes,DSL,No,No,Month-to-month,Yes,Mailed check,73.59,339.99,No
DEMO-03211,Male,No,No,No,69,Yes,Fiber optic,Yes,Yes,One year,Yes,Electronic check,55.8,3928.7,No
DEMO-03212,Male,No,No,Yes,38,Yes,Fiber optic,No,Yes,Two year,Yes,Bank transfer,50.06,1712.69,No
DEMO-03213,Female,Yes,No,No,31,Yes,No,No,Yes,One year,Yes,Electronic check,64.42,2063.33,No
DEMO-03214,Female,No,No,No,34,No,DSL,No,No,Month-to-month,No,Mailed check,20.0,600.41,No
DEMO-03215,Male,No,Yes,No,40,Yes,DSL,No,No,One year,No,Credit card,43.0,1724.26,No
DEMO-03216,Female,No,Yes,Yes,24,Yes,DSL,No internet service,No,Month-to-month,Yes,Electronic check,91.56,2236.63,No
DEMO-03217,Male,No,No,Yes,27,Yes,DSL,No,Yes,Month-to-month,No,Bank transfer,80.69,2185.34,No
DEMO-03218,Female,No,No,No,72,Yes,Fiber optic,No,No,Month-to-month,No,Electronic check,45.15,3449.58,No
DEMO-03219,Male,No,No,No,65,Yes,Fiber optic,Yes,Yes,Month-to-month,No,Bank transfer,85.7,5521.32,No
DEMO-03220,Female,No,No,No,50,Yes,No,No,No,Month-to-month,No,Electronic check,50.04,2357.74,No
DEMO-03221,Female,No,Yes,Yes,21,Yes,DSL,No internet service,No,Two year,No,Bank transfer,90.05,2100.93,Yes
DEMO-03222,Female,No,No,No,4,Yes,DSL,No internet service,No,One year,Yes,Credit card,69.11,306.18,No
DEMO-03223,Male,No,No,Yes,46,Yes,Fiber optic,No,No,One year,No,Credit card,63.87,2946.04,No
DEMO-03224,Female,No,No,No,34,No,DSL,No internet service,Yes,Month-to-month,No,Credit card,69.72,2587.43,No
DEMO-03225,Male,No,Yes,No,26,Yes,Fiber optic,No,Yes,Two year,Yes,Electronic check,135.99,3397.89,Yes
DEMO-03226,Male,No,Yes,Yes,29,Yes,Fiber optic,No,Yes,One year,No,Electronic check,53.03,1522.65,No
DEMO-03227,Male,No,Yes,No,10,Yes,No,No,Yes,Month-to-month,Yes,Electronic check,77.66,661.26,No
DEMO-03228,Female,No,No,Yes,14,Yes,DSL,No,No,One year,No,Bank transfer,91.53,1263.8,No
DEMO-03229,Male,No,Yes,Yes,65,Yes,No,Yes,No,Month-to-month,No,Electronic check,47.94,2966.34,No
DEMO-03230,Female,No,No,Yes,2,Yes,No,No internet service,No,Month-to-month,No,Credit card,32.14,66.81,Yes
DEMO-03231,Female,Yes,No,No,59,Yes,DSL,No,Yes,Month-to-month,Yes,Credit card,56.97,3356.56,No
DEMO-03232,Male,No,No,No,72,Yes,Fiber optic,Yes,No,Month-to-month,Yes,Electronic check,90.99,6541.53,No
DEMO-03233,Male,No,Yes,No,45,Yes,Fiber optic,No,No,Month-to-month,No,Electronic check,63.45,2622.13,Yes
DEMO-03234,Male,No,No,No,43,No,DSL,Yes,No,Month-to-month,Yes,Bank transfer,66.22,2918.1,No
DEMO-03235,Female,No,No,No,14,Yes,No,Yes,No,Month-to-month,No,Mailed check,94.77,1297.65,Yes
DEMO-03236,Male,No,Yes,Yes,16,Yes,DSL,No,No,Two year,Yes,Mailed check,51.84,1086.28,Yes
DEMO-03237,Female,No,Yes,Yes,22,Yes,DSL,No,No,Month-to-month,No,Electronic check,69.78,1482.25,Yes
DEMO-03238,Male,No,No,No,8,Yes,DSL,No internet service,No,Month-to-month,Yes,Credit card,34.15,203.82,Yes
DEMO-03239,Male,No,Yes,No,15,Yes,Fiber optic,No,No,Month-to-month,No,Bank transfer,80.02,1210.73,Yes
DEMO-03240,Female,No,No,No,34,Yes,No,No internet service,Yes,Two year,No,Electronic check,77.74,2514.12,No
DEMO-03241,Male,No,No,No,21,Yes,Fiber optic,No,Yes,One year,Yes,Electronic check,91.89,2046.66,Yes
DEMO-03242,Female,No,Yes,No,36,No,Fiber optic,No,No,Two year,Yes,Credit card,43.37,1462.42,Yes
DEMO-03243,Male,Yes,No,No,65,Yes,DSL,Yes,Yes,Month-to-month,No,Electronic check,67.2,4279.9,No
DEMO-03244,Female,No,No,Yes,36,Yes,Fiber optic,No internet service,Yes,Month-to-month,Yes,Credit card,40.04,1520.39,No
DEMO-03245,Male,No,Yes,No,44,Yes,Fiber optic,No,Yes,Month-to-month,Yes,Bank transfer,65.85,2918.58,No
DEMO-03246,Male,Yes,Yes,No,6,Yes,Fiber optic,Yes,No,Month-to-month,Yes,Credit card,109.04,673.51,Yes
DEMO-03247,Female,No,No,Yes,64,Yes,Fiber optic,Yes,No,Two year,Yes,Credit card,63.98,3958.74,Yes
DEMO-03248,Male,No,No,Yes,6,No,No,No,No,Two year,No,Credit card,37.85,324.23,Yes
DEMO-03249,Female,No,No,No,20,Yes,Fiber optic,No internet service,Yes,Month-to-month,Yes,Bank transfer,55.0,996.87,Yes
DEMO-03250,Male,No,Yes,Yes,11,Yes,Fiber optic,No,No,Two year,Yes,Bank transfer,31.73,176.53,No
DEMO-03251,Female,No,No,Yes,4,Yes,Fiber optic,Yes,Yes,Month-to-month,Yes,Electronic check,39.61,195.41,Yes
DEMO-03252,Male,No,Yes,Yes,34,Yes,DSL,Yes,Yes,Month-to-month,Yes,Bank transfer,88.77,2996.69,No
DEMO-03253,Female,No,No,No,46,Yes,Fiber optic,No,No,Month-to-month,No,Bank transfer,35.84,1624.72,No
DEMO-03254,Female,No,Yes,No,72,Yes,Fiber optic,No,Yes,Month-to-month,No,Mailed check,79.81,5813.23,No
DEMO-03255,Male,No,No,No,38,Yes,Fiber optic,No,No,Two year,Yes,Bank transfer,72.64,2728.35,Yes
DEMO-03256,Female,No,No,Yes,15,Yes,Fiber optic,No,No,Month-to-month,No,Electronic check,58.71,705.73,Yes
DEMO-03257,Female,No,Yes,No,21,Yes,DSL,No,No,Month-to-month,Yes,Mailed check,77.68,1597.31,Yes
DEMO-03258,Female,No,Yes,No,4,No,DSL,No,No,One year,No,Electronic check,48.56,223.03,No
DEMO-03259,Male,No,Yes,Yes,22,Yes,DSL,Yes,No,Month-to-month,Yes,Mailed check,93.02,2064.26,No
DEMO-03260,Male,Yes,No,No,30,Yes,Fiber optic,Yes,Yes,Month-to-month,Yes,Mailed check,54.54,1618.29,Yes
DEMO-03261,Male,No,Yes,Yes,45,Yes,No,No,No,One year,Yes,Credit card,62.34,3046.4,No
DEMO-03262,Male,No,No,Yes,54,Yes,Fiber optic,Yes,Yes,Month-to-month,Yes,Bank transfer,59.37,3371.95,Yes
DEMO-03263,Female,No,Yes,No,44,Yes,Fiber optic,No,No,Month-to-month,Yes,Credit card,89.24,3806.48,Yes
DEMO-03264,Female,No,Yes,No,13,Yes,Fiber optic,Yes,No,Month-to-month,Yes,Credit card,85.61,975.99,Yes
DEMO-03265,Female,No,No,No,10,Yes,DSL,No,Yes,Month-to-month,Yes,Electronic check,20.0,332.6,Yes
DEMO-03266,Female,No,Yes,No,51,Yes,DSL,Yes,No,Month-to-month,No,Bank transfer,78.36,4102.9,No
DEMO-03267,Female,No,Yes,No,3,Yes,DSL,No,No,One year,No,Electronic check,28.39,233.12,Yes
DEMO-03268,Female,Yes,No,No,72,Yes,No,Yes,No,Two year,Yes,Credit card,63.47,4525.42,No
DEMO-03269,Female,No,Yes,No,16,Yes,DSL,No,Yes,Month-to-month,Yes,Mailed check,69.3,1092.76,Yes
DEMO-03270,Male,No,No,No,70,Yes,Fiber optic,No,No,Two year,No,Electronic check,63.2,4246.17,No
DEMO-03271,Male,No,No,No,19,Yes,Fiber optic,No,Yes,One year,No,Electronic check,84.52,1620.27,Yes
DEMO-03272,Male,No,Yes,No,47,Yes,Fiber optic,No internet service,Yes,One year,Yes,Bank transfer,90.0,4166.13,No
DEMO-03273,Female,No,Yes,No,10,Yes,DSL,No,No,One year,Yes,Electronic check,52.66,448.54,No
DEMO-03274,Female,No,Yes,No,32,Yes,No,Yes,No,One year,Yes,Mailed check,51.76,1748.69,No
DEMO-03275,Female,No,Yes,Yes,5,Yes,DSL,No internet service,No,Two year,Yes,Credit card,71.1,339.91,No
DEMO-03276,Female,No,No,Yes,40,Yes,No,No,No,Month-to-month,No,Electronic check,33.41,1418.88,Yes
DEMO-03277,Female,No,Yes,No,10,Yes,Fiber optic,No,No,Month-to-month,No,Bank transfer,60.08,590.01,Yes
DEMO-03278,Female,No,No,No,12,Yes,Fiber optic,No,No,Month-to-month,No,Bank transfer,105.7,1323.22,Yes
DEMO-03279,Female,No,No,Yes,21,No,Fiber optic,Yes,Yes,Month-to-month,Yes,Electronic check,34.34,589.89,Yes
DEMO-03280,Male,No,Yes,Yes,25,Yes,Fiber optic,No internet service,No,One year,No,Electronic check,63.5,1488.8,No
DEMO-03281,Female,No,Yes,No,45,Yes,DSL,No internet service,No,Month-to-month,Yes,Electronic check,57.19,2618.89,No
DEMO-03282,Female,No,No,No,42,Yes,Fiber optic,No internet service,Yes,Month-to-month,No,Credit card,122.13,5298.71,No
DEMO-03283,Female,No,Yes,No,34,Yes,Fiber optic,No,No,Month-to-month,Yes,Bank transfer,58.55,2037.33,No
DEMO-03284,Male,No,Yes,No,58,Yes,Fiber optic,No,Yes,Month-to-month,No,Mailed check,60.0,3481.54,Yes
DEMO-03285,Male,No,Yes,No,41,Yes,Fiber optic,Yes,No,One year,Yes,Credit card,46.23,2045.66,No
DEMO-03286,Male,Yes,Yes,No,43,Yes,Fiber optic,No,Yes,One year,Yes,Electronic check,72.23,3084.08,No
DEMO-03287,Male,No,No,Yes,11,Yes,Fiber optic,Yes,No,Month-to-month,Yes,Electronic check,78.75,786.59,Yes
DEMO-03288,Female,No,No,Yes,62,Yes,DSL,No,No,Month-to-month,Yes,Electronic check,49.85,3091.39,Yes
DEMO-03289,Male,Yes,No,Yes,56,Yes,DSL,Yes,No,Month-to-month,Yes,Credit card,96.72,5453.6,Yes
DEMO-03290,Female,Yes,No,No,36,Yes,Fiber optic,No internet service,No,Month-to-month,Yes,Mailed check,78.78,2709.46,No
DEMO-03291,Female,No,Yes,No,55,Yes,DSL,No internet service,No,One year,Yes,Bank transfer,93.3,5144.41,No
DEMO-03292,Female,No,No,Yes,30,Yes,DSL,No,No,One year,No,Electronic check,63.8,1741.57,No
DEMO-03293,Male,No,No,No,72,Yes,Fiber optic,No,Yes,Month-to-month,Yes,Credit card,78.08,5591.71,No
DEMO-03294,Male,No,Yes,Yes,33,Yes,DSL,No internet service,No,Month-to-month,No,Credit card,66.67,2184.45,No
DEMO-03295,Male,Yes,Yes,No,29,Yes,DSL,Yes,No,Two year,Yes,Mailed check,108.44,3141.54,Yes
DEMO-03296,Male,Yes,No,No,41,No,No,No,Yes,One year,No,Electronic check,74.91,2875.51,Yes
DEMO-03297,Male,No,Yes,No,72,Yes,Fiber optic,No,No,Month-to-month,No,Bank transfer,72.22,5209.89,No
DEMO-03298,Male,Yes,No,No,19,Yes,Fiber optic,Yes,Yes,Month-to-month,No,Electronic check,60.54,1237.65,Yes
DEMO-03299,Male,No,Yes,Yes,39,Yes,Fiber optic,No,No,Month-to-month,Yes,Electronic check,59.1,2445.71,Yes
DEMO-03300,Female,No,Yes,No,20,Yes,Fiber optic,Yes,Yes,Two year,Yes,Bank transfer,77.94,1704.09,No
DEMO-03301,Female,No,Yes,No,29,Yes,No,No,Yes,Month-to-month,Yes,Mailed check,92.49,2684.75,Yes
DEMO-03302,Male,No,Yes,No,14,Yes,DSL,No,No,Month-to-month,No,Credit card,54.89,1016.31,No
DEMO-03303,Male,No,Yes,No,42,Yes,DSL,Yes,No,Two year,Yes,Electronic check,75.16,3080.71,No
DEMO-03304,Male,No,Yes,No,31,No,DSL,Yes,No,One year,No,Electronic check,76.6,2301.76,No
DEMO-03305,Female,No,No,No,54,Yes,No,No internet service,No,Month-to-month,Yes,Bank transfer,80.96,4373.65,No
DEMO-03306,Male,No,No,No,65,Yes,DSL,No,No,Month-to-month,Yes,Bank transfer,29.31,1987.87,No
DEMO-03307,Female,No,Yes,No,72,Yes,Fiber optic,No,Yes,Month-to-month,Yes,Mailed check,48.88,3583.69,No
DEMO-03308,Female,No,No,No,21,Yes,Fiber optic,Yes,No,One year,Yes,Mailed check,37.85,558.02,No
DEMO-03309,Female,No,No,No,41,Yes,No,No,Yes,Month-to-month,Yes,Electronic check,72.82,2889.19,No
DEMO-03310,Female,No,Yes,No,72,Yes,DSL,Yes,No,Two year,Yes,Mailed check,49.48,3639.28,No
DEMO-03311,Female,No,No,Yes,14,Yes,Fiber optic,No,Yes,Two year,Yes,Credit card,59.59,745.4,No
DEMO-03312,Male,No,No,Yes,34,Yes,No,Yes,No,Month-to-month,Yes,Electronic check,42.14,1419.89,Yes
DEMO-03313,Female,No,No,Yes,15,Yes,DSL,No,Yes,One year,No,Bank transfer,61.92,964.71,No
DEMO-03314,Male,No,No,No,72,Yes,Fiber optic,No internet service,No,Month-to-month,Yes,Electronic check,43.9,3209.17,No
DEMO-03315,Male,No,No,No,72,No,DSL,No,Yes,Month-to-month,Yes,Electronic check,90.95,6634.47,Yes
DEMO-03316,Male,No,No,No,47,Yes,DSL,Yes,No,One year,Yes,Credit card,83.98,4074.17,No
DEMO-03317,Female,No,Yes,No,46,No,DSL,No,No,Month-to-month,No,Bank transfer,75.76,3548.22,Yes
DEMO-03318,Female,No,No,Yes,17,Yes,DSL,No,Yes,Month-to-month,Yes,Electronic check,64.45,972.9,No
DEMO-03319,Female,No,No,No,72,No,DSL,No,No,Month-to-month,No,Mailed check,21.06,1574.96,Yes
DEMO-03320,Male,No,No,Yes,24,Yes,Fiber optic,Yes,Yes,Month-to-month,Yes,Electronic check,60.54,1561.14,No
DEMO-03321,Male,No,No,Yes,18,Yes,Fiber optic,No,No,Month-to-month,Yes,Mailed check,52.96,998.63,No
DEMO-03322,Female,No,No,No,67,No,Fiber optic,Yes,Yes,One year,Yes,Credit card,78.18,5367.03,No
DEMO-03323,Female,Yes,Yes,No,23,Yes,Fiber optic,No internet service,No,Two year,Yes,Electronic check,87.49,2036.03,Yes
DEMO-03324,Male,No,No,Yes,19,Yes,No,No,Yes,One year,Yes,Mailed check,80.12,1509.58,No
DEMO-03325,Female,No,Yes,No,56,Yes,DSL,No internet service,No,Two year,Yes,Mailed check,103.58,5715.78,No
DEMO-03326,Male,No,Yes,No,11,Yes,DSL,Yes,No,Month-to-month,No,Credit card,57.79,839.12,No
DEMO-03327,Male,No,No,Yes,47,Yes,DSL,Yes,No,Two year,No,Electronic check,56.76,2563.19,No
DEMO-03328,Male,No,No,No,34,Yes,No,No,Yes,Month-to-month,No,Bank transfer,97.95,3329.82,No
DEMO-03329,Female,No,Yes,No,53,Yes,No,No,Yes,Month-to-month,No,Electronic check,76.16,4000.85,No
DEMO-03330,Male,No,Yes,No,43,Yes,Fiber optic,No,Yes,Two year,Yes,Electronic check,65.83,2697.27,No
DEMO-03331,Female,No,No,Yes,72,Yes,DSL,No,No,Month-to-month,No,Electronic check,118.16,8596.34,No
DEMO-03332,Female,No,No,Yes,36,Yes,Fiber optic,Yes,No,Month-to-month,Yes,Bank transfer,86.44,3161.74,Yes
DEMO-03333,Male,No,No,Yes,22,Yes,Fiber optic,No,No,Month-to-month,No,Electronic check,67.24,1503.68,No
DEMO-03334,Female,Yes,Yes,No,31,Yes,DSL,No internet service,No,Month-to-month,No,Credit card,54.85,1637.61,No
DEMO-03335,Male,No,Yes,No,43,Yes,DSL,No,Yes,Month-to-month,Yes,Mailed check,105.16,4578.22,No
DEMO-03336,Male,No,No,No,72,Yes,DSL,No internet service,No,Month-to-month,Yes,Credit card,77.17,5530.13,No
DEMO-03337,Male,No,Yes,No,49,No,Fiber optic,No,No,Two year,Yes,Electronic check,72.61,3605.99,No
DEMO-03338,Male,No,No,No,16,Yes,No,Yes,No,Month-to-month,No,Electronic check,88.91,1566.17,Yes
DEMO-03339,Male,No,No,Yes,72,Yes,DSL,No internet service,Yes,Month-to-month,Yes,Bank transfer,94.0,6523.64,No
DEMO-03340,Male,No,No,No,63,Yes,No,No,No,Month-to-month,Yes,Mailed check,85.75,5502.46,No
DEMO-03341,Male,No,No,No,15,Yes,Fiber optic,No,No,Two year,Yes,Mailed check,94.1,1648.85,Yes
DEMO-03342,Male,Yes,No,No,12,Yes,Fiber optic,Yes,No,Month-to-month,No,Credit card,83.28,1171.44,Yes
DEMO-03343,Male,No,Yes,No,10,Yes,No,Yes,No,Month-to-month,Yes,Bank transfer,85.87,936.0,Yes
DEMO-03344,Male,No,Yes,No,30,Yes,Fiber optic,Yes,No,Month-to-month,No,Credit card,53.71,1733.64,Yes
DEMO-03345,Male,No,Yes,No,31,Yes,DSL,Yes,No,One year,No,Electronic check,117.26,3550.1,No
DEMO-03346,Female,No,Yes,No,18,Yes,DSL,No internet service,Yes,Two year,No,Bank transfer,41.16,764.91,No
DEMO-03347,Male,No,Yes,Yes,8,Yes,No,No,No,One year,Yes,Bank transfer,79.73,622.84,Yes
DEMO-03348,Female,No,No,Yes,12,Yes,Fiber optic,No,Yes,One year,Yes,Bank transfer,38.58,416.24,Yes
DEMO-03349,Male,No,No,Yes,50,Yes,DSL,No,No,Month-to-month,No,Bank transfer,69.55,3576.33,Yes
DEMO-03350,Male,No,Yes,No,25,Yes,Fiber optic,Yes,Yes,Month-to-month,Yes,Bank transfer,57.72,1423.25,Yes
DEMO-03351,Female,Yes,Yes,No,13,No,DSL,No,No,Month-to-month,Yes,Credit card,75.39,794.64,Yes
DEMO-03352,Female,No,Yes,No,34,No,DSL,No,No,Month-to-month,No,Electronic check,80.54,2782.21,No
DEMO-03353,Female,Yes,Yes,No,39,Yes,No,No internet service,No,Month-to-month,No,Electronic check,48.09,1872.74,No
DEMO-03354,Male,No,No,No,42,Yes,Fiber optic,Yes,Yes,Month-to-month,No,Electronic check,71.26,3062.23,No
DEMO-03355,Female,No,Yes,No,33,No,DSL,No internet service,No,Month-to-month,Yes,Electronic check,106.84,3484.75,No
DEMO-03356,Female,No,No,No,29,Yes,Fiber optic,No,Yes,One year,Yes,Bank transfer,39.19,964.23,No
DEMO-03357,Female,No,Yes,No,71,Yes,No,No internet service,Yes,Month-to-month,No,Mailed check,50.65,3498.71,No
DEMO-03358,Male,No,Yes,No,12,No,DSL,No,No,One year,No,Mailed check,93.52,1030.71,No
DEMO-03359,Male,Yes,Yes,No,26,Yes,DSL,No internet service,No,One year,Yes,Credit card,73.94,1819.68,No
DEMO-03360,Male,No,Yes,No,4,Yes,Fiber optic,No internet service,No,Month-to-month,Yes,Credit card,75.78,246.85,Yes
DEMO-03361,Female,No,Yes,No,24,Yes,DSL,No,No,Month-to-month,Yes,Bank transfer,97.56,2414.16,No
DEMO-03362,Female,No,Yes,No,36,Yes,DSL,No,No,One year,No,Mailed check,52.15,1739.28,No
DEMO-03363,Female,Yes,Yes,Yes,56,Yes,DSL,Yes,Yes,One year,Yes,Electronic check,59.02,3393.42,No
DEMO-03364,Female,No,No,No,4,Yes,DSL,No,Yes,Month-to-month,Yes,Mailed check,55.93,96.75,Yes
DEMO-03365,Female,Yes,Yes,No,35,Yes,Fiber optic,No,No,Month-to-month,Yes,Mailed check,63.29,2177.04,Yes
DEMO-03366,Male,No,Yes,No,72,Yes,DSL,No,No,One year,No,Electronic check,105.49,7591.72,No
DEMO-03367,Male,No,Yes,No,44,Yes,Fiber optic,Yes,No,One year,Yes,Bank transfer,29.47,1266.71,No
DEMO-03368,Male,No,Yes,No,10,Yes,Fiber optic,Yes,Yes,Month-to-month,Yes,Mailed check,42.14,483.59,Yes
DEMO-03369,Male,No,No,Yes,24,Yes,DSL,No internet service,Yes,Month-to-month,No,Electronic check,37.86,897.8,Yes
DEMO-03370,Female,No,Yes,No,45,Yes,DSL,No,Yes,Two year,No,Bank transfer,107.04,4801.11,Yes
DEMO-03371,Male,No,Yes,No,19,Yes,No,No internet service,No,Month-to-month,Yes,Mailed check,56.64,838.52,Yes
DEMO-03372,Female,No,Yes,No,38,Yes,Fiber optic,Yes,Yes,Two year,Yes,Electronic check,63.83,2465.62,No
DEMO-03373,Male,No,No,Yes,36,Yes,Fiber optic,No internet service,No,Month-to-month,Yes,Electronic check,31.63,1326.55,No
DEMO-03374,Female,Yes,No,Yes,30,Yes,Fiber optic,Yes,No,Month-to-month,Yes,Electronic check,65.44,1914.01,Yes
DEMO-03375,Female,No,No,No,9,Yes,No,Yes,Yes,Month-to-month,Yes,Mailed check,93.66,908.99,Yes
DEMO-03376,Male,No,No,Yes,17,Yes,DSL,Yes,Yes,Month-to-month,Yes,Mailed check,78.32,1249.06,No
DEMO-03377,Female,No,No,Yes,72,Yes,DSL,Yes,No,Two year,Yes,Electronic check,69.3,5088.14,No
DEMO-03378,Male,Yes,Yes,Yes,22,Yes,No,Yes,Yes,Month-to-month,No,Credit card,32.88,775.26,Yes
DEMO-03379,Male,No,Yes,Yes,25,No,DSL,No internet service,No,Two year,Yes,Credit card,63.8,1558.34,No
DEMO-03380,Female,No,Yes,Yes,24,Yes,Fiber optic,No,No,Month-to-month,No,Mailed check,75.67,1772.83,Yes
DEMO-03381,Male,No,No,No,55,Yes,DSL,No,Yes,Two year,Yes,Credit card,47.2,2660.53,No
DEMO-03382,Female,No,Yes,No,26,Yes,DSL,No,Yes,Two year,Yes,Mailed check,88.37,2301.71,No
DEMO-03383,Male,No,Yes,No,30,Yes,Fiber optic,No,No,Month-to-month,No,Electronic check,94.13,2700.76,Yes
DEMO-03384,Male,No,No,No,35,Yes,Fiber optic,No,No,Month-to-month,No,Mailed check,58.78,1904.49,No
DEMO-03385,Male,No,Yes,No,59,Yes,Fiber optic,No internet service,No,One year,Yes,Electronic check,90.15,5377.67,Yes
DEMO-03386,Female,No,No,No,30,Yes,DSL,Yes,Yes,Month-to-month,No,Mailed check,69.26,2001.49,No
DEMO-03387,Female,No,Yes,Yes,33,Yes,DSL,Yes,No,Two year,No,Credit card,100.68,3325.97,No
DEMO-03388,Female,No,Yes,Yes,19,Yes,Fiber optic,Yes,No,Month-to-month,Yes,Mailed check,122.85,2392.96,Yes
DEMO-03389,Male,Yes,Yes,No,39,Yes,DSL,No,Yes,Month-to-month,No,Electronic check,44.66,1621.49,Yes
DEMO-03390,Male,No,No,No,47,Yes,Fiber optic,No,No,Month-to-month,Yes,Electronic check,91.24,4186.86,Yes
DEMO-03391,Male,No,Yes,No,49,Yes,Fiber optic,No,No,One year,Yes,Credit card,104.62,5288.64,No
DEMO-03392,Male,Yes,Yes,No,72,Yes,DSL,No,Yes,Two year,Yes,Electronic check,47.73,3395.33,No
DEMO-03393,Female,No,No,No,16,No,DSL,No,Yes,Month-to-month,Yes,Credit card,57.62,1023.82,Yes
DEMO-03394,Male,No,No,Yes,31,Yes,Fiber optic,Yes,Yes,One year,Yes,Electronic check,57.34,2028.27,No
DEMO-03395,Male,No,No,No,26,No,Fiber optic,No internet service,No,Two year,Yes,Bank transfer,68.68,1809.6,No
DEMO-03396,Female,No,Yes,Yes,72,No,DSL,No,Yes,Month-to-month,Yes,Electronic check,63.09,4456.28,No
DEMO-03397,Female,Yes,No,No,51,Yes,No,Yes,Yes,Month-to-month,Yes,Electronic check,67.04,3431.74,No
DEMO-03398,Male,No,Yes,Yes,7,Yes,DSL,No,Yes,One year,No,Electronic check,92.95,631.77,Yes
DEMO-03399,Female,Yes,No,No,18,Yes,Fiber optic,Yes,No,One year,No,Electronic check,24.6,449.51,Yes
DEMO-03400,Male,Yes,Yes,No,23,Yes,DSL,No,No,Month-to-month,No,Electronic check,47.65,1167.66,Yes
DEMO-03401,Male,No,Yes,No,8,Yes,Fiber optic,No,Yes,Two year,No,Electronic check,88.75,793.16,No
DEMO-03402,Female,No,Yes,Yes,33,Yes,Fiber optic,No,No,Month-to-month,No,Bank transfer,85.82,2631.58,No
DEMO-03403,Female,No,No,No,20,No,DSL,Yes,No,Two year,Yes,Bank transfer,45.54,1029.8,No
DEMO-03404,Female,No,Yes,No,72,Yes,Fiber optic,Yes,No,Two year,Yes,Electronic check,85.99,6218.64,No
DEMO-03405,Female,No,Yes,Yes,38,Yes,DSL,Yes,No,Two year,Yes,Bank transfer,105.17,3939.1,No
DEMO-03406,Male,No,Yes,No,23,Yes,Fiber optic,No,No,Month-to-month,Yes,Credit card,70.77,1701.13,No
DEMO-03407,Female,No,No,Yes,13,Yes,Fiber optic,No,No,Month-to-month,Yes,Credit card,46.8,503.35,Yes
DEMO-03408,Female,Yes,Yes,No,29,Yes,Fiber optic,Yes,No,Month-to-month,No,Mailed check,93.87,2621.84,Yes
DEMO-03409,Male,No,No,No,72,Yes,Fiber optic,Yes,No,Month-to-month,Yes,Mailed check,115.08,8391.66,Yes
DEMO-03410,Female,No,No,No,26,Yes,DSL,Yes,No,One year,Yes,Credit card,49.85,1302.8,No
DEMO-03411,Female,No,Yes,No,29,Yes,DSL,No,No,Month-to-month,No,Credit card,72.98,2273.19,No
DEMO-03412,Female,No,Yes,Yes,65,No,No,No,No,Month-to-month,No,Credit card,99.25,6382.64,No
DEMO-03413,Female,No,No,Yes,38,No,Fiber optic,No,No,Month-to-month,No,Bank transfer,74.88,2874.57,Yes
DEMO-03414,Male,Yes,Yes,No,54,Yes,Fiber optic,No,No,Month-to-month,No,Bank transfer,28.32,1568.02,No
DEMO-03415,Male,Yes,No,No,40,Yes,Fiber optic,No,No,Month-to-month,Yes,Credit card,83.09,3364.19,No
DEMO-03416,Female,No,No,Yes,39,Yes,Fiber optic,No,No,One year,No,Mailed check,47.53,1915.75,No
DEMO-03417,Female,No,No,Yes,6,Yes,DSL,Yes,Yes,One year,Yes,Electronic check,40.23,287.34,Yes
DEMO-03418,Male,No,Yes,No,11,No,DSL,No,No,Month-to-month,No,Credit card,28.81,318.83,Yes
DEMO-03419,Male,No,No,No,35,No,Fiber optic,No internet service,Yes,Two year,Yes,Credit card,101.76,3367.44,No
DEMO-03420,Male,No,Yes,Yes,14,Yes,DSL,No,Yes,Two year,Yes,Electronic check,51.13,802.24,No
DEMO-03421,Male,No,No,Yes,29,Yes,DSL,Yes,Yes,Month-to-month,No,Electronic check,80.33,2092.19,Yes
DEMO-03422,Female,Yes,Yes,No,10,Yes,Fiber optic,No internet service,Yes,One year,No,Credit card,86.47,741.33,Yes
DEMO-03423,Male,No,Yes,No,65,Yes,Fiber optic,No,No,Month-to-month,Yes,Electronic check,76.05,4872.78,Yes
DEMO-03424,Male,Yes,Yes,Yes,16,Yes,Fiber optic,No,Yes,Month-to-month,Yes,Bank transfer,79.41,1360.88,No
DEMO-03425,Male,No,Yes,No,13,Yes,Fiber optic,No,Yes,Month-to-month,Yes,Electronic check,81.53,1037.67,No
DEMO-03426,Male,No,Yes,Yes,8,Yes,Fiber optic,No,Yes,Month-to-month,No,Electronic check,75.45,791.1,Yes
DEMO-03427,Female,No,Yes,Yes,49,Yes,DSL,No,Yes,Two year,No,Bank transfer,53.0,2458.32,No
DEMO-03428,Male,No,Yes,No,29,Yes,Fiber optic,Yes,No,Two year,Yes,Credit card,50.77,1362.36,No
DEMO-03429,Female,No,No,No,64,Yes,Fiber optic,No,No,Two year,No,Mailed check,69.38,4215.28,No
DEMO-03430,Female,No,No,No,19,Yes,Fiber optic,Yes,Yes,One year,Yes,Electronic check,68.85,1193.47,Yes
DEMO-03431,Male,No,No,No,11,Yes,No,No,No,Month-to-month,No,Electronic check,82.73,846.77,Yes
DEMO-03432,Female,No,No,Yes,28,Yes,DSL,Yes,No,Two year,No,Electronic check,99.54,2933.61,Yes
DEMO-03433,Male,No,No,Yes,72,Yes,Fiber optic,No,No,Month-to-month,No,Credit card,80.6,5907.78,Yes
DEMO-03434,Female,Yes,Yes,Yes,6,Yes,DSL,No,Yes,Month-to-month,Yes,Mailed check,51.73,334.23,No
DEMO-03435,Male,No,No,No,37,No,DSL,No,No,One year,No,Credit card,20.0,708.88,No
DEMO-03436,Male,No,No,No,40,Yes,Fiber optic,No internet service,Yes,Month-to-month,No,Credit card,52.78,2187.67,Yes
DEMO-03437,Female,No,No,No,72,Yes,DSL,No,Yes,Month-to-month,Yes,Mailed check,38.39,2891.36,No
DEMO-03438,Male,No,Yes,Yes,15,Yes,DSL,No,No,Month-to-month,No,Electronic check,53.74,741.43,No
DEMO-03439,Female,No,No,Yes,5,Yes,Fiber optic,No,No,One year,No,Credit card,78.06,335.58,No
DEMO-03440,Female,No,Yes,No,21,Yes,DSL,No,Yes,Month-to-month,No,Electronic check,74.11,1513.16,No
DEMO-03441,Female,No,Yes,Yes,54,No,Fiber optic,No,Yes,Month-to-month,No,Credit card,118.45,6222.85,No
DEMO-03442,Male,No,No,No,31,Yes,DSL,Yes,No,Month-to-month,No,Mailed check,84.08,2727.57,Yes
DEMO-03443,Female,No,No,No,43,Yes,Fiber optic,No,Yes,Month-to-month,Yes,Electronic check,119.73,5090.05,Yes
DEMO-03444,Female,No,Yes,No,12,Yes,Fiber optic,Yes,Yes,Two year,Yes,Mailed check,89.88,1049.63,Yes
DEMO-03445,Female,No,Yes,No,25,Yes,Fiber optic,No,Yes,Month-to-month,Yes,Mailed check,99.14,2624.1,Yes
DEMO-03446,Male,No,No,Yes,32,Yes,Fiber optic,Yes,Yes,One year,No,Bank transfer,63.03,1963.0,No
DEMO-03447,Female,Yes,No,No,7,Yes,No,No,No,One year,Yes,Bank transfer,45.14,442.59,No
DEMO-03448,Female,No,Yes,Yes,31,Yes,DSL,No,Yes,Month-to-month,Yes,Electronic check,60.78,1709.36,Yes
DEMO-03449,Male,No,No,No,23,No,Fiber optic,No,No,Two year,Yes,Bank transfer,71.7,1705.24,Yes
DEMO-03450,Male,No,No,No,72,Yes,No,No,Yes,One year,No,Mailed check,56.3,4009.05,No
DEMO-03451,Female,No,No,Yes,30,Yes,Fiber optic,No,No,Month-to-month,No,Credit card,46.97,1251.16,Yes
DEMO-03452,Female,No,No,No,72,Yes,No,No internet service,No,Month-to-month,Yes,Credit card,82.42,5820.69,Yes
DEMO-03453,Male,No,No,Yes,43,Yes,Fiber optic,Yes,Yes,Month-to-month,Yes,Bank transfer,46.87,2029.45,Yes
DEMO-03454,Male,No,No,No,27,Yes,Fiber optic,No internet service,Yes,Two year,No,Credit card,33.66,812.82,No
DEMO-03455,Female,No,Yes,No,72,Yes,DSL,No,No,One year,Yes,Mailed check,43.95,3202.7,No
DEMO-03456,Male,No,No,No,10,Yes,DSL,Yes,No,Two year,No,Electronic check,66.14,586.87,Yes
DEMO-03457,Male,Yes,Yes,No,21,Yes,Fiber optic,No,Yes,Two year,No,Electronic check,47.23,829.89,Yes
DEMO-03458,Female,No,Yes,No,56,No,Fiber optic,No,Yes,Month-to-month,No,Credit card,66.3,3809.78,No
DEMO-03459,Male,Yes,No,No,2,Yes,Fiber optic,No,No,Two year,Yes,Mailed check,87.01,203.46,Yes
DEMO-03460,Male,No,No,Yes,29,Yes,No,No,Yes,Month-to-month,No,Credit card,86.36,2324.14,No
DEMO-03461,Male,No,Yes,No,29,No,DSL,No,Yes,One year,No,Mailed check,55.48,1674.22,No
DEMO-03462,Female,No,Yes,No,36,Yes,Fiber optic,No,Yes,Month-to-month,Yes,Electronic check,39.4,1430.62,No
DEMO-03463,Male,No,Yes,No,25,Yes,No,Yes,No,Month-to-month,No,Bank transfer,57.61,1397.09,No
DEMO-03464,Female,No,Yes,No,54,Yes,No,No,Yes,One year,No,Bank transfer,88.39,4733.87,No
DEMO-03465,Male,Yes,Yes,Yes,15,Yes,No,No,Yes,Two year,Yes,Mailed check,94.23,1547.49,No
DEMO-03466,Female,No,No,Yes,60,Yes,Fiber optic,No,Yes,One year,Yes,Credit card,80.82,4881.11,No
DEMO-03467,Male,No,No,No,11,Yes,No,No internet service,No,Month-to-month,Yes,Bank transfer,102.04,1261.36,Yes
DEMO-03468,Male,No,No,No,38,No,Fiber optic,No internet service,No,Month-to-month,Yes,Mailed check,115.23,4426.32,No
DEMO-03469,Male,No,Yes,Yes,69,Yes,DSL,Yes,No,Two year,Yes,Bank transfer,59.92,4157.96,No
DEMO-03470,Male,No,Yes,No,14,Yes,DSL,Yes,No,Month-to-month,Yes,Electronic check,109.16,1452.51,No
DEMO-03471,Male,No,No,No,18,Yes,Fiber optic,No internet service,No,Month-to-month,Yes,Credit card,65.49,1194.6,Yes
DEMO-03472,Male,No,No,No,61,Yes,No,Yes,No,Month-to-month,No,Electronic check,97.5,6049.6,No
DEMO-03473,Male,No,Yes,Yes,34,Yes,Fiber optic,Yes,No,Month-to-month,No,Bank transfer,89.71,3058.26,Yes
DEMO-03474,Male,No,Yes,Yes,6,Yes,Fiber optic,No,No,Month-to-month,No,Mailed check,22.57,329.06,Yes
DEMO-03475,Female,No,No,Yes,35,Yes,Fiber optic,No,No,Month-to-month,No,Electronic check,47.84,1776.35,No
DEMO-03476,Female,No,Yes,No,48,Yes,Fiber optic,No,No,Two year,Yes,Bank transfer,41.47,1870.74,Yes
DEMO-03477,Male,No,No,No,63,Yes,DSL,Yes,Yes,Two year,Yes,Mailed check,27.45,1680.86,No
DEMO-03478,Male,No,No,No,38,Yes,Fiber optic,Yes,Yes,Two year,No,Bank transfer,93.98,3638.57,No
DEMO-03479,Female,No,Yes,No,44,Yes,DSL,No,Yes,One year,No,Bank transfer,123.72,5290.99,No
DEMO-03480,Male,No,Yes,No,72,Yes,Fiber optic,No,No,Month-to-month,Yes,Electronic check,65.56,4708.67,No
DEMO-03481,Female,No,Yes,Yes,57,Yes,Fiber optic,No,No,One year,No,Electronic check,93.35,5227.69,No
DEMO-03482,Male,Yes,No,No,24,Yes,Fiber optic,No,No,Two year,No,Bank transfer,109.12,2622.95,Yes
DEMO-03483,Male,No,No,Yes,27,Yes,Fiber optic,Yes,No,One year,No,Mailed check,77.21,1992.21,No
DEMO-03484,Female,No,Yes,No,68,No,No,No,Yes,One year,No,Mailed check,71.37,4958.5,No
DEMO-03485,Male,No,Yes,Yes,37,Yes,No,No,No,One year,No,Electronic check,65.86,2385.9,Yes
DEMO-03486,Male,No,No,Yes,33,No,DSL,No,Yes,One year,No,Electronic check,85.44,2885.98,Yes
DEMO-03487,Female,No,Yes,No,24,Yes,DSL,No,No,One year,Yes,Bank transfer,93.87,2103.53,Yes
DEMO-03488,Female,No,Yes,No,66,Yes,DSL,No,Yes,Month-to-month,No,Credit card,83.55,5483.83,No
DEMO-03489,Female,Yes,No,No,15,Yes,DSL,Yes,Yes,Month-to-month,No,Bank transfer,82.69,1112.39,Yes
DEMO-03490,Female,No,Yes,No,21,Yes,DSL,Yes,No,One year,Yes,Bank transfer,70.72,1604.46,No
DEMO-03491,Male,Yes,No,Yes,66,Yes,No,No internet service,Yes,Month-to-month,No,Mailed check,32.18,2046.44,No
DEMO-03492,Male,No,Yes,Yes,65,Yes,No,No,Yes,Two year,Yes,Bank transfer,94.44,6129.87,No
DEMO-03493,Female,No,No,No,72,Yes,DSL,No,No,One year,No,Credit card,39.88,2906.55,No
DEMO-03494,Male,No,Yes,No,29,Yes,Fiber optic,No,No,Month-to-month,No,Electronic check,87.48,2462.27,No
DEMO-03495,Male,No,Yes,No,24,Yes,No,No internet service,Yes,Two year,Yes,Bank transfer,90.89,2061.33,No
DEMO-03496,Female,No,Yes,No,26,Yes,Fiber optic,No,No,One year,No,Electronic check,43.49,1149.3,No
DEMO-03497,Female,Yes,Yes,No,6,Yes,No,Yes,No,One year,Yes,Electronic check,56.8,147.57,Yes
DEMO-03498,Female,No,Yes,No,3,Yes,No,Yes,Yes,Month-to-month,No,Electronic check,125.04,509.3,Yes
DEMO-03499,Female,No,No,No,37,Yes,No,No internet service,No,Two year,No,Electronic check,70.01,2576.7,No
DEMO-03500,Female,No,Yes,Yes,22,Yes,Fiber optic,No internet service,No,Month-to-month,Yes,Electronic check,41.49,765.36,Yes
DEMO-03501,Male,No,No,Yes,16,Yes,Fiber optic,No internet service,No,One year,No,Electronic check,92.02,1445.86,No
DEMO-03502,Male,No,No,No,33,Yes,DSL,Yes,No,Month-to-month,Yes,Electronic check,52.68,1796.22,Yes
DEMO-03503,Female,No,Yes,No,38,Yes,No,No,No,One year,Yes,Electronic check,23.99,829.91,No
DEMO-03504,Male,No,No,No,27,Yes,DSL,No,No,One year,No,Electronic check,84.99,2100.53,Yes
DEMO-03505,Female,No,Yes,No,28,Yes,Fiber optic,No,No,One year,Yes,Mailed check,49.08,1361.9,No
DEMO-03506,Female,No,No,No,22,No,DSL,No internet service,No,Month-to-month,Yes,Credit card,80.03,1836.78,Yes
DEMO-03507,Female,No,Yes,Yes,51,Yes,Fiber optic,No internet service,No,Two year,No,Bank transfer,51.68,2658.98,No
DEMO-03508,Female,No,No,No,20,Yes,DSL,Yes,Yes,One year,Yes,Electronic check,89.68,1833.88,No
DEMO-03509,Male,No,Yes,No,13,Yes,No,Yes,No,Month-to-month,Yes,Mailed check,76.59,1091.34,No
DEMO-03510,Female,Yes,No,No,21,No,Fiber optic,Yes,No,Two year,No,Mailed check,20.0,578.29,No
DEMO-03511,Male,No,Yes,Yes,36,Yes,Fiber optic,No internet service,No,One year,Yes,Electronic check,81.55,2666.46,No
DEMO-03512,Male,No,Yes,No,53,Yes,Fiber optic,No internet service,No,Two year,Yes,Mailed check,64.76,3299.81,No
DEMO-03513,Male,No,Yes,Yes,72,Yes,Fiber optic,No,Yes,Two year,Yes,Electronic check,107.42,7751.03,No
DEMO-03514,Male,Yes,Yes,Yes,33,Yes,Fiber optic,Yes,No,Two year,Yes,Mailed check,81.88,2729.75,No
DEMO-03515,Female,No,Yes,No,72,Yes,No,No,No,One year,No,Bank transfer,90.9,6389.92,No
DEMO-03516,Male,No,Yes,No,18,Yes,No,No,No,One year,Yes,Mailed check,54.24,898.1,No
DEMO-03517,Female,No,No,No,15,Yes,Fiber optic,No,Yes,Month-to-month,No,Electronic check,52.25,955.96,Yes
DEMO-03518,Male,No,Yes,No,42,Yes,No,No,No,Month-to-month,Yes,Electronic check,71.36,2961.71,Yes
DEMO-03519,Male,No,Yes,No,47,Yes,Fiber optic,Yes,No,One year,Yes,Credit card,62.98,2981.09,No
DEMO-03520,Male,No,Yes,No,35,No,Fiber optic,No,No,Month-to-month,No,Bank transfer,105.45,3869.83,No
DEMO-03521,Female,No,No,Yes,72,Yes,Fiber optic,Yes,Yes,Two year,Yes,Bank transfer,68.17,4917.66,No
DEMO-03522,Female,Yes,No,Yes,19,No,Fiber optic,No,No,Month-to-month,Yes,Credit card,41.38,864.96,Yes
DEMO-03523,Female,No,No,No,72,Yes,Fiber optic,Yes,Yes,Month-to-month,Yes,Bank transfer,51.31,3751.42,Yes
DEMO-03524,Male,No,No,No,16,Yes,Fiber optic,No,No,Month-to-month,No,Electronic check,96.13,1504.49,Yes
DEMO-03525,Male,No,Yes,No,50,Yes,DSL,No,No,Month-to-month,Yes,Bank transfer,67.82,3351.69,Yes
DEMO-03526,Female,No,No,No,32,Yes,Fiber optic,No,No,Month-to-month,Yes,Electronic check,66.48,2245.52,No
DEMO-03527,Female,Yes,Yes,No,37,Yes,Fiber optic,No internet service,No,Month-to-month,No,Bank transfer,98.5,3643.69,Yes
DEMO-03528,Male,No,No,No,43,Yes,Fiber optic,No,Yes,Two year,Yes,Mailed check,49.13,2011.71,No
DEMO-03529,Female,Yes,Yes,No,33,Yes,No,No,No,Month-to-month,No,Electronic check,20.0,768.23,No
DEMO-03530,Female,Yes,Yes,Yes,28,Yes,DSL,No internet service,No,Month-to-month,No,Electronic check,50.68,1133.56,No
DEMO-03531,Female,No,Yes,No,5,Yes,DSL,Yes,No,Month-to-month,No,Mailed check,78.05,548.08,Yes
DEMO-03532,Male,No,No,No,59,Yes,Fiber optic,Yes,No,Month-to-month,Yes,Bank transfer,65.76,3861.18,No
DEMO-03533,Male,No,Yes,No,10,Yes,DSL,Yes,No,Month-to-month,No,Electronic check,32.99,330.7,Yes
DEMO-03534,Male,No,Yes,No,23,Yes,DSL,No,No,One year,Yes,Electronic check,97.4,2248.5,Yes
DEMO-03535,Female,No,No,No,39,Yes,Fiber optic,No,Yes,Two year,Yes,Mailed check,76.09,3100.58,Yes
DEMO-03536,Female,No,No,No,11,Yes,DSL,No,Yes,Month-to-month,Yes,Credit card,81.73,916.45,Yes
DEMO-03537,Male,No,Yes,Yes,28,Yes,Fiber optic,No,No,One year,Yes,Credit card,82.49,2307.45,No
DEMO-03538,Female,No,No,No,54,Yes,DSL,No,Yes,Month-to-month,Yes,Bank transfer,39.54,2039.93,No
DEMO-03539,Male,No,Yes,Yes,22,Yes,DSL,No,No,Month-to-month,No,Mailed check,79.57,1679.18,Yes
DEMO-03540,Male,No,No,Yes,28,Yes,Fiber optic,Yes,No,Two year,Yes,Mailed check,94.69,2715.53,No
DEMO-03541,Female,No,Yes,Yes,14,Yes,No,No internet service,No,Month-to-month,Yes,Electronic check,100.51,1429.41,No
DEMO-03542,Female,No,Yes,No,24,No,Fiber optic,Yes,Yes,Two year,Yes,Electronic check,90.03,2329.43,No
DEMO-03543,Male,Yes,Yes,Yes,10,Yes,DSL,No,No,Month-to-month,Yes,Electronic check,84.83,766.82,Yes
DEMO-03544,Male,No,No,Yes,36,Yes,Fiber optic,No,No,Month-to-month,No,Credit card,28.56,912.77,Yes
DEMO-03545,Male,No,Yes,No,8,Yes,Fiber optic,No,No,Month-to-month,Yes,Mailed check,71.63,603.02,Yes
DEMO-03546,Female,No,Yes,No,18,Yes,Fiber optic,No,No,Month-to-month,No,Electronic check,48.09,857.08,No
DEMO-03547,Female,Yes,No,No,32,Yes,DSL,No,No,Two year,No,Bank transfer,104.05,3209.75,No
DEMO-03548,Female,No,Yes,No,27,Yes,DSL,No internet service,Yes,Month-to-month,Yes,Electronic check,100.26,2655.12,No
DEMO-03549,Male,No,Yes,No,41,No,Fiber optic,No,Yes,Two year,No,Mailed check,48.24,2048.32,Yes
DEMO-03550,Female,No,No,No,28,Yes,Fiber optic,No internet service,No,Two year,No,Bank transfer,70.85,1851.78,Yes
DEMO-03551,Male,No,No,No,5,Yes,No,No internet service,No,Month-to-month,No,Credit card,78.21,277.29,No
DEMO-03552,Male,No,No,No,11,Yes,Fiber optic,Yes,No,Month-to-month,Yes,Bank transfer,94.52,966.89,Yes
DEMO-03553,Female,No,Yes,No,31,Yes,Fiber optic,No,No,Month-to-month,Yes,Credit card,30.11,862.64,No
DEMO-03554,Male,No,Yes,No,64,Yes,Fiber optic,No internet service,Yes,Month-to-month,No,Electronic check,20.0,1359.3,No
DEMO-03555,Female,No,No,Yes,57,Yes,Fiber optic,No,Yes,Two year,Yes,Bank transfer,72.95,4102.63,No
DEMO-03556,Male,No,No,Yes,72,Yes,Fiber optic,No,No,Month-to-month,Yes,Credit card,20.0,1603.14,Yes
DEMO-03557,Male,No,No,No,20,Yes,DSL,No,No,Two year,Yes,Electronic check,75.96,1414.9,Yes
DEMO-03558,Male,No,No,No,53,Yes,No,No,No,One year,Yes,Credit card,86.81,4637.41,No
DEMO-03559,Female,No,Yes,Yes,50,Yes,DSL,No,No,Month-to-month,Yes,Credit card,102.9,5140.99,Yes
DEMO-03560,Female,No,No,No,72,Yes,Fiber optic,No,Yes,One year,Yes,Bank transfer,56.44,4064.0,No
DEMO-03561,Male,No,Yes,Yes,71,Yes,Fiber optic,No,No,Month-to-month,No,Electronic check,76.03,5151.95,No
DEMO-03562,Male,No,Yes,No,38,Yes,No,No,No,Two year,Yes,Electronic check,88.29,3245.28,No
DEMO-03563,Male,Yes,No,No,47,Yes,DSL,No,No,Month-to-month,Yes,Bank transfer,42.61,1985.93,No
DEMO-03564,Female,Yes,No,No,41,Yes,No,Yes,No,Two year,No,Credit card,94.88,3693.12,Yes
DEMO-03565,Female,No,Yes,No,30,Yes,DSL,Yes,No,Two year,No,Electronic check,78.86,2073.49,No
DEMO-03566,Male,No,No,No,45,No,DSL,No,No,Two year,Yes,Electronic check,56.86,2435.23,No
DEMO-03567,Male,No,Yes,No,35,Yes,No,No,No,Month-to-month,Yes,Electronic check,75.53,2677.28,No
DEMO-03568,Female,Yes,No,No,34,No,DSL,No internet service,Yes,Two year,No,Mailed check,68.52,2377.4,No
DEMO-03569,Female,No,Yes,No,72,Yes,Fiber optic,No internet service,Yes,Month-to-month,No,Credit card,91.5,6465.64,No
DEMO-03570,Male,No,No,No,38,Yes,Fiber optic,No,No,One year,No,Mailed check,62.99,2373.48,Yes
DEMO-03571,Female,No,Yes,Yes,33,Yes,No,No,No,Month-to-month,Yes,Mailed check,77.68,2605.81,Yes
DEMO-03572,Female,No,Yes,Yes,27,Yes,Fiber optic,No,No,Month-to-month,No,Bank transfer,56.48,1657.47,Yes
DEMO-03573,Female,No,Yes,Yes,25,Yes,DSL,Yes,Yes,Month-to-month,Yes,Mailed check,48.55,1342.37,No
DEMO-03574,Male,No,Yes,No,11,Yes,No,Yes,No,Month-to-month,No,Bank transfer,76.29,930.32,Yes
DEMO-03575,Female,No,No,Yes,30,Yes,DSL,No internet service,Yes,Month-to-month,Yes,Electronic check,49.58,1433.47,Yes
DEMO-03576,Female,Yes,Yes,No,66,Yes,Fiber optic,Yes,Yes,Two year,Yes,Electronic check,92.01,6067.73,No
DEMO-03577,Female,No,Yes,No,20,Yes,Fiber optic,Yes,No,Month-to-month,No,Credit card,86.81,1743.33,Yes
DEMO-03578,Male,Yes,Yes,No,72,Yes,Fiber optic,Yes,No,One year,No,Mailed check,52.87,3784.98,Yes
DEMO-03579,Male,No,No,No,3,Yes,Fiber optic,No,Yes,Month-to-month,No,Electronic check,77.34,94.36,Yes
DEMO-03580,Male,Yes,Yes,No,43,Yes,No,Yes,No,One year,Yes,Mailed check,52.76,2412.79,No
DEMO-03581,Female,No,Yes,Yes,36,Yes,Fiber optic,No,No,Two year,No,Bank transfer,31.89,1191.32,No
DEMO-03582,Male,No,No,No,72,Yes,No,No internet service,Yes,Month-to-month,Yes,Electronic check,57.07,4196.04,No
DEMO-03583,Male,No,Yes,No,18,Yes,DSL,No,Yes,One year,Yes,Bank transfer,70.74,1339.37,No
DEMO-03584,Female,Yes,No,Yes,10,Yes,Fiber optic,No,No,Two year,No,Electronic check,85.04,807.06,Yes
DEMO-03585,Female,Yes,Yes,Yes,26,Yes,Fiber optic,No internet service,No,Two year,Yes,Credit card,75.74,1819.33,No
DEMO-03586,Female,No,No,No,23,Yes,DSL,No,No,Month-to-month,No,Bank transfer,94.69,2252.95,Yes
DEMO-03587,Female,Yes,No,Yes,6,Yes,Fiber optic,No,Yes,Month-to-month,Yes,Credit card,47.47,353.46,Yes
DEMO-03588,Female,Yes,Yes,Yes,33,Yes,Fiber optic,No internet service,No,One year,Yes,Bank transfer,62.58,2094.11,No
DEMO-03589,Male,No,Yes,No,21,Yes,Fiber optic,Yes,No,Month-to-month,Yes,Credit card,113.11,2590.55,No
DEMO-03590,Male,No,No,No,72,Yes,DSL,No internet service,Yes,Two year,Yes,Mailed check,23.72,1651.21,No
DEMO-03591,Male,No,No,Yes,33,Yes,DSL,Yes,No,Month-to-month,Yes,Electronic check,60.7,1971.63,Yes
DEMO-03592,Female,No,Yes,No,16,Yes,DSL,Yes,No,Two year,Yes,Credit card,45.21,744.03,No
DEMO-03593,Female,No,No,No,30,Yes,DSL,No,No,Month-to-month,No,Credit card,67.12,1963.88,Yes
DEMO-03594,Male,No,Yes,Yes,36,Yes,DSL,No internet service,Yes,Month-to-month,Yes,Credit card,61.14,2177.56,Yes
DEMO-03595,Female,No,Yes,No,47,Yes,No,No,Yes,Two year,Yes,Credit card,87.05,4194.6,No
DEMO-03596,Female,No,No,No,32,Yes,DSL,Yes,Yes,Two year,Yes,Bank transfer,78.39,2443.73,No
DEMO-03597,Male,No,Yes,No,72,Yes,No,Yes,No,Two year,Yes,Mailed check,39.36,2775.98,No
DEMO-03598,Male,No,Yes,No,11,Yes,No,No,Yes,Two year,Yes,Credit card,57.3,688.06,No
DEMO-03599,Female,Yes,No,No,21,Yes,DSL,No internet service,No,Month-to-month,No,Electronic check,72.0,1380.02,Yes
DEMO-03600,Female,No,Yes,Yes,16,Yes,No,No,No,Month-to-month,Yes,Credit card,90.48,1439.49,Yes
DEMO-03601,Female,No,Yes,No,24,Yes,DSL,No,Yes,Month-to-month,No,Credit card,132.82,3174.24,No
DEMO-03602,Male,No,No,Yes,39,Yes,Fiber optic,Yes,Yes,Month-to-month,No,Bank transfer,89.57,3555.9,No
DEMO-03603,Male,No,No,No,37,Yes,No,No internet service,Yes,Month-to-month,No,Mailed check,46.69,1807.86,No
DEMO-03604,Male,No,Yes,Yes,46,Yes,No,Yes,No,Two year,Yes,Bank transfer,69.65,3187.91,No
DEMO-03605,Male,No,No,Yes,33,Yes,DSL,Yes,Yes,Month-to-month,Yes,Credit card,76.52,2516.57,No
DEMO-03606,Male,No,No,Yes,35,Yes,DSL,No,No,Month-to-month,Yes,Electronic check,59.02,2062.18,No
DEMO-03607,Female,No,No,No,34,Yes,DSL,No,No,Month-to-month,Yes,Electronic check,83.76,2817.04,Yes
DEMO-03608,Male,No,Yes,No,22,Yes,No,No internet service,Yes,Month-to-month,No,Bank transfer,20.0,569.2,Yes
DEMO-03609,Male,No,No,No,21,No,DSL,No,No,Month-to-month,Yes,Credit card,85.83,1852.61,Yes
DEMO-03610,Male,No,No,No,16,Yes,Fiber optic,No,No,One year,Yes,Bank transfer,60.09,1088.06,Yes
DEMO-03611,Female,No,Yes,No,47,Yes,DSL,No,No,Month-to-month,No,Bank transfer,69.26,3167.54,No
DEMO-03612,Female,Yes,Yes,No,3,Yes,Fiber optic,No,Yes,One year,Yes,Electronic check,108.64,451.04,Yes
DEMO-03613,Male,No,No,No,34,Yes,Fiber optic,Yes,Yes,Two year,Yes,Mailed check,40.46,1387.59,No
DEMO-03614,Male,No,Yes,Yes,54,Yes,DSL,No,Yes,One year,Yes,Credit card,78.82,4324.7,No
DEMO-03615,Female,No,No,No,63,Yes,Fiber optic,Yes,No,One year,Yes,Mailed check,91.85,5595.65,Yes
DEMO-03616,Male,Yes,No,No,2,Yes,Fiber optic,No internet service,No,Month-to-month,No,Mailed check,76.26,315.16,Yes
DEMO-03617,Female,Yes,No,No,23,Yes,Fiber optic,No internet service,No,Month-to-month,Yes,Mailed check,31.65,772.0,Yes
DEMO-03618,Female,No,Yes,Yes,17,Yes,Fiber optic,No internet service,Yes,Month-to-month,No,Mailed check,105.76,1984.3,No
DEMO-03619,Female,No,Yes,No,21,Yes,Fiber optic,No,Yes,Two year,Yes,Mailed check,66.72,1512.3,No
DEMO-03620,Female,No,No,No,72,No,Fiber optic,No,No,One year,Yes,Credit card,58.81,4029.59,No
DEMO-03621,Female,No,No,No,17,Yes,Fiber optic,No,Yes,Month-to-month,Yes,Mailed check,64.24,1244.24,No
DEMO-03622,Female,No,Yes,Yes,54,Yes,Fiber optic,No internet service,Yes,Month-to-month,No,Bank transfer,62.45,3390.99,Yes
DEMO-03623,Male,No,No,Yes,35,Yes,DSL,No,No,Two year,Yes,Mailed check,42.25,1542.94,No
DEMO-03624,Female,No,No,No,20,Yes,DSL,No internet service,No,One year,Yes,Credit card,76.12,1576.59,No
DEMO-03625,Male,No,Yes,No,19,No,No,Yes,Yes,One year,Yes,Electronic check,57.07,1074.46,No
DEMO-03626,Male,No,Yes,No,37,No,No,No,Yes,Two year,Yes,Electronic check,88.77,3244.04,No
DEMO-03627,Male,Yes,Yes,No,29,Yes,DSL,No internet service,No,One year,No,Mailed check,84.94,2533.82,No
DEMO-03628,Male,Yes,Yes,Yes,6,No,Fiber optic,No,Yes,One year,No,Credit card,112.64,592.62,Yes
DEMO-03629,Female,No,No,Yes,14,No,Fiber optic,No,No,Month-to-month,Yes,Bank transfer,66.71,936.77,No
DEMO-03630,Male,Yes,No,No,38,Yes,Fiber optic,No,No,Month-to-month,Yes,Bank transfer,51.92,2113.14,Yes
DEMO-03631,Female,No,No,Yes,10,Yes,DSL,Yes,No,Two year,Yes,Mailed check,35.26,230.65,Yes
DEMO-03632,Male,No,No,No,59,Yes,No,No internet service,No,One year,No,Electronic check,126.83,7463.08,No
DEMO-03633,Male,No,No,No,7,Yes,DSL,No,Yes,Month-to-month,Yes,Credit card,88.55,736.66,Yes
DEMO-03634,Male,No,No,Yes,25,Yes,No,No internet service,Yes,One year,No,Mailed check,54.69,1285.44,Yes
DEMO-03635,Female,No,No,No,48,Yes,DSL,Yes,No,Month-to-month,Yes,Bank transfer,114.33,5297.03,Yes
DEMO-03636,Male,No,Yes,No,13,Yes,DSL,Yes,Yes,Two year,Yes,Credit card,105.9,1178.51,Yes
DEMO-03637,Male,No,No,No,10,Yes,DSL,No,Yes,Month-to-month,No,Bank transfer,38.22,335.18,No
DEMO-03638,Male,No,Yes,No,43,Yes,DSL,Yes,No,Two year,Yes,Electronic check,53.16,2454.3,No
DEMO-03639,Male,Yes,No,Yes,55,No,No,No,No,Month-to-month,Yes,Electronic check,68.69,3701.68,No
DEMO-03640,Female,No,No,No,26,Yes,Fiber optic,No,Yes,Month-to-month,No,Electronic check,45.25,1147.7,Yes
DEMO-03641,Female,Yes,No,Yes,22,Yes,DSL,Yes,No,Month-to-month,No,Credit card,69.59,1536.29,Yes
DEMO-03642,Female,No,No,Yes,7,Yes,No,No,Yes,Two year,No,Credit card,89.8,739.21,Yes
DEMO-03643,Female,No,Yes,No,32,Yes,DSL,No internet service,No,Month-to-month,No,Mailed check,37.67,1291.14,No
DEMO-03644,Male,No,No,No,5,Yes,DSL,No,No,Month-to-month,Yes,Credit card,79.33,381.31,Yes
DEMO-03645,Male,No,Yes,No,72,Yes,DSL,No,No,One year,Yes,Electronic check,101.21,7347.07,No
DEMO-03646,Female,Yes,Yes,No,27,Yes,Fiber optic,No,No,Month-to-month,Yes,Electronic check,82.01,2320.37,Yes
DEMO-03647,Female,Yes,Yes,Yes,14,Yes,No,No internet service,Yes,Month-to-month,Yes,Electronic check,70.11,816.99,Yes
DEMO-03648,Female,No,No,Yes,18,Yes,DSL,No,No,Month-to-month,No,Credit card,55.3,957.72,No
DEMO-03649,Male,No,No,No,34,Yes,Fiber optic,No,Yes,Two year,Yes,Electronic check,92.77,3034.11,No
DEMO-03650,Female,No,Yes,No,21,No,DSL,Yes,No,Month-to-month,No,Electronic check,42.58,821.52,Yes
DEMO-03651,Male,No,No,No,30,No,DSL,No,Yes,Month-to-month,Yes,Electronic check,78.07,2407.11,No
DEMO-03652,Female,No,No,Yes,12,Yes,Fiber optic,Yes,Yes,Month-to-month,Yes,Mailed check,72.64,751.65,Yes
DEMO-03653,Female,No,No,No,64,Yes,Fiber optic,Yes,Yes,Month-to-month,Yes,Mailed check,100.14,6639.9,No
DEMO-03654,Female,No,Yes,Yes,19,Yes,Fiber optic,No internet service,No,Month-to-month,Yes,Electronic check,57.43,1157.07,No
DEMO-03655,Female,Yes,No,Yes,3,Yes,DSL,No,No,Month-to-month,Yes,Credit card,59.56,120.22,Yes
DEMO-03656,Female,No,No,No,23,Yes,DSL,No,No,Month-to-month,Yes,Credit card,40.95,928.7,Yes
DEMO-03657,Male,Yes,No,No,16,Yes,Fiber optic,No,No,Month-to-month,No,Electronic check,82.93,1198.06,Yes
DEMO-03658,Male,Yes,Yes,No,61,Yes,Fiber optic,No,No,Two year,Yes,Credit card,61.4,3597.95,Yes
DEMO-03659,Male,Yes,No,No,14,Yes,Fiber optic,No internet service,No,Month-to-month,Yes,Credit card,50.45,667.76,Yes
DEMO-03660,Female,No,Yes,No,21,Yes,DSL,No,Yes,Month-to-month,Yes,Credit card,52.83,1240.28,Yes
DEMO-03661,Male,No,No,No,35,No,Fiber optic,No,No,Two year,Yes,Electronic check,85.43,2849.36,Yes
DEMO-03662,Female,Yes,No,No,46,Yes,DSL,No,No,Two year,No,Credit card,44.43,2167.08,Yes
DEMO-03663,Male,No,Yes,Yes,72,Yes,Fiber optic,No internet service,Yes,One year,No,Bank transfer,46.65,3340.23,No
DEMO-03664,Female,No,No,No,15,Yes,Fiber optic,No,Yes,Month-to-month,Yes,Electronic check,94.41,1440.02,No
DEMO-03665,Female,Yes,Yes,No,71,Yes,DSL,Yes,Yes,Month-to-month,Yes,Bank transfer,67.85,4824.65,Yes
DEMO-03666,Male,Yes,No,No,60,Yes,Fiber optic,No internet service,Yes,Month-to-month,Yes,Electronic check,95.89,5830.85,No
DEMO-03667,Female,No,No,No,16,Yes,Fiber optic,No,No,Month-to-month,No,Credit card,63.02,1118.09,Yes
DEMO-03668,Male,No,Yes,Yes,15,Yes,Fiber optic,No,Yes,Month-to-month,Yes,Bank transfer,71.97,1058.09,Yes
DEMO-03669,Male,No,No,Yes,40,No,No,Yes,No,One year,No,Mailed check,75.91,3087.38,No
DEMO-03670,Female,Yes,No,No,30,Yes,Fiber optic,Yes,Yes,Month-to-month,Yes,Electronic check,106.68,3330.48,No
DEMO-03671,Female,Yes,Yes,No,40,Yes,DSL,Yes,Yes,One year,No,Credit card,104.65,4267.41,Yes
DEMO-03672,Male,No,No,Yes,23,Yes,DSL,No,Yes,Month-to-month,Yes,Electronic check,100.83,2277.77,Yes
DEMO-03673,Female,No,Yes,No,32,Yes,Fiber optic,No internet service,No,Month-to-month,Yes,Credit card,56.28,1781.45,Yes
DEMO-03674,Male,No,Yes,No,28,Yes,DSL,No internet service,No,Two year,Yes,Bank transfer,47.33,1226.59,No
DEMO-03675,Male,No,No,No,40,No,Fiber optic,Yes,No,Two year,No,Electronic check,91.02,3822.57,Yes
DEMO-03676,Female,No,No,Yes,14,No,DSL,No,No,Month-to-month,No,Bank transfer,106.42,1520.53,Yes
DEMO-03677,Male,Yes,No,Yes,34,Yes,DSL,No internet service,Yes,One year,No,Credit card,101.07,3296.04,No
DEMO-03678,Male,No,Yes,No,72,Yes,DSL,No,No,Month-to-month,Yes,Credit card,72.33,5123.78,No
DEMO-03679,Male,No,No,No,72,Yes,No,No internet service,No,Month-to-month,No,Electronic check,90.2,6479.04,No
DEMO-03680,Male,No,Yes,No,37,Yes,Fiber optic,No,No,One year,Yes,Electronic check,90.63,3487.52,Yes
DEMO-03681,Female,No,Yes,Yes,14,Yes,Fiber optic,No,No,Month-to-month,No,Electronic check,75.72,1040.98,Yes
DEMO-03682,Female,No,No,Yes,72,Yes,DSL,No internet service,No,Month-to-month,No,Bank transfer,76.81,5590.72,No
DEMO-03683,Male,No,No,Yes,40,Yes,No,Yes,Yes,Month-to-month,Yes,Electronic check,74.45,2906.54,No
DEMO-03684,Female,Yes,No,No,72,Yes,No,No,Yes,Month-to-month,No,Electronic check,52.3,3830.04,No
DEMO-03685,Female,Yes,No,No,41,Yes,Fiber optic,Yes,No,Month-to-month,No,Mailed check,54.85,2378.97,No
DEMO-03686,Male,No,Yes,Yes,2,Yes,Fiber optic,No,Yes,Month-to-month,No,Credit card,54.46,187.89,Yes
DEMO-03687,Male,Yes,No,No,72,Yes,No,No,Yes,Two year,Yes,Electronic check,32.02,2059.74,No
DEMO-03688,Male,No,No,Yes,54,Yes,DSL,No,Yes,One year,No,Bank transfer,75.57,4065.52,No
DEMO-03689,Female,Yes,No,No,31,Yes,DSL,Yes,Yes,Month-to-month,Yes,Electronic check,70.99,2094.92,No
DEMO-03690,Female,No,No,No,5,No,Fiber optic,No internet service,No,Month-to-month,Yes,Bank transfer,91.05,522.37,Yes
DEMO-03691,Male,No,Yes,No,58,No,Fiber optic,No internet service,Yes,One year,Yes,Bank transfer,103.52,6011.18,No
DEMO-03692,Male,No,Yes,Yes,41,Yes,Fiber optic,No internet service,No,Month-to-month,Yes,Credit card,105.11,4480.68,No
DEMO-03693,Male,No,Yes,No,72,Yes,Fiber optic,No,No,Month-to-month,Yes,Bank transfer,107.46,7703.88,Yes
DEMO-03694,Male,Yes,Yes,No,72,Yes,DSL,No,Yes,One year,No,Electronic check,53.07,3828.32,No
DEMO-03695,Female,No,Yes,Yes,72,Yes,Fiber optic,No internet service,Yes,Month-to-month,Yes,Mailed check,36.2,2594.08,No
DEMO-03696,Male,No,Yes,Yes,36,Yes,Fiber optic,Yes,Yes,Month-to-month,Yes,Electronic check,95.27,3501.59,Yes
DEMO-03697,Female,No,Yes,No,35,Yes,DSL,No,Yes,Month-to-month,No,Electronic check,106.55,3632.09,No
DEMO-03698,Male,No,No,No,41,Yes,DSL,No,Yes,Month-to-month,Yes,Credit card,110.9,4446.89,Yes
DEMO-03699,Male,No,Yes,No,18,Yes,DSL,No,No,Month-to-month,No,Mailed check,84.12,1457.83,No
DEMO-03700,Male,No,Yes,Yes,32,Yes,No,Yes,Yes,Two year,No,Credit card,22.08,765.04,Yes
DEMO-03701,Female,No,No,Yes,27,Yes,DSL,No,No,Month-to-month,Yes,Electronic check,81.14,2294.69,Yes
DEMO-03702,Male,No,No,No,69,Yes,DSL,No internet service,No,One year,Yes,Credit card,85.89,5917.11,No
DEMO-03703,Female,No,Yes,Yes,72,Yes,Fiber optic,Yes,Yes,One year,Yes,Credit card,103.3,7496.75,No
DEMO-03704,Female,No,No,Yes,49,No,DSL,No internet service,Yes,Month-to-month,No,Bank transfer,107.74,5330.06,Yes
DEMO-03705,Female,Yes,No,Yes,15,Yes,Fiber optic,No,Yes,Month-to-month,Yes,Electronic check,94.74,1415.35,Yes
DEMO-03706,Female,No,Yes,No,72,No,Fiber optic,Yes,Yes,Month-to-month,Yes,Credit card,57.32,4118.91,Yes
DEMO-03707,Female,No,No,No,58,Yes,No,No,No,One year,No,Credit card,46.27,2759.91,No
DEMO-03708,Male,No,No,No,39,Yes,DSL,No internet service,No,Month-to-month,No,Electronic check,85.35,3520.21,Yes
DEMO-03709,Male,No,Yes,No,46,Yes,DSL,Yes,Yes,One year,No,Credit card,52.19,2499.54,No
DEMO-03710,Male,Yes,Yes,No,9,Yes,DSL,No,Yes,Two year,Yes,Credit card,108.88,1100.21,No
DEMO-03711,Male,No,No,Yes,27,Yes,No,No internet service,Yes,One year,No,Electronic check,29.39,997.44,No
DEMO-03712,Female,Yes,No,Yes,72,Yes,No,Yes,No,Two year,No,Mailed check,86.17,6134.43,No
DEMO-03713,Female,Yes,Yes,Yes,8,Yes,DSL,No internet service,No,One year,Yes,Electronic check,79.99,710.06,No
DEMO-03714,Female,No,Yes,No,8,Yes,DSL,Yes,No,Two year,No,Mailed check,66.83,680.27,No
DEMO-03715,Female,Yes,No,No,58,Yes,DSL,No,No,Two year,Yes,Credit card,48.87,2928.38,No
DEMO-03716,Female,No,Yes,No,44,Yes,DSL,Yes,Yes,One year,Yes,Credit card,20.46,840.33,No
DEMO-03717,Female,No,No,No,8,Yes,DSL,No,No,Two year,Yes,Electronic check,58.71,390.0,No
DEMO-03718,Male,No,Yes,Yes,25,Yes,No,Yes,Yes,Two year,Yes,Bank transfer,59.15,1642.05,No
DEMO-03719,Male,No,Yes,No,39,Yes,DSL,No internet service,No,Month-to-month,Yes,Bank transfer,99.79,3933.38,No
DEMO-03720,Male,No,Yes,No,36,Yes,No,No internet service,Yes,One year,Yes,Mailed check,52.43,1918.04,No
DEMO-03721,Male,No,No,No,41,Yes,DSL,No internet service,No,Month-to-month,Yes,Bank transfer,83.32,3418.07,No
DEMO-03722,Male,No,No,No,24,No,No,No internet service,No,Two year,No,Bank transfer,39.69,1103.57,No
DEMO-03723,Female,No,No,No,37,No,Fiber optic,No,No,Month-to-month,Yes,Electronic check,84.01,3205.78,No
DEMO-03724,Female,No,Yes,No,49,Yes,DSL,No,No,Two year,No,Mailed check,20.0,961.4,No
DEMO-03725,Female,No,No,No,47,Yes,Fiber optic,No internet service,Yes,Two year,Yes,Credit card,124.38,5937.0,No
DEMO-03726,Female,No,Yes,No,24,Yes,DSL,No,No,Two year,Yes,Electronic check,68.47,1661.1,Yes
DEMO-03727,Female,No,No,Yes,53,Yes,No,No internet service,Yes,Month-to-month,Yes,Mailed check,20.0,1147.18,Yes
DEMO-03728,Male,No,No,No,14,Yes,Fiber optic,No,Yes,One year,No,Credit card,54.06,892.46,Yes
DEMO-03729,Male,No,No,No,18,Yes,No,No,Yes,One year,No,Credit card,50.11,1025.62,No
DEMO-03730,Female,No,Yes,Yes,58,No,No,No,No,Two year,Yes,Bank transfer,55.6,3052.23,No
DEMO-03731,Female,No,No,No,52,Yes,DSL,Yes,No,Two year,Yes,Electronic check,62.88,3321.13,No
DEMO-03732,Female,No,Yes,No,26,No,Fiber optic,No,No,One year,Yes,Bank transfer,55.43,1588.99,No
DEMO-03733,Female,No,No,No,18,Yes,Fiber optic,Yes,No,One year,Yes,Bank transfer,51.59,856.74,Yes
DEMO-03734,Male,No,Yes,Yes,20,Yes,DSL,No internet service,No,Month-to-month,Yes,Mailed check,43.03,1059.52,Yes
DEMO-03735,Male,No,No,Yes,48,Yes,Fiber optic,Yes,No,Two year,No,Electronic check,92.54,4503.99,No
DEMO-03736,Male,No,No,No,42,Yes,DSL,No internet service,Yes,Month-to-month,Yes,Mailed check,102.03,4381.11,No
DEMO-03737,Male,No,No,No,17,Yes,Fiber optic,No,No,One year,No,Mailed check,65.64,1211.64,No
DEMO-03738,Male,No,Yes,No,52,Yes,DSL,No,Yes,Two year,Yes,Credit card,71.56,3586.67,Yes
DEMO-03739,Male,No,Yes,No,25,Yes,DSL,No,Yes,Month-to-month,Yes,Bank transfer,43.84,1195.54,Yes
DEMO-03740,Female,No,Yes,No,14,Yes,No,No,No,Month-to-month,No,Electronic check,73.78,1082.24,Yes
DEMO-03741,Male,No,No,Yes,22,Yes,No,No,Yes,Month-to-month,Yes,Electronic check,77.75,1665.7,No
DEMO-03742,Male,No,Yes,No,34,Yes,DSL,No,No,Two year,No,Bank transfer,66.52,2424.03,Yes
DEMO-03743,Female,No,No,Yes,50,Yes,DSL,No,No,Month-to-month,Yes,Mailed check,81.9,3905.52,No
DEMO-03744,Male,No,Yes,No,48,Yes,Fiber optic,Yes,No,Month-to-month,Yes,Electronic check,79.72,3765.31,No
DEMO-03745,Male,No,No,No,29,Yes,DSL,No internet service,No,One year,No,Credit card,45.65,1469.19,No
DEMO-03746,Male,Yes,Yes,No,36,Yes,Fiber optic,No,No,Month-to-month,Yes,Credit card,101.83,3766.78,No
DEMO-03747,Male,No,No,Yes,27,No,Fiber optic,No,No,Two year,Yes,Credit card,66.81,1750.11,No
DEMO-03748,Male,Yes,Yes,Yes,17,Yes,DSL,No,No,Month-to-month,Yes,Mailed check,113.89,1864.92,No
DEMO-03749,Female,No,No,No,30,Yes,DSL,No,No,Month-to-month,Yes,Credit card,82.51,2459.11,Yes
DEMO-03750,Female,No,Yes,No,5,Yes,DSL,No,No,Month-to-month,Yes,Bank transfer,121.27,645.52,Yes
DEMO-03751,Female,No,No,No,72,Yes,DSL,Yes,No,Month-to-month,No,Mailed check,101.38,7265.01,No
DEMO-03752,Female,No,No,No,36,Yes,Fiber optic,No,No,Month-to-month,Yes,Electronic check,77.68,2797.87,Yes
DEMO-03753,Female,Yes,No,No,43,Yes,DSL,No,Yes,One year,Yes,Electronic check,53.92,2337.83,Yes
DEMO-03754,Female,No,No,No,18,Yes,No,Yes,No,Month-to-month,No,Electronic check,54.46,958.06,Yes
DEMO-03755,Female,No,Yes,No,36,Yes,Fiber optic,Yes,Yes,Month-to-month,No,Credit card,85.33,3039.11,No
DEMO-03756,Male,Yes,No,No,40,Yes,DSL,No,Yes,Month-to-month,No,Bank transfer,75.58,2918.25,Yes
DEMO-03757,Male,Yes,No,Yes,26,Yes,Fiber optic,No,No,Month-to-month,No,Credit card,57.27,1499.1,Yes
DEMO-03758,Female,No,Yes,No,27,Yes,Fiber optic,No,No,Two year,Yes,Bank transfer,92.83,2514.51,No
DEMO-03759,Male,No,No,No,10,Yes,Fiber optic,No internet service,No,Month-to-month,Yes,Electronic check,72.97,648.73,Yes
DEMO-03760,Female,No,Yes,No,72,Yes,Fiber optic,Yes,Yes,Two year,No,Mailed check,92.98,6735.49,No
DEMO-03761,Male,No,No,No,18,Yes,DSL,No,Yes,Month-to-month,Yes,Electronic check,47.61,987.43,No
DEMO-03762,Female,No,Yes,No,20,Yes,DSL,No internet service,No,Month-to-month,Yes,Credit card,96.99,1958.85,Yes
DEMO-03763,Male,No,No,No,72,Yes,DSL,No,No,Month-to-month,No,Electronic check,84.52,6141.08,No
DEMO-03764,Male,No,Yes,No,44,Yes,DSL,No,No,Month-to-month,Yes,Electronic check,101.94,4596.77,No
DEMO-03765,Female,No,Yes,No,51,Yes,Fiber optic,No internet service,Yes,Two year,Yes,Mailed check,96.44,4927.63,No
DEMO-03766,Male,No,Yes,Yes,9,Yes,No,No,No,Month-to-month,Yes,Credit card,69.88,730.81,No
DEMO-03767,Female,No,No,No,35,Yes,Fiber optic,Yes,No,Month-to-month,Yes,Mailed check,67.87,2157.76,Yes
DEMO-03768,Male,No,Yes,Yes,10,Yes,No,No,No,One year,Yes,Electronic check,116.58,1107.62,Yes
DEMO-03769,Male,No,Yes,Yes,16,Yes,Fiber optic,No,Yes,One year,No,Bank transfer,64.74,938.26,Yes
DEMO-03770,Female,No,Yes,No,72,Yes,DSL,Yes,No,Two year,Yes,Electronic check,90.71,6684.73,No
DEMO-03771,Male,No,No,Yes,13,No,No,No,No,Two year,Yes,Bank transfer,62.47,887.87,Yes
DEMO-03772,Female,Yes,No,No,49,Yes,DSL,No,No,One year,Yes,Bank transfer,25.45,1138.72,No
DEMO-03773,Female,No,No,No,14,Yes,DSL,Yes,No,Two year,Yes,Electronic check,41.32,493.43,No
DEMO-03774,Female,No,No,No,16,Yes,No,Yes,No,Two year,Yes,Mailed check,82.15,1189.8,No
DEMO-03775,Female,No,No,No,72,Yes,Fiber optic,No,Yes,Month-to-month,Yes,Electronic check,89.53,6491.41,Yes
DEMO-03776,Female,No,Yes,No,29,Yes,No,No,No,One year,No,Electronic check,82.23,2416.56,No
DEMO-03777,Female,Yes,Yes,No,9,Yes,DSL,No,No,Month-to-month,Yes,Bank transfer,100.65,876.09,Yes
DEMO-03778,Male,No,Yes,No,50,Yes,Fiber optic,No,No,One year,Yes,Electronic check,81.78,4013.82,Yes
DEMO-03779,Female,No,No,Yes,70,Yes,DSL,No internet service,No,Two year,No,Electronic check,52.62,3692.76,No
DEMO-03780,Male,No,No,Yes,54,Yes,DSL,No,No,Month-to-month,Yes,Bank transfer,86.86,4960.61,No
DEMO-03781,Male,No,No,No,27,Yes,No,No,No,Two year,Yes,Bank transfer,76.24,2032.58,Yes
DEMO-03782,Female,No,No,No,28,Yes,Fiber optic,No,Yes,Two year,Yes,Credit card,57.61,1739.91,No
DEMO-03783,Male,No,No,Yes,21,Yes,Fiber optic,No,No,Month-to-month,Yes,Credit card,83.81,1742.51,No
DEMO-03784,Male,No,No,No,12,Yes,No,No,Yes,Month-to-month,Yes,Mailed check,73.98,997.06,No
DEMO-03785,Male,No,No,No,39,Yes,No,No,Yes,Two year,Yes,Mailed check,56.87,2290.58,No
DEMO-03786,Female,No,No,No,26,Yes,DSL,No,No,Two year,Yes,Bank transfer,67.55,1765.32,No
DEMO-03787,Male,No,Yes,No,10,Yes,DSL,No,Yes,Month-to-month,Yes,Credit card,107.34,1149.59,Yes
DEMO-03788,Male,No,No,Yes,30,Yes,No,No,Yes,Month-to-month,Yes,Mailed check,106.52,3327.72,Yes
DEMO-03789,Male,No,No,Yes,18,Yes,Fiber optic,No,No,One year,No,Credit card,76.7,1399.61,Yes
DEMO-03790,Male,No,No,No,38,Yes,Fiber optic,No,Yes,Month-to-month,Yes,Bank transfer,73.43,2784.48,No
DEMO-03791,Female,No,Yes,No,35,Yes,DSL,No internet service,No,Month-to-month,Yes,Electronic check,36.17,1344.71,No
DEMO-03792,Female,No,Yes,Yes,23,Yes,DSL,Yes,Yes,Month-to-month,No,Credit card,114.98,2819.86,No
DEMO-03793,Male,No,No,No,31,Yes,No,No,No,Month-to-month,No,Electronic check,97.91,2908.39,Yes
DEMO-03794,Male,No,No,Yes,33,Yes,Fiber optic,No,No,One year,Yes,Credit card,90.8,2881.9,No
DEMO-03795,Female,No,Yes,Yes,58,Yes,Fiber optic,No internet service,No,One year,Yes,Mailed check,20.0,1313.69,No
DEMO-03796,Female,No,Yes,No,30,Yes,DSL,No internet service,No,One year,No,Bank transfer,73.02,2148.68,No
DEMO-03797,Male,No,No,No,21,Yes,DSL,No,No,One year,No,Bank transfer,68.82,1581.9,Yes
DEMO-03798,Male,No,Yes,No,25,Yes,Fiber optic,No,Yes,Month-to-month,Yes,Electronic check,89.07,2171.6,No
DEMO-03799,Female,Yes,Yes,No,72,Yes,No,No,Yes,Month-to-month,Yes,Bank transfer,60.72,4337.2,No
DEMO-03800,Male,Yes,No,No,15,Yes,DSL,Yes,No,Month-to-month,No,Electronic check,66.21,1109.36,No
DEMO-03801,Female,Yes,Yes,No,27,Yes,DSL,No,No,Month-to-month,Yes,Mailed check,87.49,2447.83,Yes
DEMO-03802,Female,No,No,Yes,26,Yes,Fiber optic,No internet service,Yes,Month-to-month,Yes,Electronic check,52.66,1267.95,Yes
DEMO-03803,Male,No,No,No,27,Yes,DSL,No,Yes,Month-to-month,Yes,Credit card,57.65,1628.44,Yes
DEMO-03804,Male,No,Yes,Yes,11,Yes,Fiber optic,No,No,Month-to-month,Yes,Credit card,76.83,790.53,Yes
DEMO-03805,Male,No,Yes,No,25,Yes,Fiber optic,No internet service,Yes,Month-to-month,Yes,Electronic check,105.46,2692.3,Yes
DEMO-03806,Female,No,No,No,20,No,DSL,Yes,No,One year,No,Credit card,92.21,1862.53,No
DEMO-03807,Female,No,No,No,38,Yes,Fiber optic,Yes,Yes,One year,Yes,Credit card,98.89,3752.95,Yes
DEMO-03808,Male,No,Yes,No,64,Yes,DSL,No,No,Two year,Yes,Electronic check,73.58,4659.68,Yes
DEMO-03809,Female,No,No,No,40,Yes,Fiber optic,No,No,Two year,No,Credit card,109.38,4220.39,Yes
DEMO-03810,Male,No,Yes,Yes,34,Yes,No,No,No,One year,Yes,Electronic check,28.47,917.17,No
DEMO-03811,Male,No,Yes,No,43,No,No,No,Yes,Month-to-month,Yes,Credit card,122.56,5351.83,No
DEMO-03812,Female,No,No,Yes,36,Yes,Fiber optic,No,No,One year,Yes,Bank transfer,125.79,4586.37,No
DEMO-03813,Male,No,No,No,31,Yes,Fiber optic,No internet service,Yes,Month-to-month,Yes,Credit card,83.42,2515.06,No
DEMO-03814,Male,No,No,No,57,Yes,DSL,No,No,Month-to-month,Yes,Electronic check,92.81,5413.17,No
DEMO-03815,Male,Yes,Yes,Yes,25,No,Fiber optic,No,Yes,Month-to-month,No,Mailed check,71.05,1825.46,No
DEMO-03816,Male,No,No,Yes,11,Yes,DSL,No internet service,No,Month-to-month,No,Credit card,66.76,809.21,No
DEMO-03817,Male,No,No,No,20,Yes,Fiber optic,No,No,Month-to-month,Yes,Bank transfer,56.73,1044.17,Yes
DEMO-03818,Male,No,Yes,No,18,Yes,DSL,Yes,No,One year,Yes,Bank transfer,70.77,1467.91,No
DEMO-03819,Male,Yes,No,No,72,Yes,Fiber optic,No,No,Two year,Yes,Bank transfer,85.9,6246.67,No
DEMO-03820,Female,Yes,Yes,No,66,Yes,Fiber optic,No,No,One year,Yes,Bank transfer,82.5,5612.76,No
DEMO-03821,Female,No,No,No,34,Yes,Fiber optic,No,No,One year,No,Electronic check,121.67,4088.01,No
DEMO-03822,Female,No,No,No,18,No,DSL,No,Yes,Month-to-month,Yes,Electronic check,74.51,1172.62,Yes
DEMO-03823,Male,Yes,Yes,No,56,Yes,Fiber optic,No,No,Month-to-month,Yes,Electronic check,34.78,1867.65,Yes
DEMO-03824,Female,No,Yes,No,33,Yes,Fiber optic,Yes,No,One year,Yes,Electronic check,113.11,3851.28,Yes
DEMO-03825,Female,No,No,No,25,Yes,No,Yes,Yes,Month-to-month,No,Credit card,41.48,938.58,Yes
DEMO-03826,Male,Yes,Yes,Yes,33,Yes,Fiber optic,No,No,Month-to-month,Yes,Mailed check,58.02,2078.47,Yes
DEMO-03827,Female,Yes,Yes,No,25,Yes,DSL,No,Yes,Month-to-month,Yes,Mailed check,78.79,1911.96,Yes
DEMO-03828,Male,Yes,No,Yes,42,Yes,No,Yes,No,Two year,Yes,Electronic check,82.43,3515.52,No
DEMO-03829,Female,No,Yes,No,10,Yes,DSL,Yes,No,One year,No,Credit card,35.86,396.74,No
DEMO-03830,Female,No,No,No,42,Yes,DSL,Yes,No,Month-to-month,Yes,Electronic check,53.34,2223.94,No
DEMO-03831,Female,Yes,Yes,No,25,Yes,DSL,Yes,No,One year,Yes,Electronic check,34.98,858.77,No
DEMO-03832,Male,No,No,Yes,57,Yes,Fiber optic,No,No,Month-to-month,No,Credit card,87.54,4905.9,No
DEMO-03833,Female,No,Yes,Yes,67,Yes,Fiber optic,No internet service,Yes,Month-to-month,No,Electronic check,101.58,7016.42,Yes
DEMO-03834,Female,No,Yes,No,72,Yes,Fiber optic,No,Yes,Month-to-month,Yes,Credit card,41.45,3050.76,Yes
DEMO-03835,Female,No,No,Yes,72,Yes,No,No,No,Month-to-month,Yes,Mailed check,96.89,6828.2,No
DEMO-03836,Female,No,No,Yes,72,No,Fiber optic,No,Yes,One year,Yes,Credit card,95.27,6738.31,No
DEMO-03837,Female,No,No,No,56,Yes,DSL,No,Yes,Month-to-month,No,Electronic check,55.52,3176.74,Yes
DEMO-03838,Male,Yes,Yes,No,12,Yes,Fiber optic,Yes,Yes,Two year,Yes,Mailed check,22.44,282.69,No
DEMO-03839,Female,No,Yes,No,3,Yes,Fiber optic,No,Yes,Month-to-month,No,Mailed check,45.22,0.0,Yes
DEMO-03840,Male,No,No,Yes,61,Yes,Fiber optic,No,Yes,One year,Yes,Bank transfer,57.12,3752.67,No
DEMO-03841,Male,No,No,No,15,Yes,Fiber optic,Yes,Yes,One year,Yes,Credit card,110.54,1393.67,Yes
DEMO-03842,Female,No,Yes,No,72,Yes,Fiber optic,No internet service,Yes,One year,No,Electronic check,69.04,4938.99,No
DEMO-03843,Female,Yes,No,No,8,Yes,Fiber optic,Yes,No,One year,No,Bank transfer,46.83,390.87,Yes
DEMO-03844,Female,No,Yes,No,54,Yes,DSL,No,Yes,Two year,No,Electronic check,75.7,4033.94,No
DEMO-03845,Female,No,No,Yes,36,Yes,No,No,Yes,Month-to-month,Yes,Credit card,39.62,1525.98,No
DEMO-03846,Male,Yes,Yes,No,9,Yes,DSL,No,No,One year,Yes,Credit card,84.86,829.35,No
DEMO-03847,Male,No,No,Yes,36,Yes,DSL,No,No,One year,Yes,Electronic check,47.56,1740.67,No
DEMO-03848,Male,No,No,Yes,17,Yes,Fiber optic,No,No,Month-to-month,Yes,Electronic check,51.19,877.38,Yes
DEMO-03849,Male,No,No,No,29,Yes,No,Yes,No,Month-to-month,Yes,Credit card,81.39,2428.36,No
DEMO-03850,Male,No,Yes,No,30,Yes,Fiber optic,No,No,Month-to-month,Yes,Credit card,115.76,3466.18,No
DEMO-03851,Female,No,No,No,17,Yes,Fiber optic,No,No,Month-to-month,No,Bank transfer,126.94,2021.18,Yes
DEMO-03852,Male,No,Yes,No,24,Yes,No,Yes,Yes,Month-to-month,No,Mailed check,46.0,1215.09,Yes
DEMO-03853,Male,No,No,No,16,Yes,Fiber optic,No,No,Month-to-month,No,Credit card,57.08,1102.63,Yes
DEMO-03854,Female,Yes,No,Yes,6,Yes,Fiber optic,No,No,One year,No,Electronic check,84.89,532.13,Yes
DEMO-03855,Female,No,Yes,No,34,Yes,Fiber optic,No,No,Month-to-month,Yes,Credit card,101.22,3466.34,Yes
DEMO-03856,Female,No,No,No,72,Yes,Fiber optic,Yes,Yes,Two year,No,Credit card,20.0,1450.8,No
DEMO-03857,Female,No,No,No,17,Yes,Fiber optic,No,No,Month-to-month,Yes,Credit card,74.18,1143.65,Yes
DEMO-03858,Female,No,Yes,No,72,Yes,No,No,No,One year,Yes,Credit card,59.82,4267.09,No
DEMO-03859,Male,No,Yes,No,72,Yes,DSL,No,No,Month-to-month,Yes,Credit card,23.9,1814.86,No
DEMO-03860,Male,No,No,No,22,Yes,DSL,No,No,Month-to-month,Yes,Electronic check,38.57,888.44,No
DEMO-03861,Female,Yes,Yes,No,26,Yes,Fiber optic,Yes,No,Month-to-month,No,Credit card,57.81,1689.24,Yes
DEMO-03862,Male,Yes,No,No,22,Yes,Fiber optic,No,Yes,One year,Yes,Electronic check,73.47,1705.64,No
DEMO-03863,Female,No,Yes,No,12,Yes,Fiber optic,Yes,No,Month-to-month,No,Mailed check,97.2,1140.34,Yes
DEMO-03864,Male,No,Yes,No,26,Yes,No,No,No,Two year,No,Mailed check,80.86,2184.51,No
DEMO-03865,Female,No,Yes,Yes,24,Yes,Fiber optic,No internet service,No,Month-to-month,Yes,Electronic check,95.69,2291.67,Yes
DEMO-03866,Male,No,No,No,33,Yes,No,No,No,One year,Yes,Mailed check,72.67,2248.38,No
DEMO-03867,Male,Yes,Yes,No,34,Yes,DSL,No internet service,No,Month-to-month,No,Mailed check,54.38,1968.46,Yes
DEMO-03868,Female,No,No,Yes,11,Yes,DSL,No,No,One year,Yes,Electronic check,67.41,807.28,Yes
DEMO-03869,Female,No,No,No,47,Yes,DSL,No internet service,Yes,Month-to-month,Yes,Mailed check,89.39,4510.51,No
DEMO-03870,Female,Yes,No,No,26,Yes,Fiber optic,No internet service,Yes,Month-to-month,Yes,Mailed check,97.81,2504.5,Yes
DEMO-03871,Male,No,Yes,No,13,No,DSL,No internet service,No,Month-to-month,Yes,Bank transfer,68.3,976.41,Yes
DEMO-03872,Male,No,Yes,No,26,Yes,DSL,No,No,Month-to-month,Yes,Bank transfer,48.77,1209.11,No
DEMO-03873,Male,No,No,No,35,Yes,Fiber optic,No internet service,No,Month-to-month,Yes,Bank transfer,80.39,2742.08,Yes
DEMO-03874,Male,No,No,No,72,Yes,DSL,No,No,Two year,Yes,Credit card,83.95,6292.7,No
DEMO-03875,Female,No,No,No,72,Yes,Fiber optic,No internet service,No,Month-to-month,No,Bank transfer,102.82,7211.93,Yes
DEMO-03876,Male,No,No,Yes,21,Yes,No,No,No,Month-to-month,No,Electronic check,55.03,1166.81,Yes
DEMO-03877,Female,No,Yes,Yes,27,Yes,DSL,Yes,No,Two year,No,Mailed check,55.31,1682.18,No
DEMO-03878,Female,Yes,No,Yes,16,Yes,Fiber optic,No internet service,Yes,Month-to-month,Yes,Mailed check,90.9,1314.53,Yes
DEMO-03879,Female,Yes,Yes,No,40,Yes,DSL,No,Yes,Month-to-month,No,Electronic check,61.81,2435.91,No
DEMO-03880,Female,No,Yes,No,21,Yes,DSL,No,No,One year,No,Credit card,60.76,1381.1,No
DEMO-03881,Male,No,No,Yes,27,Yes,DSL,No internet service,Yes,Two year,Yes,Electronic check,103.35,2684.5,No
DEMO-03882,Female,No,No,No,63,Yes,Fiber optic,No internet service,No,One year,Yes,Credit card,37.72,2423.58,Yes
DEMO-03883,Male,No,Yes,Yes,11,Yes,Fiber optic,No,Yes,Month-to-month,Yes,Electronic check,123.41,1292.73,Yes
DEMO-03884,Male,Yes,No,Yes,72,No,Fiber optic,No,Yes,Two year,Yes,Bank transfer,56.68,4229.07,No
DEMO-03885,Male,No,No,No,42,Yes,No,Yes,No,Month-to-month,No,Electronic check,93.67,4078.68,Yes
DEMO-03886,Male,No,Yes,No,72,Yes,DSL,No,Yes,Two year,Yes,Credit card,69.28,4954.44,No
DEMO-03887,Female,No,Yes,Yes,52,Yes,Fiber optic,No,Yes,Two year,Yes,Credit card,78.78,3823.64,No
DEMO-03888,Female,No,No,No,59,Yes,Fiber optic,No,Yes,Two year,No,Electronic check,65.43,3926.2,No
DEMO-03889,Female,Yes,Yes,No,32,Yes,DSL,No,No,Month-to-month,No,Electronic check,93.41,3105.65,No
DEMO-03890,Female,No,No,No,13,No,DSL,No,No,Month-to-month,Yes,Bank transfer,63.32,889.84,No
DEMO-03891,Female,No,No,No,19,Yes,DSL,Yes,No,One year,Yes,Electronic check,57.68,1149.89,No
DEMO-03892,Male,No,Yes,No,16,Yes,DSL,No,No,Month-to-month,No,Electronic check,117.33,1917.95,No
DEMO-03893,Female,No,Yes,No,4,Yes,DSL,Yes,No,Month-to-month,Yes,Credit card,72.73,270.92,No
DEMO-03894,Female,No,No,No,63,Yes,DSL,No,Yes,Two year,Yes,Bank transfer,55.11,3409.52,No
DEMO-03895,Male,No,Yes,Yes,29,Yes,No,No,Yes,One year,No,Electronic check,34.74,1025.03,No
DEMO-03896,Female,No,Yes,No,15,Yes,No,No,No,Month-to-month,No,Mailed check,118.64,1769.17,Yes
DEMO-03897,Male,Yes,Yes,No,72,Yes,Fiber optic,No,Yes,Month-to-month,Yes,Electronic check,58.2,4271.8,No
DEMO-03898,Male,No,No,No,72,No,Fiber optic,No internet service,No,Month-to-month,No,Credit card,123.55,8822.64,Yes
DEMO-03899,Female,No,Yes,No,10,Yes,No,No,Yes,Month-to-month,Yes,Electronic check,81.97,788.63,Yes
DEMO-03900,Male,No,No,No,26,Yes,Fiber optic,No internet service,No,Month-to-month,Yes,Mailed check,75.57,1984.62,Yes
DEMO-03901,Female,No,No,No,25,Yes,Fiber optic,No,Yes,Two year,No,Electronic check,76.25,1841.39,No
DEMO-03902,Male,No,No,No,14,Yes,Fiber optic,No,Yes,One year,Yes,Credit card,127.4,1655.23,Yes
DEMO-03903,Female,No,No,No,62,Yes,No,Yes,Yes,Month-to-month,Yes,Electronic check,20.0,1314.99,Yes
DEMO-03904,Female,No,Yes,No,4,Yes,Fiber optic,No,No,Month-to-month,Yes,Bank transfer,77.36,189.3,Yes
DEMO-03905,Female,Yes,No,No,72,Yes,DSL,No,Yes,One year,Yes,Mailed check,65.37,4735.71,No
DEMO-03906,Male,No,Yes,No,33,Yes,Fiber optic,No,No,Two year,Yes,Credit card,66.67,2263.72,Yes
DEMO-03907,Female,No,No,Yes,72,Yes,DSL,No,No,Two year,No,Electronic check,75.73,5604.97,No
DEMO-03908,Male,No,No,No,31,Yes,DSL,No,Yes,Month-to-month,No,Credit card,65.34,2266.39,No
DEMO-03909,Female,No,No,No,25,Yes,Fiber optic,No internet service,No,Two year,No,Credit card,76.7,2059.47,No
DEMO-03910,Female,No,Yes,Yes,65,Yes,Fiber optic,No,Yes,Month-to-month,No,Electronic check,71.41,4581.12,No
DEMO-03911,Female,No,Yes,No,72,Yes,DSL,No internet service,No,Month-to-month,No,Electronic check,39.16,2799.87,No
DEMO-03912,Female,No,Yes,Yes,72,No,DSL,No internet service,No,Two year,Yes,Credit card,81.53,5910.44,No
DEMO-03913,Male,No,No,No,7,Yes,Fiber optic,No,No,Month-to-month,Yes,Mailed check,89.9,633.16,Yes
DEMO-03914,Male,Yes,Yes,Yes,72,Yes,DSL,No,No,Month-to-month,No,Credit card,58.45,4233.79,Yes
DEMO-03915,Female,No,No,No,24,Yes,No,No,Yes,Month-to-month,No,Credit card,118.7,2983.41,No
DEMO-03916,Female,No,No,No,29,Yes,Fiber optic,No,No,Month-to-month,No,Electronic check,105.39,3079.13,No
DEMO-03917,Male,No,No,No,24,Yes,Fiber optic,Yes,No,Month-to-month,No,Electronic check,93.1,2335.66,Yes
DEMO-03918,Male,No,Yes,Yes,19,Yes,DSL,No,No,One year,No,Mailed check,92.8,1659.84,No
DEMO-03919,Male,No,No,No,27,Yes,No,No,No,Month-to-month,Yes,Bank transfer,72.75,2022.02,No
DEMO-03920,Female,No,Yes,No,14,Yes,No,No,No,Month-to-month,Yes,Mailed check,100.53,1249.58,Yes
DEMO-03921,Male,Yes,Yes,No,72,Yes,DSL,Yes,No,Two year,Yes,Bank transfer,111.27,8132.73,No
DEMO-03922,Female,No,No,Yes,52,Yes,Fiber optic,No,Yes,Month-to-month,No,Bank transfer,92.2,4785.11,No
DEMO-03923,Female,No,Yes,No,38,Yes,Fiber optic,No internet service,No,Two year,Yes,Credit card,57.74,2065.28,No
DEMO-03924,Female,No,No,Yes,24,Yes,DSL,No internet service,No,Month-to-month,Yes,Electronic check,71.01,1685.49,No
DEMO-03925,Female,No,Yes,Yes,20,Yes,Fiber optic,No internet service,Yes,One year,Yes,Mailed check,86.34,1783.36,Yes
DEMO-03926,Female,No,No,No,44,Yes,No,No,No,Month-to-month,Yes,Electronic check,92.94,3974.47,Yes
DEMO-03927,Female,No,Yes,No,38,Yes,Fiber optic,Yes,Yes,Two year,Yes,Electronic check,70.06,2583.37,No
DEMO-03928,Female,No,Yes,No,68,Yes,No,No internet service,Yes,Month-to-month,No,Electronic check,57.83,3901.85,No
DEMO-03929,Female,No,Yes,Yes,21,Yes,DSL,No internet service,No,Two year,No,Credit card,111.61,2436.15,No
DEMO-03930,Female,No,No,Yes,19,No,No,Yes,Yes,Month-to-month,Yes,Mailed check,45.19,666.33,Yes
DEMO-03931,Female,No,Yes,No,50,No,No,No,No,One year,Yes,Electronic check,48.47,2478.33,No
DEMO-03932,Female,Yes,No,No,58,Yes,DSL,No,Yes,Month-to-month,Yes,Bank transfer,38.82,2235.11,No
DEMO-03933,Female,No,Yes,Yes,72,Yes,Fiber optic,No,No,Month-to-month,Yes,Bank transfer,48.41,3601.68,No
DEMO-03934,Female,No,No,No,6,Yes,Fiber optic,No,No,Month-to-month,No,Mailed check,103.18,668.19,Yes
DEMO-03935,Male,No,Yes,No,72,Yes,No,No internet service,No,Month-to-month,No,Electronic check,104.02,7634.34,No
DEMO-03936,Female,No,No,No,35,Yes,DSL,Yes,Yes,Month-to-month,Yes,Electronic check,70.15,2505.31,No
DEMO-03937,Male,Yes,No,No,22,Yes,DSL,No internet service,Yes,One year,Yes,Electronic check,84.41,1744.82,Yes
DEMO-03938,Female,No,Yes,Yes,44,Yes,Fiber optic,Yes,No,Month-to-month,No,Mailed check,71.74,3208.42,No
DEMO-03939,Male,No,No,No,43,Yes,Fiber optic,No,No,Month-to-month,Yes,Electronic check,42.2,1872.76,No
DEMO-03940,Male,No,No,No,22,No,Fiber optic,No,No,Month-to-month,No,Bank transfer,127.45,2742.97,Yes
DEMO-03941,Female,Yes,Yes,Yes,7,Yes,Fiber optic,No,No,Month-to-month,Yes,Credit card,106.37,698.69,Yes
DEMO-03942,Male,No,No,Yes,72,No,No,No,No,Month-to-month,Yes,Electronic check,80.86,5589.41,No
DEMO-03943,Male,No,No,Yes,18,Yes,DSL,Yes,Yes,One year,Yes,Electronic check,50.6,992.2,No
DEMO-03944,Male,No,Yes,No,16,Yes,No,No internet service,Yes,Month-to-month,Yes,Credit card,66.38,1055.52,No
DEMO-03945,Female,Yes,No,No,19,Yes,Fiber optic,Yes,No,Two year,Yes,Bank transfer,54.69,989.24,Yes
DEMO-03946,Male,No,No,No,56,Yes,No,Yes,No,Month-to-month,Yes,Bank transfer,74.44,4075.01,No
DEMO-03947,Male,No,Yes,No,24,Yes,DSL,Yes,Yes,Month-to-month,Yes,Credit card,79.75,1871.19,Yes
DEMO-03948,Female,No,No,No,20,Yes,Fiber optic,No,No,Two year,Yes,Bank transfer,63.47,1319.91,No
DEMO-03949,Female,No,No,No,42,Yes,No,No,Yes,Month-to-month,Yes,Bank transfer,35.64,1521.53,No
DEMO-03950,Male,No,Yes,Yes,38,No,Fiber optic,No,No,Month-to-month,Yes,Mailed check,125.3,4734.5,Yes
DEMO-03951,Male,No,Yes,No,20,Yes,DSL,Yes,No,Two year,Yes,Credit card,77.94,1442.69,No
DEMO-03952,Male,Yes,No,No,7,Yes,Fiber optic,No internet service,No,Two year,No,Bank transfer,83.41,555.79,No
DEMO-03953,Male,No,Yes,No,55,Yes,DSL,Yes,No,One year,No,Electronic check,61.44,3301.66,No
DEMO-03954,Female,No,Yes,No,38,No,DSL,No internet service,No,Month-to-month,Yes,Bank transfer,32.95,1235.79,No
DEMO-03955,Male,No,Yes,Yes,4,Yes,Fiber optic,No,Yes,One year,No,Electronic check,69.92,347.15,No
DEMO-03956,Male,No,No,No,72,Yes,No,No,No,Two year,Yes,Bank transfer,63.92,4553.48,No
DEMO-03957,Female,Yes,No,No,4,Yes,Fiber optic,No,No,Two year,No,Electronic check,89.74,531.18,Yes
DEMO-03958,Male,No,Yes,Yes,17,Yes,DSL,No,No,Month-to-month,Yes,Bank transfer,94.65,1556.81,Yes
DEMO-03959,Male,No,Yes,Yes,17,Yes,DSL,No internet service,Yes,Month-to-month,No,Mailed check,91.13,1382.4,Yes
DEMO-03960,Female,No,Yes,Yes,20,Yes,Fiber optic,No,Yes,Month-to-month,Yes,Bank transfer,96.71,1916.46,Yes
DEMO-03961,Male,No,Yes,No,20,Yes,DSL,No,No,Month-to-month,No,Bank transfer,117.09,2285.83,No
DEMO-03962,Female,No,Yes,No,11,Yes,No,Yes,No,One year,No,Electronic check,81.75,1244.92,No
DEMO-03963,Male,No,No,Yes,36,Yes,DSL,No,No,Month-to-month,Yes,Electronic check,99.48,3539.31,Yes
DEMO-03964,Male,No,Yes,No,61,Yes,DSL,No,No,Month-to-month,Yes,Mailed check,84.35,4996.73,No
DEMO-03965,Female,No,No,Yes,35,Yes,Fiber optic,No internet service,Yes,Month-to-month,Yes,Bank transfer,24.5,861.62,Yes
DEMO-03966,Male,No,No,No,40,Yes,DSL,No,Yes,Month-to-month,Yes,Credit card,68.14,2709.28,No
DEMO-03967,Male,No,No,No,25,Yes,Fiber optic,No,Yes,Month-to-month,Yes,Mailed check,50.31,1141.18,Yes
DEMO-03968,Male,No,No,No,34,No,Fiber optic,No,Yes,Month-to-month,Yes,Bank transfer,77.79,2680.82,No
DEMO-03969,Female,No,Yes,No,42,Yes,DSL,No,No,Month-to-month,Yes,Credit card,52.22,2249.86,Yes
DEMO-03970,Male,No,No,Yes,52,Yes,Fiber optic,No,Yes,Two year,Yes,Bank transfer,87.14,4539.39,Yes
DEMO-03971,Male,No,No,Yes,18,Yes,Fiber optic,No,Yes,Month-to-month,Yes,Electronic check,96.53,1710.86,Yes
DEMO-03972,Male,No,Yes,No,16,Yes,Fiber optic,No,No,Month-to-month,Yes,Mailed check,102.09,1596.61,Yes
DEMO-03973,Male,No,Yes,No,3,Yes,DSL,No,No,Month-to-month,Yes,Credit card,112.48,275.1,Yes
DEMO-03974,Male,No,No,No,72,Yes,Fiber optic,No,Yes,Month-to-month,Yes,Mailed check,30.1,2039.06,No
DEMO-03975,Female,No,No,No,72,No,Fiber optic,No,Yes,Month-to-month,Yes,Electronic check,42.02,3173.94,No
DEMO-03976,Male,No,No,No,30,Yes,DSL,No internet service,No,Month-to-month,No,Bank transfer,145.2,4599.76,Yes
DEMO-03977,Female,No,Yes,Yes,31,Yes,DSL,No,No,Month-to-month,No,Electronic check,97.24,2911.75,Yes
DEMO-03978,Male,No,Yes,Yes,72,Yes,DSL,No,No,Month-to-month,No,Bank transfer,77.61,5527.66,No
DEMO-03979,Male,No,No,No,11,No,DSL,No,Yes,One year,Yes,Credit card,72.8,692.64,No
DEMO-03980,Male,No,No,No,15,Yes,DSL,Yes,No,Month-to-month,Yes,Credit card,70.58,1147.77,Yes
DEMO-03981,Male,No,Yes,Yes,72,Yes,No,Yes,No,Month-to-month,Yes,Bank transfer,23.66,1602.01,Yes
DEMO-03982,Female,No,Yes,No,25,Yes,Fiber optic,No,No,One year,Yes,Credit card,52.69,1387.09,No
DEMO-03983,Male,No,Yes,Yes,13,No,Fiber optic,Yes,No,Month-to-month,No,Credit card,69.2,942.39,No
DEMO-03984,Female,No,Yes,No,44,No,DSL,No,No,Month-to-month,No,Credit card,54.1,2365.08,No
DEMO-03985,Female,No,No,Yes,18,No,DSL,No,Yes,Month-to-month,No,Credit card,57.37,1168.65,No
DEMO-03986,Male,No,No,No,72,Yes,Fiber optic,Yes,No,Month-to-month,No,Credit card,135.97,9754.86,No
DEMO-03987,Female,No,No,Yes,34,Yes,Fiber optic,No internet service,No,Month-to-month,Yes,Electronic check,65.71,2234.37,Yes
DEMO-03988,Female,No,Yes,No,19,Yes,No,No,Yes,Two year,Yes,Electronic check,78.95,1378.37,Yes
DEMO-03989,Female,No,No,No,20,Yes,DSL,No,Yes,Two year,Yes,Electronic check,78.06,1317.07,No
DEMO-03990,Male,No,Yes,No,42,Yes,DSL,No,Yes,Two year,No,Bank transfer,86.74,3749.09,No
DEMO-03991,Male,No,No,Yes,27,Yes,Fiber optic,No,No,Month-to-month,Yes,Credit card,60.07,1560.06,Yes
DEMO-03992,Female,No,Yes,Yes,24,Yes,DSL,No,No,Month-to-month,Yes,Credit card,103.17,2591.73,Yes
DEMO-03993,Female,No,No,Yes,53,Yes,DSL,No internet service,No,Month-to-month,No,Credit card,83.09,4368.54,No
DEMO-03994,Male,No,No,No,72,Yes,DSL,Yes,No,Month-to-month,No,Credit card,39.82,2856.15,No
DEMO-03995,Female,No,Yes,No,48,Yes,DSL,No,No,Month-to-month,No,Mailed check,69.31,3347.48,No
DEMO-03996,Male,No,No,Yes,17,Yes,No,No,No,Month-to-month,Yes,Mailed check,67.7,1096.96,Yes
DEMO-03997,Female,No,Yes,No,12,No,No,No,Yes,Month-to-month,No,Bank transfer,66.55,637.07,No
DEMO-03998,Female,No,Yes,No,51,Yes,Fiber optic,Yes,Yes,Month-to-month,No,Electronic check,84.73,4234.1,No
DEMO-03999,Male,No,No,Yes,48,Yes,Fiber optic,Yes,No,Month-to-month,Yes,Credit card,87.87,4122.76,Yes
DEMO-04000,Female,No,No,No,23,No,Fiber optic,No,No,One year,Yes,Bank transfer,84.92,1949.81,No
DEMO-04001,Male,No,Yes,No,27,Yes,Fiber optic,No,No,Month-to-month,Yes,Electronic check,80.47,2284.39,Yes
DEMO-04002,Female,No,Yes,No,18,Yes,Fiber optic,No internet service,No,Two year,Yes,Bank transfer,74.14,1261.96,No
DEMO-04003,Male,No,Yes,No,13,Yes,Fiber optic,No,No,Month-to-month,No,Bank transfer,20.0,250.04,Yes
DEMO-04004,Male,No,No,No,19,Yes,No,No,Yes,Month-to-month,No,Credit card,91.45,1761.43,Yes
DEMO-04005,Female,No,Yes,No,2,Yes,DSL,No,Yes,Month-to-month,No,Credit card,84.21,89.0,No
DEMO-04006,Male,No,Yes,Yes,69,Yes,Fiber optic,Yes,No,Month-to-month,Yes,Electronic check,47.38,3307.75,No
DEMO-04007,Female,No,No,Yes,9,Yes,No,No,No,Month-to-month,No,Credit card,79.01,821.14,Yes
DEMO-04008,Female,No,No,No,31,Yes,No,No,No,Month-to-month,Yes,Electronic check,88.2,2773.55,No
DEMO-04009,Male,No,Yes,Yes,3,Yes,No,Yes,Yes,One year,Yes,Mailed check,101.28,298.82,No
DEMO-04010,Male,No,No,No,47,Yes,Fiber optic,No internet service,No,Month-to-month,No,Mailed check,84.76,3899.62,No
DEMO-04011,Female,Yes,Yes,No,57,Yes,Fiber optic,No,No,Month-to-month,No,Credit card,80.04,4550.41,No
DEMO-04012,Male,No,No,Yes,33,Yes,DSL,No,Yes,Two year,No,Credit card,95.67,3081.82,No
DEMO-04013,Male,Yes,Yes,No,29,Yes,Fiber optic,No,No,Month-to-month,Yes,Electronic check,64.34,1807.19,No
DEMO-04014,Male,Yes,Yes,Yes,18,Yes,DSL,No,Yes,One year,No,Bank transfer,82.3,1469.19,Yes
DEMO-04015,Male,No,No,Yes,68,No,Fiber optic,No internet service,No,Month-to-month,Yes,Credit card,56.47,3819.14,No
DEMO-04016,Female,No,Yes,Yes,7,Yes,No,No,No,Month-to-month,No,Credit card,99.76,801.63,Yes
DEMO-04017,Female,No,Yes,Yes,22,Yes,No,No internet service,Yes,Month-to-month,Yes,Electronic check,31.76,639.93,No
DEMO-04018,Male,No,Yes,Yes,16,Yes,Fiber optic,No,No,Month-to-month,Yes,Electronic check,92.42,1517.58,Yes
DEMO-04019,Male,No,Yes,No,16,Yes,DSL,No,No,One year,No,Mailed check,72.44,1112.58,No
DEMO-04020,Female,Yes,Yes,No,67,No,Fiber optic,No,Yes,Month-to-month,Yes,Credit card,96.13,6349.61,Yes
DEMO-04021,Female,Yes,No,Yes,28,Yes,DSL,Yes,No,Month-to-month,No,Electronic check,52.49,1530.38,No
DEMO-04022,Male,No,No,Yes,18,Yes,DSL,No,No,Month-to-month,Yes,Mailed check,74.25,1378.39,Yes
DEMO-04023,Male,No,Yes,No,39,Yes,No,No,No,Two year,No,Credit card,73.52,2807.27,Yes
DEMO-04024,Male,No,Yes,Yes,37,Yes,Fiber optic,Yes,Yes,Two year,No,Mailed check,82.85,2752.93,No
DEMO-04025,Male,No,No,Yes,56,No,DSL,Yes,No,Two year,Yes,Bank transfer,45.81,2677.42,No
DEMO-04026,Male,No,No,No,42,Yes,Fiber optic,No,Yes,One year,Yes,Credit card,87.91,3769.94,No
DEMO-04027,Female,No,No,No,29,Yes,DSL,No,Yes,One year,No,Mailed check,25.85,865.07,No
DEMO-04028,Female,Yes,Yes,Yes,30,Yes,Fiber optic,No,No,Month-to-month,Yes,Electronic check,55.3,1779.78,Yes
DEMO-04029,Female,No,Yes,No,41,Yes,DSL,No,No,Two year,Yes,Electronic check,32.93,1351.6,No
DEMO-04030,Female,Yes,No,No,14,Yes,DSL,Yes,Yes,Month-to-month,Yes,Bank transfer,92.71,1256.3,Yes
DEMO-04031,Female,No,Yes,No,36,Yes,Fiber optic,No,No,Month-to-month,Yes,Electronic check,82.0,2772.84,Yes
DEMO-04032,Female,No,No,Yes,72,No,Fiber optic,Yes,No,One year,Yes,Electronic check,83.4,6018.36,No
DEMO-04033,Female,No,Yes,No,33,Yes,Fiber optic,No,No,Month-to-month,Yes,Electronic check,108.83,3546.46,No
DEMO-04034,Male,No,Yes,No,23,Yes,No,No,No,Month-to-month,Yes,Bank transfer,64.1,1396.02,Yes
DEMO-04035,Male,No,No,Yes,23,Yes,No,No,Yes,Month-to-month,No,Credit card,87.24,1870.64,Yes
DEMO-04036,Male,Yes,Yes,No,40,Yes,No,No,No,Month-to-month,Yes,Bank transfer,73.65,2842.97,No
DEMO-04037,Female,No,Yes,No,35,Yes,No,No,Yes,Two year,Yes,Credit card,69.84,2309.81,No
DEMO-04038,Female,No,No,No,49,Yes,No,Yes,Yes,Month-to-month,No,Credit card,104.67,5228.12,Yes
DEMO-04039,Female,No,Yes,Yes,19,Yes,No,No,No,Two year,No,Bank transfer,124.05,2468.51,No
DEMO-04040,Female,No,Yes,No,27,Yes,DSL,Yes,Yes,Month-to-month,Yes,Bank transfer,61.21,1578.44,No
DEMO-04041,Male,No,No,No,54,Yes,DSL,No,Yes,One year,Yes,Electronic check,92.84,5135.82,No
DEMO-04042,Male,No,Yes,Yes,57,Yes,Fiber optic,No internet service,Yes,Month-to-month,Yes,Mailed check,79.98,4569.13,Yes
DEMO-04043,Female,No,No,No,58,Yes,No,No,Yes,Two year,No,Electronic check,80.28,4803.07,No
DEMO-04044,Female,No,Yes,No,50,Yes,No,Yes,No,Month-to-month,No,Mailed check,78.18,3968.65,No
DEMO-04045,Female,No,Yes,No,52,Yes,Fiber optic,No,Yes,Month-to-month,Yes,Credit card,63.67,3374.06,No
DEMO-04046,Male,Yes,Yes,No,36,Yes,No,Yes,Yes,Month-to-month,Yes,Electronic check,20.0,744.5,Yes
DEMO-04047,Female,No,Yes,No,9,Yes,Fiber optic,Yes,No,Month-to-month,No,Electronic check,110.37,921.16,Yes
DEMO-04048,Male,No,No,No,10,Yes,Fiber optic,No,No,Month-to-month,No,Credit card,54.63,414.27,Yes
DEMO-04049,Male,No,No,No,32,Yes,DSL,No,No,One year,Yes,Credit card,65.96,2131.21,No
DEMO-04050,Male,No,Yes,No,33,Yes,Fiber optic,No,No,Two year,No,Credit card,66.49,2184.64,No
DEMO-04051,Female,No,No,No,15,Yes,DSL,Yes,No,One year,No,Electronic check,52.4,1045.95,Yes
DEMO-04052,Female,No,Yes,No,16,Yes,DSL,Yes,No,Month-to-month,Yes,Bank transfer,78.01,1322.93,Yes
DEMO-04053,Female,No,Yes,No,29,Yes,Fiber optic,No,Yes,Month-to-month,Yes,Mailed check,70.89,1971.36,Yes
DEMO-04054,Male,No,Yes,No,72,Yes,DSL,No,Yes,Two year,Yes,Bank transfer,54.09,3886.04,No
DEMO-04055,Male,No,No,No,13,Yes,No,Yes,No,Two year,No,Bank transfer,75.73,947.65,Yes
DEMO-04056,Male,No,No,No,22,Yes,Fiber optic,No internet service,No,Month-to-month,Yes,Credit card,71.17,1561.81,No
DEMO-04057,Male,No,Yes,No,56,Yes,Fiber optic,Yes,No,Two year,No,Electronic check,95.2,5200.05,No
DEMO-04058,Female,Yes,No,Yes,50,Yes,DSL,No,No,Month-to-month,No,Credit card,38.49,2015.25,No
DEMO-04059,Male,No,No,No,38,Yes,No,No internet service,Yes,Two year,No,Electronic check,51.87,1931.54,No
DEMO-04060,Female,No,Yes,No,5,Yes,Fiber optic,No internet service,Yes,Two year,Yes,Electronic check,90.13,516.08,Yes
DEMO-04061,Male,No,No,No,26,Yes,Fiber optic,No,No,One year,Yes,Credit card,56.01,1395.9,No
DEMO-04062,Female,No,No,Yes,72,No,Fiber optic,No,Yes,Month-to-month,Yes,Mailed check,49.41,3517.77,No
DEMO-04063,Male,No,No,No,16,Yes,Fiber optic,No internet service,No,One year,Yes,Mailed check,57.24,975.17,No
DEMO-04064,Female,No,Yes,Yes,15,Yes,Fiber optic,Yes,No,Month-to-month,No,Electronic check,69.48,835.09,Yes
DEMO-04065,Female,No,No,No,72,No,Fiber optic,No,No,One year,Yes,Electronic check,69.57,5107.77,No
DEMO-04066,Male,No,No,No,29,Yes,No,No internet service,No,Month-to-month,Yes,Electronic check,66.75,2082.73,Yes
DEMO-04067,Male,No,Yes,No,6,Yes,DSL,No internet service,Yes,One year,No,Credit card,46.29,422.78,Yes
DEMO-04068,Male,No,No,No,12,Yes,No,No internet service,No,Two year,Yes,Electronic check,91.33,1025.87,No
DEMO-04069,Female,Yes,No,No,19,Yes,Fiber optic,No,No,Month-to-month,No,Credit card,105.16,2028.21,Yes
DEMO-04070,Female,No,Yes,Yes,37,Yes,DSL,No,No,Month-to-month,No,Credit card,24.24,852.26,Yes
DEMO-04071,Male,No,Yes,No,26,Yes,DSL,Yes,No,One year,Yes,Credit card,33.16,713.54,Yes
DEMO-04072,Female,No,No,No,15,Yes,Fiber optic,No internet service,Yes,Month-to-month,No,Credit card,97.07,1464.92,Yes
DEMO-04073,Male,No,Yes,No,27,Yes,DSL,No,Yes,Month-to-month,Yes,Bank transfer,111.24,2857.82,No
DEMO-04074,Female,No,Yes,No,16,Yes,No,No,No,Month-to-month,Yes,Mailed check,20.0,379.95,Yes
DEMO-04075,Female,No,No,Yes,72,Yes,Fiber optic,No internet service,No,Month-to-month,Yes,Credit card,92.39,6733.96,No
DEMO-04076,Female,No,No,No,11,Yes,No,Yes,No,One year,Yes,Mailed check,112.95,1371.57,Yes
DEMO-04077,Female,Yes,Yes,No,21,Yes,DSL,No internet service,Yes,One year,No,Electronic check,50.44,1110.48,No
DEMO-04078,Male,No,No,No,19,Yes,Fiber optic,No,Yes,Month-to-month,No,Bank transfer,111.49,2076.94,No
DEMO-04079,Male,No,No,No,19,Yes,DSL,Yes,No,Month-to-month,No,Electronic check,67.55,1264.56,Yes
DEMO-04080,Female,Yes,Yes,Yes,12,Yes,Fiber optic,No,No,Month-to-month,Yes,Bank transfer,79.87,970.72,Yes
DEMO-04081,Female,No,No,No,72,Yes,Fiber optic,No,Yes,Month-to-month,Yes,Credit card,54.02,4035.73,No
DEMO-04082,Male,No,No,No,72,Yes,Fiber optic,No,No,One year,Yes,Bank transfer,97.03,7133.5,No
DEMO-04083,Female,No,No,No,40,Yes,Fiber optic,No,No,Month-to-month,Yes,Electronic check,92.86,3705.99,Yes
DEMO-04084,Male,No,No,No,38,Yes,DSL,Yes,Yes,Month-to-month,No,Electronic check,115.12,4472.85,Yes
DEMO-04085,Male,No,Yes,No,7,Yes,DSL,Yes,Yes,Two year,Yes,Mailed check,108.02,704.54,No
DEMO-04086,Female,No,No,Yes,72,No,Fiber optic,No internet service,Yes,Month-to-month,Yes,Electronic check,71.77,5211.07,No
DEMO-04087,Male,No,Yes,No,16,Yes,DSL,No,Yes,One year,No,Bank transfer,149.71,2360.42,No
DEMO-04088,Female,No,No,No,6,Yes,Fiber optic,No,No,Month-to-month,No,Credit card,105.77,659.01,No
DEMO-04089,Male,No,No,Yes,46,Yes,Fiber optic,Yes,No,Month-to-month,No,Bank transfer,85.51,3851.27,Yes
DEMO-04090,Male,No,Yes,No,63,Yes,No,No,Yes,Month-to-month,No,Bank transfer,47.07,2823.37,No
DEMO-04091,Male,No,Yes,Yes,72,No,No,No internet service,Yes,One year,Yes,Mailed check,33.75,2305.37,No
DEMO-04092,Female,Yes,Yes,No,22,Yes,Fiber optic,No,No,Two year,No,Electronic check,35.87,847.45,No
DEMO-04093,Male,No,No,No,20,No,No,No,No,Month-to-month,No,Bank transfer,48.66,861.77,No
DEMO-04094,Female,No,No,Yes,36,Yes,Fiber optic,No internet service,No,Month-to-month,No,Mailed check,106.43,3797.36,No
DEMO-04095,Female,No,Yes,Yes,26,Yes,DSL,No internet service,No,Month-to-month,No,Electronic check,84.18,2277.72,Yes
DEMO-04096,Female,No,No,No,46,Yes,No,No internet service,Yes,One year,No,Bank transfer,56.67,2718.86,No
DEMO-04097,Male,No,Yes,No,36,Yes,Fiber optic,No internet service,Yes,One year,Yes,Mailed check,68.6,2371.66,No
DEMO-04098,Female,No,No,Yes,15,No,Fiber optic,No,No,One year,No,Electronic check,65.56,743.37,Yes
DEMO-04099,Female,No,Yes,Yes,72,No,Fiber optic,No internet service,No,Two year,Yes,Mailed check,92.0,6543.64,No
DEMO-04100,Female,No,No,No,46,Yes,No,No,Yes,Month-to-month,No,Electronic check,50.03,2321.43,No
DEMO-04101,Female,No,Yes,Yes,62,Yes,Fiber optic,No internet service,No,One year,Yes,Bank transfer,80.74,5073.0,Yes
DEMO-04102,Male,No,No,No,15,No,No,No internet service,No,Month-to-month,Yes,Electronic check,79.5,1074.52,No
DEMO-04103,Male,Yes,No,Yes,46,Yes,DSL,No,Yes,Month-to-month,No,Credit card,50.78,2159.21,No
DEMO-04104,Female,No,No,Yes,55,Yes,No,Yes,No,Two year,Yes,Mailed check,111.7,6052.72,Yes
DEMO-04105,Female,No,Yes,No,35,Yes,Fiber optic,No internet service,No,Month-to-month,Yes,Electronic check,64.61,2209.43,Yes
DEMO-04106,Male,No,No,Yes,12,Yes,Fiber optic,No,No,One year,No,Electronic check,47.18,774.92,Yes
DEMO-04107,Female,No,No,No,33,Yes,No,No internet service,Yes,One year,Yes,Credit card,93.32,3090.54,No
DEMO-04108,Female,Yes,No,No,51,No,DSL,No,Yes,Two year,No,Bank transfer,73.36,3806.22,No
DEMO-04109,Male,No,No,No,65,Yes,DSL,No,No,Month-to-month,No,Credit card,82.21,5453.66,No
DEMO-04110,Male,No,Yes,No,8,Yes,No,No internet service,Yes,Month-to-month,Yes,Credit card,42.38,294.09,No
DEMO-04111,Male,No,No,No,34,Yes,No,Yes,No,Two year,No,Electronic check,92.31,3148.59,No
DEMO-04112,Male,No,No,Yes,10,Yes,Fiber optic,No,No,One year,Yes,Bank transfer,126.31,1288.4,No
DEMO-04113,Female,No,Yes,Yes,52,Yes,Fiber optic,No internet service,Yes,Month-to-month,No,Bank transfer,40.43,2162.99,No
DEMO-04114,Male,No,Yes,No,61,Yes,DSL,No,No,One year,Yes,Credit card,80.86,4919.6,No
DEMO-04115,Female,No,No,No,14,Yes,Fiber optic,No,No,Month-to-month,Yes,Mailed check,52.37,837.58,Yes
DEMO-04116,Female,No,Yes,No,12,No,Fiber optic,No,No,One year,No,Credit card,139.24,1781.23,Yes
DEMO-04117,Female,No,Yes,No,19,Yes,No,No,No,Two year,Yes,Bank transfer,102.99,1928.47,Yes
DEMO-04118,Male,No,No,Yes,27,Yes,Fiber optic,No,No,Month-to-month,No,Credit card,79.05,2210.26,Yes
DEMO-04119,Female,No,No,No,17,Yes,Fiber optic,No internet service,Yes,Month-to-month,Yes,Electronic check,41.3,741.02,Yes
DEMO-04120,Female,Yes,Yes,No,55,Yes,Fiber optic,No,Yes,Two year,No,Mailed check,47.35,2870.43,No
DEMO-04121,Female,No,No,No,66,Yes,No,No internet service,No,Two year,No,Electronic check,90.66,6073.18,No
DEMO-04122,Female,No,No,No,33,Yes,Fiber optic,No internet service,No,Two year,No,Credit card,37.94,1290.64,No
DEMO-04123,Female,No,No,Yes,17,Yes,DSL,Yes,Yes,Month-to-month,Yes,Electronic check,38.72,601.31,Yes
DEMO-04124,Male,No,Yes,No,26,Yes,Fiber optic,No internet service,No,Two year,No,Bank transfer,72.22,1774.27,Yes
DEMO-04125,Male,No,Yes,No,33,No,Fiber optic,Yes,No,Month-to-month,Yes,Electronic check,75.34,2538.99,Yes
DEMO-04126,Female,No,No,No,25,Yes,DSL,No internet service,No,Month-to-month,No,Electronic check,81.5,1866.67,No
DEMO-04127,Female,No,Yes,No,29,Yes,Fiber optic,No,Yes,Month-to-month,No,Electronic check,61.01,1931.68,No
DEMO-04128,Female,No,No,No,62,Yes,DSL,No,Yes,Two year,No,Credit card,95.0,5684.06,No
DEMO-04129,Male,No,No,No,16,Yes,Fiber optic,No,No,Two year,Yes,Electronic check,50.45,704.28,Yes
DEMO-04130,Female,No,No,Yes,72,Yes,Fiber optic,No internet service,No,One year,No,Credit card,87.67,6412.24,Yes
DEMO-04131,Male,No,No,Yes,34,Yes,Fiber optic,No internet service,Yes,One year,No,Credit card,77.35,2626.36,No
DEMO-04132,Female,No,No,No,24,Yes,Fiber optic,Yes,Yes,Month-to-month,No,Credit card,87.02,2106.78,Yes
DEMO-04133,Female,No,Yes,No,16,No,Fiber optic,No,No,Month-to-month,No,Bank transfer,101.55,1556.05,Yes
DEMO-04134,Female,Yes,Yes,No,17,Yes,DSL,Yes,No,Month-to-month,Yes,Bank transfer,60.62,1017.78,Yes
DEMO-04135,Male,No,Yes,No,31,Yes,DSL,Yes,No,Month-to-month,Yes,Bank transfer,55.47,1787.99,No
DEMO-04136,Female,No,Yes,No,34,Yes,Fiber optic,Yes,No,Month-to-month,Yes,Electronic check,29.79,929.63,No
DEMO-04137,Male,No,Yes,No,24,Yes,No,No,No,Two year,No,Mailed check,21.52,490.27,No
DEMO-04138,Male,No,Yes,Yes,10,No,DSL,Yes,No,One year,Yes,Credit card,67.6,676.53,No
DEMO-04139,Male,Yes,No,No,31,Yes,DSL,No,No,Two year,No,Electronic check,69.31,2121.53,No
DEMO-04140,Male,No,No,No,17,Yes,No,No internet service,No,Month-to-month,Yes,Electronic check,44.85,837.53,No
DEMO-04141,Male,No,No,Yes,6,No,DSL,No,Yes,Month-to-month,No,Bank transfer,50.22,347.26,Yes
DEMO-04142,Female,No,No,Yes,48,Yes,No,Yes,No,Month-to-month,Yes,Credit card,110.09,5273.86,Yes
DEMO-04143,Male,No,No,No,7,Yes,No,No internet service,Yes,Month-to-month,Yes,Electronic check,93.9,486.7,No
DEMO-04144,Female,No,Yes,Yes,23,Yes,DSL,No,No,Month-to-month,Yes,Credit card,40.46,1048.76,No
DEMO-04145,Female,No,No,No,28,Yes,DSL,No,Yes,Month-to-month,No,Electronic check,60.94,1613.95,No
DEMO-04146,Female,No,No,No,72,Yes,No,No internet service,Yes,Month-to-month,Yes,Mailed check,82.15,6092.41,Yes
DEMO-04147,Male,No,No,Yes,6,No,DSL,Yes,No,One year,No,Credit card,56.34,253.56,No
DEMO-04148,Female,Yes,No,No,51,Yes,Fiber optic,Yes,No,Month-to-month,Yes,Mailed check,51.78,2666.19,Yes
DEMO-04149,Female,No,Yes,Yes,57,Yes,DSL,Yes,No,Month-to-month,No,Bank transfer,63.54,3685.37,No
DEMO-04150,Female,No,Yes,No,72,Yes,Fiber optic,No,No,Month-to-month,Yes,Credit card,99.27,7127.78,Yes
DEMO-04151,Male,No,No,Yes,64,Yes,No,Yes,Yes,Month-to-month,Yes,Electronic check,101.54,6529.76,No
DEMO-04152,Female,No,Yes,No,29,Yes,Fiber optic,No,Yes,Month-to-month,No,Electronic check,53.61,1526.44,No
DEMO-04153,Male,No,No,No,53,Yes,DSL,Yes,No,Month-to-month,No,Credit card,83.51,4614.95,No
DEMO-04154,Male,No,No,No,72,Yes,Fiber optic,No,No,One year,Yes,Bank transfer,71.84,5192.7,No
DEMO-04155,Female,No,No,No,4,Yes,Fiber optic,Yes,Yes,Month-to-month,Yes,Credit card,46.79,175.52,Yes
DEMO-04156,Male,No,No,No,9,Yes,DSL,No,Yes,Two year,No,Credit card,64.57,605.55,Yes
DEMO-04157,Male,No,No,No,36,Yes,Fiber optic,No,Yes,Month-to-month,No,Bank transfer,40.39,1567.26,No
DEMO-04158,Female,Yes,No,No,56,Yes,Fiber optic,Yes,No,Month-to-month,Yes,Mailed check,101.08,5699.52,Yes
DEMO-04159,Male,No,Yes,No,46,Yes,DSL,No internet service,Yes,Month-to-month,No,Mailed check,110.81,5115.6,No
DEMO-04160,Female,No,No,No,39,Yes,No,Yes,Yes,Month-to-month,Yes,Electronic check,61.74,2264.4,Yes
DEMO-04161,Female,No,Yes,No,72,No,Fiber optic,Yes,No,Month-to-month,Yes,Mailed check,55.77,4130.97,No
DEMO-04162,Female,No,Yes,No,24,Yes,DSL,No,No,Two year,Yes,Credit card,98.36,2395.67,No
DEMO-04163,Male,No,No,Yes,17,Yes,DSL,No internet service,No,Month-to-month,No,Credit card,102.4,1696.26,No
DEMO-04164,Female,No,Yes,Yes,20,Yes,Fiber optic,No,Yes,One year,Yes,Credit card,44.14,915.47,Yes
DEMO-04165,Male,No,Yes,No,37,Yes,DSL,No,Yes,Month-to-month,No,Credit card,68.3,2666.19,No
DEMO-04166,Male,No,No,Yes,28,Yes,DSL,No,Yes,Month-to-month,Yes,Electronic check,70.53,2046.35,No
DEMO-04167,Male,Yes,No,No,58,Yes,Fiber optic,No internet service,No,Month-to-month,Yes,Mailed check,52.73,3255.2,No
DEMO-04168,Male,No,Yes,No,18,Yes,Fiber optic,No,Yes,Month-to-month,Yes,Electronic check,81.65,1557.14,Yes
DEMO-04169,Male,No,No,No,41,Yes,DSL,Yes,No,Month-to-month,Yes,Bank transfer,54.5,2041.56,No
DEMO-04170,Male,No,No,No,53,Yes,Fiber optic,Yes,Yes,Two year,Yes,Credit card,58.49,3226.06,No
DEMO-04171,Female,No,No,No,72,Yes,Fiber optic,No internet service,No,One year,No,Credit card,69.47,4827.52,No
DEMO-04172,Male,No,No,Yes,11,No,Fiber optic,Yes,Yes,Two year,Yes,Credit card,34.77,517.56,No
DEMO-04173,Male,No,No,Yes,20,Yes,No,No,No,Month-to-month,No,Mailed check,20.59,500.31,Yes
DEMO-04174,Female,No,Yes,No,27,No,DSL,No,No,One year,No,Mailed check,94.96,2731.92,No
DEMO-04175,Male,No,No,No,8,Yes,DSL,Yes,Yes,Month-to-month,Yes,Electronic check,53.49,472.21,Yes
DEMO-04176,Male,Yes,No,No,39,Yes,DSL,Yes,Yes,One year,No,Bank transfer,125.37,4918.05,No
DEMO-04177,Female,No,No,No,38,Yes,DSL,No internet service,Yes,Two year,Yes,Electronic check,121.3,4733.27,Yes
DEMO-04178,Male,No,Yes,Yes,36,Yes,Fiber optic,No internet service,No,One year,Yes,Credit card,59.34,2018.56,Yes
DEMO-04179,Male,No,No,No,25,Yes,DSL,No internet service,No,Two year,No,Mailed check,130.48,3266.03,Yes
DEMO-04180,Female,No,No,No,68,Yes,Fiber optic,No,No,One year,No,Bank transfer,95.44,6466.92,No
DEMO-04181,Female,No,Yes,No,20,No,No,Yes,No,Month-to-month,Yes,Credit card,55.87,1074.45,No
DEMO-04182,Female,No,No,No,64,Yes,Fiber optic,No,Yes,One year,Yes,Electronic check,20.0,1222.93,Yes
DEMO-04183,Male,No,Yes,No,20,Yes,Fiber optic,No,No,Month-to-month,No,Bank transfer,89.2,1799.81,Yes
DEMO-04184,Female,No,Yes,No,11,Yes,Fiber optic,No,No,Two year,Yes,Credit card,72.78,872.41,Yes
DEMO-04185,Male,No,No,Yes,29,Yes,Fiber optic,No,Yes,Two year,No,Credit card,82.78,2549.35,No
DEMO-04186,Male,No,No,Yes,33,Yes,Fiber optic,No,Yes,Month-to-month,Yes,Electronic check,66.28,2158.76,No
DEMO-04187,Female,Yes,Yes,Yes,41,Yes,Fiber optic,Yes,Yes,Month-to-month,No,Bank transfer,43.4,1742.65,No
DEMO-04188,Female,No,No,No,3,Yes,DSL,No,Yes,Month-to-month,Yes,Mailed check,61.32,0.0,Yes
DEMO-04189,Male,No,Yes,No,23,Yes,DSL,No,No,Month-to-month,No,Electronic check,89.67,2208.86,Yes
DEMO-04190,Female,No,No,No,72,Yes,Fiber optic,No,Yes,Month-to-month,No,Electronic check,63.14,4410.28,No
DEMO-04191,Female,No,No,No,19,Yes,Fiber optic,No,Yes,One year,No,Bank transfer,62.99,1244.85,No
DEMO-04192,Female,No,No,No,57,Yes,DSL,No,Yes,Month-to-month,Yes,Electronic check,34.02,1968.4,Yes
DEMO-04193,Female,No,Yes,No,72,Yes,DSL,No internet service,Yes,Two year,Yes,Bank transfer,74.28,5447.2,No
DEMO-04194,Female,No,Yes,No,72,Yes,Fiber optic,Yes,Yes,Month-to-month,Yes,Electronic check,44.2,3094.44,No
DEMO-04195,Male,No,No,No,12,Yes,DSL,No internet service,Yes,Month-to-month,No,Electronic check,94.96,1196.93,No
DEMO-04196,Male,No,No,Yes,54,No,Fiber optic,Yes,Yes,Month-to-month,Yes,Credit card,53.65,3059.95,No
DEMO-04197,Male,No,Yes,No,56,Yes,DSL,No,Yes,Two year,Yes,Electronic check,64.61,3641.41,No
DEMO-04198,Male,Yes,No,No,48,Yes,DSL,Yes,No,Month-to-month,Yes,Electronic check,126.1,5965.18,No
DEMO-04199,Male,No,Yes,No,11,Yes,Fiber optic,No,No,Month-to-month,No,Electronic check,64.34,561.02,Yes
DEMO-04200,Female,No,Yes,Yes,36,Yes,DSL,No,No,Month-to-month,No,Mailed check,60.99,2344.53,No
DEMO-04201,Male,No,No,Yes,36,Yes,DSL,No,Yes,Two year,Yes,Mailed check,86.64,3075.12,No
DEMO-04202,Female,No,No,No,9,Yes,No,Yes,Yes,Month-to-month,No,Credit card,27.37,222.28,Yes
DEMO-04203,Male,No,No,No,24,Yes,Fiber optic,Yes,No,One year,Yes,Bank transfer,103.27,2731.33,No
DEMO-04204,Male,Yes,No,No,37,No,Fiber optic,Yes,Yes,One year,No,Electronic check,96.85,3675.74,Yes
DEMO-04205,Male,No,No,No,29,Yes,Fiber optic,No,No,One year,No,Electronic check,85.11,2582.76,No
DEMO-04206,Male,No,Yes,No,50,Yes,DSL,No,Yes,Month-to-month,Yes,Credit card,20.0,1164.16,Yes
DEMO-04207,Female,No,No,No,24,Yes,Fiber optic,Yes,Yes,Month-to-month,Yes,Electronic check,65.51,1416.24,Yes
DEMO-04208,Female,Yes,Yes,No,33,Yes,Fiber optic,No,No,Month-to-month,No,Electronic check,40.18,1479.41,Yes
DEMO-04209,Female,No,No,Yes,59,No,DSL,No,No,Month-to-month,No,Electronic check,100.1,6072.99,No
DEMO-04210,Female,No,Yes,No,72,Yes,DSL,Yes,Yes,One year,No,Credit card,98.31,7033.7,No
DEMO-04211,Male,No,No,No,10,Yes,Fiber optic,Yes,No,Month-to-month,Yes,Bank transfer,81.7,892.2,Yes
DEMO-04212,Female,No,Yes,No,49,Yes,DSL,Yes,No,Month-to-month,Yes,Mailed check,41.92,2150.83,Yes
DEMO-04213,Male,No,No,No,21,Yes,DSL,Yes,No,Month-to-month,Yes,Electronic check,109.36,2225.78,No
DEMO-04214,Female,No,Yes,Yes,41,Yes,Fiber optic,Yes,No,One year,Yes,Credit card,65.44,2774.49,No
DEMO-04215,Male,No,Yes,No,10,Yes,Fiber optic,Yes,No,Month-to-month,No,Electronic check,117.13,1107.78,No
DEMO-04216,Female,No,Yes,No,69,Yes,Fiber optic,No,Yes,One year,No,Mailed check,78.63,5684.67,No
DEMO-04217,Female,No,Yes,Yes,16,Yes,DSL,No,Yes,Month-to-month,Yes,Credit card,84.67,1370.89,No
DEMO-04218,Female,No,Yes,No,60,Yes,Fiber optic,No,No,Two year,Yes,Electronic check,60.49,3686.11,No
DEMO-04219,Male,No,Yes,No,11,Yes,No,No internet service,Yes,One year,Yes,Mailed check,107.17,1016.11,Yes
DEMO-04220,Male,No,Yes,No,8,Yes,Fiber optic,No internet service,No,Month-to-month,Yes,Bank transfer,87.21,737.28,Yes
DEMO-04221,Female,No,No,No,26,Yes,No,Yes,No,Month-to-month,No,Bank transfer,108.07,2931.82,Yes
DEMO-04222,Male,No,No,No,36,Yes,Fiber optic,No internet service,Yes,Month-to-month,No,Mailed check,76.44,2662.38,Yes
DEMO-04223,Male,No,No,No,72,Yes,DSL,No,No,Month-to-month,No,Mailed check,70.82,5046.82,Yes
DEMO-04224,Female,No,No,Yes,35,Yes,Fiber optic,No,Yes,Month-to-month,Yes,Mailed check,86.88,2969.71,No
DEMO-04225,Female,No,No,No,12,Yes,Fiber optic,No,Yes,Two year,No,Mailed check,108.06,1181.3,No
DEMO-04226,Female,No,No,No,53,No,No,No,No,One year,No,Mailed check,97.42,5033.72,No
DEMO-04227,Male,No,No,No,72,Yes,DSL,No,No,Month-to-month,No,Electronic check,75.46,5536.05,No
DEMO-04228,Female,No,Yes,No,15,Yes,DSL,No,No,Month-to-month,No,Electronic check,25.57,256.98,Yes
DEMO-04229,Male,No,Yes,No,58,Yes,No,No internet service,No,Month-to-month,No,Mailed check,92.26,5172.72,No
DEMO-04230,Female,No,No,No,71,Yes,DSL,No,Yes,Two year,Yes,Mailed check,36.03,2504.92,No
DEMO-04231,Male,No,No,No,54,Yes,Fiber optic,Yes,No,Month-to-month,Yes,Bank transfer,72.88,3940.54,No
DEMO-04232,Male,Yes,Yes,No,18,No,DSL,No,No,One year,Yes,Bank transfer,69.11,1302.01,Yes
DEMO-04233,Female,No,No,Yes,36,Yes,No,No,No,One year,No,Credit card,36.56,1227.42,No
DEMO-04234,Male,No,Yes,No,41,Yes,DSL,No,No,Month-to-month,Yes,Bank transfer,81.31,3274.89,Yes
DEMO-04235,Male,No,No,No,68,Yes,Fiber optic,No,Yes,Month-to-month,Yes,Bank transfer,125.86,8612.57,No
DEMO-04236,Female,No,No,No,19,Yes,Fiber optic,Yes,No,Month-to-month,Yes,Electronic check,64.18,1309.87,Yes
DEMO-04237,Male,Yes,Yes,No,59,No,No,No,Yes,Two year,No,Credit card,91.15,5502.2,No
DEMO-04238,Male,No,No,No,28,Yes,No,No,No,Month-to-month,Yes,Mailed check,130.89,3712.87,Yes
DEMO-04239,Male,No,Yes,No,23,Yes,Fiber optic,No,Yes,One year,Yes,Credit card,93.57,1986.34,Yes
DEMO-04240,Female,No,Yes,No,32,No,DSL,No,Yes,One year,Yes,Credit card,55.88,1700.64,No
DEMO-04241,Female,No,No,No,2,Yes,Fiber optic,No,Yes,Two year,Yes,Electronic check,77.93,281.26,Yes
DEMO-04242,Female,No,No,Yes,4,Yes,No,No internet service,No,Month-to-month,No,Credit card,84.02,513.16,No
DEMO-04243,Male,Yes,Yes,No,5,Yes,Fiber optic,No,Yes,Month-to-month,No,Bank transfer,107.85,530.48,Yes
DEMO-04244,Female,No,Yes,Yes,43,Yes,No,Yes,Yes,One year,No,Bank transfer,102.35,4383.48,No
DEMO-04245,Male,No,No,No,26,No,Fiber optic,No,No,Month-to-month,Yes,Mailed check,20.0,419.9,Yes
DEMO-04246,Male,No,Yes,Yes,18,Yes,DSL,No,Yes,Two year,No,Mailed check,50.59,1052.65,No
DEMO-04247,Male,No,Yes,No,30,Yes,DSL,No,No,Month-to-month,Yes,Credit card,70.25,2001.67,Yes
DEMO-04248,Male,No,No,No,60,Yes,DSL,Yes,No,Month-to-month,No,Electronic check,46.62,2993.37,No
DEMO-04249,Male,No,Yes,No,29,No,Fiber optic,Yes,No,Two year,Yes,Bank transfer,20.0,571.83,No
DEMO-04250,Female,No,No,No,12,No,Fiber optic,No,No,Month-to-month,Yes,Electronic check,53.86,560.33,Yes
DEMO-04251,Female,No,Yes,Yes,72,Yes,DSL,No,No,Month-to-month,Yes,Electronic check,71.91,4999.21,No
DEMO-04252,Female,No,No,Yes,31,Yes,Fiber optic,No,No,Month-to-month,Yes,Bank transfer,58.87,1797.92,No
DEMO-04253,Male,No,Yes,No,71,Yes,DSL,No,No,Month-to-month,No,Bank transfer,47.08,3330.06,No
DEMO-04254,Male,No,Yes,No,55,Yes,Fiber optic,No,Yes,Two year,No,Credit card,73.04,3985.32,No
DEMO-04255,Male,Yes,Yes,No,22,Yes,Fiber optic,No,No,Month-to-month,No,Bank transfer,80.58,1773.26,Yes
DEMO-04256,Female,No,Yes,No,72,Yes,Fiber optic,No,Yes,Month-to-month,No,Bank transfer,60.29,4479.44,No
DEMO-04257,Female,Yes,Yes,Yes,19,Yes,DSL,No,No,Month-to-month,Yes,Credit card,106.29,2081.39,No
DEMO-04258,Female,No,Yes,No,42,No,Fiber optic,No,No,Two year,Yes,Bank transfer,73.44,3103.96,Yes
DEMO-04259,Female,No,No,Yes,38,Yes,No,No,No,Month-to-month,No,Bank transfer,50.21,2022.15,Yes
DEMO-04260,Male,No,No,No,41,Yes,Fiber optic,No,No,Two year,Yes,Credit card,43.89,1707.86,No
DEMO-04261,Female,No,No,Yes,72,No,No,No,No,Two year,Yes,Credit card,66.68,4872.3,No
DEMO-04262,Female,No,Yes,No,32,Yes,DSL,Yes,Yes,Month-to-month,Yes,Credit card,99.84,3264.32,Yes
DEMO-04263,Male,No,No,No,36,Yes,DSL,Yes,No,Two year,No,Bank transfer,51.41,2000.73,No
DEMO-04264,Male,Yes,No,No,38,Yes,DSL,No,No,One year,No,Bank transfer,86.9,3165.14,No
DEMO-04265,Female,No,No,No,72,Yes,Fiber optic,Yes,No,Month-to-month,Yes,Bank transfer,74.36,5267.3,Yes
DEMO-04266,Male,No,Yes,No,68,Yes,DSL,No internet service,Yes,Month-to-month,No,Bank transfer,121.83,8203.42,No
DEMO-04267,Female,No,Yes,Yes,7,Yes,No,No,No,Two year,No,Bank transfer,81.76,620.14,Yes
DEMO-04268,Male,No,Yes,No,20,Yes,Fiber optic,Yes,Yes,Two year,No,Electronic check,54.54,1113.2,No
DEMO-04269,Male,No,Yes,No,34,Yes,No,No internet service,No,One year,Yes,Electronic check,90.41,3130.72,No
DEMO-04270,Male,No,No,Yes,72,Yes,Fiber optic,No internet service,Yes,Two year,No,Mailed check,91.25,6359.31,No
DEMO-04271,Male,No,Yes,Yes,72,Yes,Fiber optic,Yes,No,Month-to-month,Yes,Electronic check,62.07,4616.26,Yes
DEMO-04272,Female,Yes,No,Yes,30,Yes,Fiber optic,No,No,Two year,Yes,Mailed check,42.9,1310.5,No
DEMO-04273,Male,No,Yes,No,19,No,Fiber optic,No,Yes,Two year,No,Electronic check,85.4,1677.86,No
DEMO-04274,Male,No,Yes,Yes,27,Yes,Fiber optic,No,No,Month-to-month,No,Electronic check,73.59,2023.96,Yes
DEMO-04275,Female,No,Yes,Yes,34,Yes,DSL,No,Yes,Month-to-month,Yes,Credit card,34.09,1096.28,Yes
DEMO-04276,Female,No,No,Yes,26,Yes,No,No internet service,Yes,Month-to-month,Yes,Bank transfer,78.36,2089.16,No
DEMO-04277,Female,No,No,No,72,Yes,Fiber optic,No,No,Two year,Yes,Credit card,56.08,4045.38,No
DEMO-04278,Female,No,No,No,24,Yes,Fiber optic,No,No,Month-to-month,Yes,Electronic check,34.11,824.93,Yes
DEMO-04279,Female,No,Yes,No,15,Yes,DSL,No,No,One year,No,Electronic check,63.2,997.32,No
DEMO-04280,Male,Yes,No,Yes,27,Yes,DSL,No internet service,Yes,Month-to-month,Yes,Electronic check,104.07,2799.64,Yes
DEMO-04281,Female,No,Yes,No,40,Yes,DSL,No internet service,Yes,Month-to-month,Yes,Electronic check,102.2,3951.93,Yes
DEMO-04282,Female,No,Yes,No,72,Yes,Fiber optic,No,No,One year,No,Electronic check,95.67,6870.09,No
DEMO-04283,Male,No,No,No,14,Yes,DSL,No,No,Month-to-month,No,Bank transfer,78.73,1264.72,No
DEMO-04284,Female,No,Yes,No,40,Yes,No,No,No,Two year,No,Electronic check,86.89,3420.26,Yes
DEMO-04285,Male,No,No,No,41,Yes,No,Yes,No,Month-to-month,Yes,Credit card,74.47,3062.68,No
DEMO-04286,Female,No,No,No,46,Yes,DSL,No internet service,No,Two year,No,Mailed check,44.37,2124.46,No
DEMO-04287,Male,No,No,No,24,Yes,Fiber optic,Yes,Yes,Month-to-month,Yes,Electronic check,49.36,1396.57,Yes
DEMO-04288,Male,Yes,Yes,No,46,Yes,DSL,Yes,No,Two year,Yes,Credit card,56.82,2588.15,No
DEMO-04289,Female,Yes,Yes,Yes,54,Yes,DSL,Yes,No,One year,Yes,Mailed check,107.03,5656.9,No
DEMO-04290,Male,No,Yes,Yes,24,Yes,DSL,No,Yes,Month-to-month,No,Mailed check,98.92,2441.33,No
DEMO-04291,Female,No,No,No,36,Yes,No,No,Yes,Month-to-month,Yes,Bank transfer,45.0,1538.77,Yes
DEMO-04292,Female,No,No,No,28,Yes,No,No,No,Month-to-month,No,Bank transfer,73.33,2082.77,No
DEMO-04293,Male,No,No,No,17,Yes,DSL,Yes,No,One year,No,Bank transfer,61.93,1113.41,Yes
DEMO-04294,Male,No,No,No,10,Yes,DSL,No internet service,Yes,Two year,No,Credit card,68.12,633.26,No
DEMO-04295,Female,No,No,No,19,No,Fiber optic,No internet service,Yes,Month-to-month,Yes,Mailed check,58.6,1086.19,Yes
DEMO-04296,Female,No,No,No,20,Yes,Fiber optic,No,No,Month-to-month,Yes,Mailed check,107.14,2224.72,Yes
DEMO-04297,Female,No,Yes,No,10,Yes,DSL,No internet service,No,One year,Yes,Credit card,71.53,824.56,No
DEMO-04298,Female,Yes,Yes,No,44,Yes,No,Yes,No,Month-to-month,Yes,Bank transfer,77.4,3410.02,No
DEMO-04299,Male,No,No,No,56,No,No,No,No,One year,Yes,Credit card,77.61,4363.02,No
DEMO-04300,Male,Yes,No,No,28,Yes,Fiber optic,Yes,No,Month-to-month,No,Credit card,46.31,1184.29,No
DEMO-04301,Male,No,Yes,No,31,Yes,No,No internet service,No,One year,No,Mailed check,74.71,2327.82,Yes
DEMO-04302,Female,No,Yes,No,22,Yes,Fiber optic,No,Yes,Two year,No,Bank transfer,98.56,2129.16,No
DEMO-04303,Female,Yes,No,No,29,Yes,Fiber optic,No,No,Month-to-month,Yes,Mailed check,108.82,3163.65,Yes
DEMO-04304,Female,Yes,No,No,46,Yes,No,No,No,Month-to-month,Yes,Electronic check,43.3,2133.62,No
DEMO-04305,Female,No,Yes,Yes,40,Yes,Fiber optic,No,No,Month-to-month,Yes,Mailed check,34.03,1248.58,Yes
DEMO-04306,Male,No,No,No,29,Yes,Fiber optic,No,No,Month-to-month,No,Electronic check,73.55,2250.48,Yes
DEMO-04307,Male,No,Yes,Yes,20,Yes,DSL,No,Yes,Month-to-month,Yes,Bank transfer,99.73,2014.08,No
DEMO-04308,Female,No,Yes,Yes,53,Yes,Fiber optic,No,Yes,Two year,Yes,Bank transfer,80.99,4289.78,No
DEMO-04309,Female,No,Yes,No,22,Yes,DSL,Yes,No,One year,Yes,Credit card,89.01,1871.35,No
DEMO-04310,Male,No,No,No,11,No,DSL,Yes,Yes,Month-to-month,No,Electronic check,37.99,445.84,Yes
DEMO-04311,Male,No,Yes,Yes,35,Yes,Fiber optic,No,Yes,Two year,Yes,Mailed check,57.7,2236.65,No
DEMO-04312,Male,No,Yes,Yes,6,Yes,Fiber optic,Yes,No,Month-to-month,No,Mailed check,20.0,0.0,No
DEMO-04313,Male,No,No,No,39,No,DSL,No,Yes,Two year,No,Bank transfer,68.44,2473.61,No
DEMO-04314,Male,No,Yes,No,41,Yes,DSL,No internet service,No,Month-to-month,No,Electronic check,20.0,802.32,Yes
DEMO-04315,Female,No,Yes,No,19,Yes,No,Yes,Yes,One year,Yes,Mailed check,105.32,2033.78,No
DEMO-04316,Male,No,No,No,21,Yes,Fiber optic,No internet service,Yes,Two year,No,Bank transfer,110.87,2422.22,No
DEMO-04317,Female,No,No,No,58,Yes,Fiber optic,No,Yes,One year,Yes,Electronic check,75.52,4425.37,No
DEMO-04318,Female,No,No,No,72,Yes,No,No,Yes,Two year,Yes,Bank transfer,34.19,2298.08,No
DEMO-04319,Female,No,Yes,Yes,32,Yes,No,Yes,No,Month-to-month,Yes,Electronic check,81.39,2666.09,Yes
DEMO-04320,Female,No,Yes,No,19,Yes,DSL,No internet service,No,Two year,No,Mailed check,118.48,2233.87,No
DEMO-04321,Male,No,No,No,41,Yes,Fiber optic,No,No,Month-to-month,Yes,Credit card,83.89,3528.02,Yes
DEMO-04322,Female,No,No,No,28,Yes,DSL,No,No,One year,Yes,Electronic check,101.62,2773.65,Yes
DEMO-04323,Male,No,Yes,No,39,Yes,Fiber optic,No internet service,No,Month-to-month,No,Electronic check,59.87,2181.75,Yes
DEMO-04324,Female,No,Yes,Yes,35,Yes,Fiber optic,Yes,No,Month-to-month,Yes,Credit card,50.22,1712.6,Yes
DEMO-04325,Female,No,Yes,No,36,Yes,DSL,Yes,No,Month-to-month,Yes,Electronic check,70.23,2577.38,No
DEMO-04326,Male,No,Yes,No,4,Yes,Fiber optic,Yes,No,Month-to-month,No,Mailed check,23.83,133.62,Yes
DEMO-04327,Male,No,No,No,21,Yes,DSL,No internet service,Yes,One year,No,Mailed check,128.6,2702.29,No
DEMO-04328,Female,No,No,No,20,Yes,Fiber optic,No internet service,No,Two year,Yes,Bank transfer,75.49,1448.64,No
DEMO-04329,Female,No,Yes,No,20,Yes,DSL,No,No,Two year,Yes,Bank transfer,93.67,1860.2,No
DEMO-04330,Male,No,No,No,48,Yes,No,No,No,Month-to-month,Yes,Bank transfer,60.46,3050.26,No
DEMO-04331,Male,Yes,Yes,Yes,11,No,Fiber optic,No internet service,No,Two year,Yes,Credit card,33.42,622.83,Yes
DEMO-04332,Female,No,No,No,4,Yes,DSL,No,No,Month-to-month,Yes,Mailed check,107.65,473.16,Yes
DEMO-04333,Male,No,No,No,19,Yes,Fiber optic,Yes,No,Month-to-month,Yes,Mailed check,43.9,936.62,Yes
DEMO-04334,Male,No,Yes,Yes,16,No,DSL,No internet service,No,Two year,No,Credit card,80.72,1218.78,Yes
DEMO-04335,Male,No,Yes,No,32,Yes,Fiber optic,Yes,No,Month-to-month,Yes,Electronic check,83.08,2793.89,Yes
DEMO-04336,Female,Yes,Yes,Yes,16,Yes,Fiber optic,No,No,Month-to-month,Yes,Credit card,73.85,1146.68,Yes
DEMO-04337,Male,No,No,No,25,No,DSL,No,Yes,Month-to-month,Yes,Credit card,52.39,1183.07,Yes
DEMO-04338,Female,No,No,No,23,Yes,DSL,No,No,Month-to-month,Yes,Credit card,68.26,1685.21,No
DEMO-04339,Male,No,Yes,No,71,Yes,DSL,No,No,Two year,No,Electronic check,48.25,3434.71,No
DEMO-04340,Male,No,No,Yes,16,Yes,Fiber optic,No internet service,Yes,Month-to-month,No,Bank transfer,92.23,1615.06,No
DEMO-04341,Male,No,Yes,Yes,46,Yes,Fiber optic,No,Yes,Month-to-month,No,Credit card,86.29,4051.98,No
DEMO-04342,Female,No,Yes,Yes,29,Yes,DSL,No,No,One year,Yes,Electronic check,71.46,1942.97,No
DEMO-04343,Female,No,No,No,59,No,DSL,No,Yes,Month-to-month,Yes,Bank transfer,57.79,3428.07,No
DEMO-04344,Male,No,No,No,72,Yes,No,Yes,Yes,One year,No,Electronic check,124.68,8887.28,No
DEMO-04345,Male,No,Yes,Yes,29,Yes,DSL,Yes,Yes,Two year,Yes,Electronic check,39.45,1270.43,Yes
DEMO-04346,Female,No,No,Yes,6,Yes,DSL,No,Yes,One year,Yes,Credit card,33.38,208.9,No
DEMO-04347,Female,No,No,Yes,12,Yes,Fiber optic,Yes,No,Two year,No,Credit card,69.95,773.57,Yes
DEMO-04348,Male,No,Yes,No,9,Yes,DSL,No internet service,No,Month-to-month,Yes,Electronic check,65.55,386.93,Yes
DEMO-04349,Male,No,No,No,21,Yes,No,No internet service,No,Two year,Yes,Electronic check,99.44,2204.86,No
DEMO-04350,Female,No,Yes,No,19,Yes,DSL,No internet service,Yes,Month-to-month,Yes,Bank transfer,88.15,1640.58,Yes
DEMO-04351,Male,Yes,Yes,Yes,36,Yes,No,Yes,No,Month-to-month,Yes,Electronic check,72.74,2592.46,Yes
DEMO-04352,Female,No,No,No,56,No,Fiber optic,No,Yes,One year,Yes,Bank transfer,84.51,4780.94,No
DEMO-04353,Female,No,No,No,6,Yes,DSL,No internet service,No,Month-to-month,Yes,Bank transfer,84.05,415.86,Yes
DEMO-04354,Female,Yes,No,Yes,31,No,Fiber optic,No,No,Two year,No,Mailed check,124.59,3710.47,No
DEMO-04355,Female,No,Yes,Yes,17,Yes,No,No,No,One year,Yes,Bank transfer,78.33,1350.91,No
DEMO-04356,Male,No,Yes,Yes,32,No,Fiber optic,Yes,No,Two year,Yes,Electronic check,54.97,1665.94,Yes
DEMO-04357,Male,No,No,No,22,Yes,DSL,No internet service,No,Month-to-month,Yes,Electronic check,76.96,1685.44,Yes
DEMO-04358,Female,No,No,No,50,Yes,No,No,No,Month-to-month,Yes,Credit card,20.0,913.46,Yes
DEMO-04359,Male,No,No,No,12,No,DSL,No internet service,No,One year,Yes,Electronic check,71.18,718.24,Yes
DEMO-04360,Female,Yes,No,No,18,Yes,DSL,Yes,No,Month-to-month,No,Electronic check,99.32,1623.62,Yes
DEMO-04361,Female,Yes,No,Yes,27,Yes,DSL,No,No,Month-to-month,Yes,Bank transfer,87.05,2360.45,No
DEMO-04362,Male,No,Yes,No,23,Yes,No,Yes,No,One year,No,Electronic check,79.46,1937.23,No
DEMO-04363,Male,Yes,Yes,No,27,Yes,DSL,Yes,No,Two year,No,Mailed check,88.23,2480.01,No
DEMO-04364,Male,No,No,Yes,7,Yes,DSL,No internet service,No,One year,Yes,Credit card,99.58,699.55,No
DEMO-04365,Male,No,No,No,72,Yes,No,Yes,No,Month-to-month,Yes,Electronic check,107.63,7891.84,No
DEMO-04366,Female,No,No,No,20,Yes,Fiber optic,No,No,Month-to-month,Yes,Mailed check,83.19,1610.24,Yes
DEMO-04367,Male,No,No,No,13,No,DSL,No,Yes,One year,No,Electronic check,64.1,915.18,Yes
DEMO-04368,Male,Yes,Yes,No,28,Yes,Fiber optic,No internet service,No,Month-to-month,No,Bank transfer,20.0,510.79,Yes
DEMO-04369,Male,No,Yes,No,31,Yes,DSL,No,No,Month-to-month,No,Mailed check,96.45,2917.36,No
DEMO-04370,Female,No,Yes,Yes,72,Yes,Fiber optic,No,No,Month-to-month,No,Credit card,84.88,6192.32,No
DEMO-04371,Female,No,Yes,Yes,62,Yes,DSL,No,No,Month-to-month,No,Electronic check,75.82,4744.1,Yes
DEMO-04372,Male,No,Yes,No,23,Yes,Fiber optic,No,No,Month-to-month,Yes,Credit card,54.8,1323.36,Yes
DEMO-04373,Male,Yes,Yes,No,72,Yes,Fiber optic,No internet service,No,Month-to-month,No,Credit card,96.13,6772.51,No
DEMO-04374,Male,No,No,No,72,No,DSL,Yes,No,One year,Yes,Credit card,65.57,4823.94,No
DEMO-04375,Male,No,Yes,Yes,13,Yes,DSL,Yes,No,Month-to-month,Yes,Bank transfer,71.14,992.54,No
DEMO-04376,Male,Yes,Yes,No,72,Yes,Fiber optic,No,Yes,One year,No,Electronic check,70.6,5042.92,No
DEMO-04377,Female,No,Yes,No,21,No,Fiber optic,No,No,Month-to-month,No,Mailed check,83.25,1806.55,Yes
DEMO-04378,Female,Yes,No,Yes,34,No,Fiber optic,No,Yes,Two year,Yes,Mailed check,43.28,1581.14,No
DEMO-04379,Male,No,Yes,Yes,70,Yes,Fiber optic,No,No,Month-to-month,Yes,Electronic check,86.06,5950.61,No
DEMO-04380,Female,Yes,No,No,6,Yes,No,No,No,Month-to-month,Yes,Mailed check,53.98,250.94,Yes
DEMO-04381,Female,No,Yes,Yes,27,No,No,No internet service,No,Month-to-month,Yes,Bank transfer,54.85,1452.1,No
DEMO-04382,Female,No,Yes,Yes,38,Yes,No,Yes,Yes,Month-to-month,Yes,Mailed check,94.13,3354.8,No
DEMO-04383,Male,No,Yes,Yes,61,Yes,Fiber optic,No internet service,No,Month-to-month,Yes,Credit card,47.12,2907.33,No
DEMO-04384,Male,No,No,No,30,Yes,DSL,No,No,Two year,Yes,Bank transfer,94.09,2913.78,No
DEMO-04385,Male,No,No,No,6,Yes,Fiber optic,No internet service,No,Two year,Yes,Mailed check,74.53,504.19,No
DEMO-04386,Male,No,No,Yes,72,Yes,DSL,No,Yes,Month-to-month,Yes,Mailed check,30.79,2264.8,No
DEMO-04387,Female,No,Yes,No,31,Yes,DSL,No internet service,No,Month-to-month,No,Bank transfer,106.11,3391.76,No
DEMO-04388,Female,No,No,Yes,39,Yes,DSL,No,No,One year,No,Mailed check,79.76,3100.62,No
DEMO-04389,Female,No,Yes,No,8,Yes,Fiber optic,No internet service,Yes,One year,Yes,Electronic check,81.85,497.63,Yes
DEMO-04390,Male,No,Yes,Yes,72,Yes,Fiber optic,No,No,Month-to-month,No,Bank transfer,97.18,7009.9,No
DEMO-04391,Male,Yes,No,No,21,Yes,Fiber optic,No,No,One year,Yes,Bank transfer,109.48,2429.22,Yes
DEMO-04392,Female,No,Yes,No,17,Yes,DSL,No,No,Month-to-month,Yes,Mailed check,77.03,1345.63,Yes
DEMO-04393,Male,No,No,No,64,Yes,No,No,No,One year,No,Electronic check,87.43,5558.33,No
DEMO-04394,Male,No,Yes,Yes,9,Yes,Fiber optic,No,No,Month-to-month,Yes,Electronic check,81.28,809.94,No
DEMO-04395,Male,No,Yes,No,39,Yes,DSL,No,No,Month-to-month,Yes,Mailed check,63.43,2512.38,No
DEMO-04396,Female,No,No,No,16,Yes,DSL,Yes,No,Month-to-month,No,Electronic check,32.41,496.98,Yes
DEMO-04397,Male,No,No,No,42,Yes,DSL,Yes,Yes,One year,Yes,Credit card,77.37,3261.45,No
DEMO-04398,Male,No,No,No,51,Yes,No,No,Yes,Month-to-month,No,Bank transfer,106.47,5398.23,Yes
DEMO-04399,Male,No,Yes,No,20,Yes,DSL,No internet service,No,One year,No,Electronic check,86.58,1793.08,No
DEMO-04400,Female,Yes,Yes,No,72,Yes,No,Yes,Yes,Two year,Yes,Credit card,45.31,3172.33,No
DEMO-04401,Female,No,No,Yes,31,No,DSL,No,Yes,One year,No,Bank transfer,99.44,3115.64,No
DEMO-04402,Male,No,No,Yes,72,Yes,Fiber optic,No,No,Month-to-month,No,Electronic check,64.26,4713.65,Yes
DEMO-04403,Female,No,No,No,65,Yes,DSL,No,Yes,Month-to-month,No,Credit card,20.0,1323.79,No
DEMO-04404,Female,Yes,No,No,33,Yes,Fiber optic,No,Yes,Month-to-month,Yes,Bank transfer,97.45,3240.78,Yes
DEMO-04405,Female,No,Yes,No,33,Yes,Fiber optic,No internet service,No,One year,Yes,Mailed check,48.37,1603.21,No
DEMO-04406,Male,No,No,No,10,Yes,DSL,No,Yes,Two year,Yes,Electronic check,116.52,1218.66,Yes
DEMO-04407,Male,No,No,No,64,Yes,No,No,No,Month-to-month,Yes,Credit card,100.69,6408.23,No
DEMO-04408,Female,No,Yes,No,19,Yes,Fiber optic,No internet service,Yes,Two year,Yes,Electronic check,66.31,1246.84,No
DEMO-04409,Female,No,No,No,36,Yes,DSL,No,No,Month-to-month,Yes,Mailed check,83.48,2915.18,No
DEMO-04410,Male,No,No,Yes,72,Yes,Fiber optic,Yes,No,Month-to-month,Yes,Credit card,132.6,9520.21,No
DEMO-04411,Male,No,Yes,Yes,71,Yes,DSL,Yes,No,Month-to-month,Yes,Credit card,97.0,6686.54,Yes
DEMO-04412,Male,Yes,Yes,No,14,Yes,No,No,Yes,One year,Yes,Bank transfer,77.96,1094.29,No
DEMO-04413,Female,No,Yes,No,31,Yes,Fiber optic,No,No,Month-to-month,Yes,Electronic check,144.23,4532.73,Yes
DEMO-04414,Male,No,Yes,Yes,39,Yes,DSL,No,Yes,Month-to-month,Yes,Electronic check,74.94,2915.96,No
DEMO-04415,Male,Yes,No,No,72,Yes,DSL,No internet service,No,One year,Yes,Credit card,86.55,6323.72,No
DEMO-04416,Female,No,No,No,70,Yes,DSL,No internet service,Yes,Month-to-month,Yes,Bank transfer,48.59,3534.84,No
DEMO-04417,Female,No,No,No,46,Yes,No,No internet service,Yes,Month-to-month,Yes,Credit card,30.13,1384.37,Yes
DEMO-04418,Male,No,No,No,43,Yes,DSL,No,Yes,Month-to-month,Yes,Electronic check,64.8,2686.75,No
DEMO-04419,Male,No,No,No,30,Yes,DSL,No,Yes,Month-to-month,Yes,Credit card,72.96,2297.95,Yes
DEMO-04420,Male,No,Yes,No,38,Yes,No,Yes,Yes,Month-to-month,Yes,Electronic check,80.23,3137.66,Yes
DEMO-04421,Female,No,Yes,No,25,Yes,DSL,No,Yes,Month-to-month,No,Electronic check,36.51,957.64,No
DEMO-04422,Female,Yes,Yes,No,54,Yes,DSL,No,No,One year,No,Credit card,88.52,4727.63,No
DEMO-04423,Male,No,No,No,45,Yes,Fiber optic,No internet service,No,Month-to-month,Yes,Mailed check,51.24,2343.59,Yes
DEMO-04424,Male,No,No,Yes,63,Yes,DSL,Yes,No,One year,No,Bank transfer,87.22,5463.72,No
DEMO-04425,Female,Yes,Yes,No,61,No,No,No,Yes,Month-to-month,No,Bank transfer,95.37,5744.2,No
DEMO-04426,Male,No,No,No,19,Yes,Fiber optic,No,Yes,Month-to-month,No,Credit card,62.11,1216.01,Yes
DEMO-04427,Male,No,Yes,Yes,3,Yes,DSL,Yes,No,Month-to-month,Yes,Electronic check,47.9,46.38,Yes
DEMO-04428,Female,No,No,Yes,17,Yes,Fiber optic,No internet service,Yes,Month-to-month,Yes,Electronic check,110.59,1955.62,No
DEMO-04429,Male,Yes,No,No,38,Yes,DSL,No internet service,No,Month-to-month,No,Bank transfer,93.82,3593.32,Yes
DEMO-04430,Male,No,Yes,No,25,Yes,Fiber optic,Yes,No,Month-to-month,Yes,Credit card,75.8,1883.85,No
DEMO-04431,Female,No,Yes,No,25,Yes,Fiber optic,Yes,No,Two year,No,Credit card,108.71,2713.59,No
DEMO-04432,Female,No,No,No,17,Yes,Fiber optic,No,No,Two year,Yes,Mailed check,74.08,1152.04,Yes
DEMO-04433,Female,No,No,No,42,Yes,Fiber optic,Yes,No,Month-to-month,Yes,Bank transfer,56.49,2271.26,No
DEMO-04434,Male,No,Yes,Yes,6,Yes,Fiber optic,No,No,One year,No,Mailed check,46.96,455.04,Yes
DEMO-04435,Female,No,Yes,No,46,Yes,DSL,No internet service,No,One year,Yes,Electronic check,69.31,3173.17,No
DEMO-04436,Female,No,Yes,No,46,Yes,No,No,Yes,Two year,No,Electronic check,91.29,4056.94,No
DEMO-04437,Male,No,No,Yes,62,Yes,DSL,No internet service,No,Month-to-month,Yes,Electronic check,106.74,6709.73,Yes
DEMO-04438,Female,No,Yes,No,72,Yes,No,Yes,Yes,Month-to-month,Yes,Electronic check,72.59,5124.05,No
DEMO-04439,Female,No,Yes,No,2,Yes,Fiber optic,Yes,Yes,Month-to-month,No,Electronic check,102.33,262.32,Yes
DEMO-04440,Male,No,No,No,45,Yes,DSL,No,No,Month-to-month,Yes,Electronic check,66.64,3146.22,No
DEMO-04441,Female,No,Yes,No,51,No,Fiber optic,No,Yes,Month-to-month,Yes,Credit card,52.46,2653.75,No
DEMO-04442,Male,No,No,No,17,Yes,No,No,No,Two year,Yes,Electronic check,39.34,784.55,Yes
DEMO-04443,Male,Yes,No,No,27,Yes,No,No,No,Two year,Yes,Credit card,59.34,1675.56,No
DEMO-04444,Male,No,No,Yes,21,Yes,Fiber optic,No internet service,Yes,Month-to-month,Yes,Credit card,40.28,1003.21,No
DEMO-04445,Male,No,No,Yes,47,Yes,Fiber optic,No,Yes,Month-to-month,Yes,Mailed check,122.24,5803.46,No
DEMO-04446,Female,No,No,Yes,66,Yes,Fiber optic,Yes,No,Month-to-month,Yes,Bank transfer,82.98,5423.81,Yes
DEMO-04447,Male,Yes,No,No,11,Yes,DSL,No,Yes,Month-to-month,Yes,Electronic check,69.61,557.41,Yes
DEMO-04448,Female,No,No,No,42,Yes,Fiber optic,No,Yes,Month-to-month,No,Electronic check,115.05,4752.89,Yes
DEMO-04449,Female,No,Yes,No,72,Yes,DSL,No,No,Month-to-month,Yes,Bank transfer,39.44,2789.46,No
DEMO-04450,Female,No,No,No,19,Yes,No,Yes,Yes,Two year,Yes,Bank transfer,68.57,1402.1,No
DEMO-04451,Male,No,No,No,2,Yes,Fiber optic,No,Yes,Two year,Yes,Mailed check,121.99,365.4,Yes
DEMO-04452,Male,No,No,No,15,Yes,Fiber optic,Yes,No,One year,Yes,Credit card,68.4,916.4,Yes
DEMO-04453,Male,Yes,Yes,No,13,Yes,Fiber optic,Yes,Yes,One year,Yes,Bank transfer,133.17,1853.5,No
DEMO-04454,Male,No,No,No,16,Yes,DSL,Yes,No,Month-to-month,No,Mailed check,91.64,1388.9,No
DEMO-04455,Female,No,Yes,Yes,72,No,DSL,No,No,Month-to-month,Yes,Electronic check,104.65,7451.46,No
DEMO-04456,Female,No,Yes,Yes,72,No,DSL,No,No,Month-to-month,No,Credit card,105.37,7448.28,No
DEMO-04457,Female,No,No,No,72,Yes,DSL,No,Yes,One year,Yes,Credit card,72.04,5220.66,No
DEMO-04458,Female,No,Yes,No,25,Yes,DSL,Yes,No,Month-to-month,Yes,Bank transfer,59.79,1436.18,Yes
DEMO-04459,Male,Yes,Yes,No,72,Yes,Fiber optic,Yes,No,Two year,Yes,Credit card,69.11,5107.22,No
DEMO-04460,Male,No,Yes,No,3,Yes,Fiber optic,No,No,Month-to-month,No,Mailed check,47.33,51.18,Yes
DEMO-04461,Female,No,Yes,No,13,Yes,Fiber optic,No,No,Month-to-month,Yes,Electronic check,70.35,987.77,Yes
DEMO-04462,Female,No,Yes,No,55,Yes,No,No,No,Month-to-month,Yes,Credit card,71.89,3832.72,Yes
DEMO-04463,Female,No,Yes,No,20,Yes,No,No,Yes,Two year,Yes,Bank transfer,114.23,2387.79,No
DEMO-04464,Male,No,No,Yes,11,No,DSL,No internet service,No,Month-to-month,Yes,Bank transfer,86.83,966.84,Yes
DEMO-04465,Male,Yes,No,Yes,41,Yes,Fiber optic,No internet service,No,Month-to-month,Yes,Bank transfer,131.07,5403.17,Yes
DEMO-04466,Female,No,Yes,Yes,42,Yes,No,No,No,Month-to-month,No,Mailed check,20.0,804.16,No
DEMO-04467,Female,No,No,No,45,Yes,DSL,Yes,No,One year,Yes,Electronic check,41.57,1829.14,No
DEMO-04468,Male,No,Yes,No,48,No,Fiber optic,No internet service,No,Two year,No,Bank transfer,63.12,3079.44,Yes
DEMO-04469,Female,No,No,No,40,Yes,No,No,No,Month-to-month,Yes,Electronic check,109.31,4553.25,Yes
DEMO-04470,Male,Yes,No,No,29,Yes,Fiber optic,No,No,Two year,Yes,Electronic check,69.26,1903.57,No
DEMO-04471,Male,No,No,No,33,Yes,No,No internet service,Yes,Month-to-month,No,Electronic check,35.3,1130.84,Yes
DEMO-04472,Female,Yes,Yes,No,55,Yes,No,Yes,No,One year,Yes,Mailed check,65.87,3561.59,No
DEMO-04473,Male,No,No,No,39,Yes,DSL,No,No,Month-to-month,Yes,Credit card,42.06,1489.16,No
DEMO-04474,Male,No,Yes,Yes,22,Yes,Fiber optic,No,Yes,Month-to-month,Yes,Electronic check,37.16,665.09,No
DEMO-04475,Male,No,Yes,Yes,17,Yes,No,No,No,One year,Yes,Mailed check,121.97,2000.24,No
DEMO-04476,Female,No,No,No,33,Yes,DSL,Yes,No,Month-to-month,No,Bank transfer,63.21,2046.34,No
DEMO-04477,Male,No,No,Yes,72,Yes,DSL,Yes,No,Month-to-month,Yes,Credit card,76.33,5637.37,No
DEMO-04478,Male,No,No,No,49,Yes,DSL,No,Yes,Two year,Yes,Bank transfer,69.68,3513.25,Yes
DEMO-04479,Female,No,Yes,No,72,Yes,Fiber optic,No internet service,No,Two year,Yes,Credit card,65.71,4649.08,No
DEMO-04480,Male,No,Yes,No,25,Yes,Fiber optic,No internet service,Yes,Month-to-month,No,Bank transfer,50.98,1351.78,No
DEMO-04481,Male,No,No,No,37,Yes,No,No,Yes,One year,No,Bank transfer,64.23,2296.58,No
DEMO-04482,Female,No,No,Yes,41,Yes,DSL,No,Yes,Two year,Yes,Mailed check,80.43,3288.85,Yes
DEMO-04483,Male,No,No,No,57,Yes,Fiber optic,Yes,No,Month-to-month,No,Electronic check,107.47,6158.17,No
DEMO-04484,Female,No,Yes,No,25,Yes,DSL,No,No,Two year,Yes,Mailed check,95.69,2603.25,No
DEMO-04485,Female,No,No,No,49,Yes,No,No,No,Month-to-month,Yes,Credit card,41.52,2061.36,Yes
DEMO-04486,Female,No,Yes,No,72,Yes,Fiber optic,No,No,One year,No,Bank transfer,96.71,6815.32,No
DEMO-04487,Female,No,No,No,30,Yes,Fiber optic,Yes,No,Month-to-month,Yes,Credit card,83.89,2591.12,Yes
DEMO-04488,Female,No,Yes,No,15,Yes,DSL,No,No,Month-to-month,No,Bank transfer,56.38,959.42,No
DEMO-04489,Female,No,No,No,72,Yes,DSL,No,No,Month-to-month,Yes,Bank transfer,76.55,5600.46,No
DEMO-04490,Female,No,Yes,No,52,Yes,DSL,No,Yes,Month-to-month,No,Electronic check,86.31,4388.7,No
DEMO-04491,Male,No,No,No,9,Yes,No,Yes,No,Two year,Yes,Electronic check,73.18,671.05,Yes
DEMO-04492,Female,Yes,Yes,No,30,Yes,DSL,No,Yes,Two year,Yes,Bank transfer,84.01,2518.51,No
DEMO-04493,Male,No,Yes,No,72,No,No,Yes,No,Month-to-month,Yes,Electronic check,50.43,3807.91,Yes
DEMO-04494,Male,No,No,No,46,Yes,DSL,No,No,Month-to-month,No,Credit card,121.82,5665.39,No
DEMO-04495,Female,No,Yes,Yes,33,Yes,Fiber optic,Yes,No,Month-to-month,No,Electronic check,23.77,956.08,No
DEMO-04496,Female,No,No,No,14,Yes,DSL,No,No,Month-to-month,No,Electronic check,86.45,1139.36,No
DEMO-04497,Male,No,No,No,14,No,DSL,Yes,Yes,Month-to-month,Yes,Bank transfer,81.17,1114.71,No
DEMO-04498,Male,No,No,Yes,55,Yes,Fiber optic,Yes,Yes,Two year,Yes,Electronic check,88.07,4790.09,No
DEMO-04499,Male,No,No,Yes,15,Yes,Fiber optic,No internet service,Yes,One year,No,Bank transfer,54.29,912.22,Yes
DEMO-04500,Male,No,Yes,No,41,Yes,Fiber optic,No,No,Month-to-month,Yes,Electronic check,101.23,4264.39,Yes
DEMO-04501,Male,No,No,No,30,No,Fiber optic,No,No,Month-to-month,Yes,Electronic check,69.3,2118.08,Yes
DEMO-04502,Male,No,No,Yes,39,Yes,DSL,Yes,Yes,One year,Yes,Bank transfer,42.34,1660.74,Yes
DEMO-04503,Female,No,Yes,Yes,28,No,Fiber optic,No,No,Month-to-month,No,Mailed check,44.63,1291.42,Yes
DEMO-04504,Male,No,Yes,No,45,Yes,Fiber optic,No,Yes,Month-to-month,Yes,Bank transfer,75.12,3242.15,No
DEMO-04505,Female,No,No,Yes,61,Yes,DSL,No,No,Month-to-month,Yes,Electronic check,32.09,1916.37,No
DEMO-04506,Male,No,No,Yes,28,Yes,Fiber optic,No internet service,No,Month-to-month,No,Bank transfer,117.01,3243.2,Yes
DEMO-04507,Male,Yes,No,No,58,Yes,DSL,Yes,Yes,Month-to-month,Yes,Mailed check,98.22,5695.4,No
DEMO-04508,Male,No,No,No,72,Yes,DSL,No,Yes,One year,Yes,Electronic check,117.67,8407.04,No
DEMO-04509,Female,No,Yes,No,41,Yes,DSL,Yes,No,Month-to-month,Yes,Bank transfer,115.04,4631.71,Yes
DEMO-04510,Female,No,Yes,No,54,Yes,Fiber optic,No,No,One year,No,Bank transfer,63.2,3253.0,No
DEMO-04511,Female,No,No,No,11,No,DSL,Yes,Yes,Month-to-month,No,Credit card,50.27,596.18,No
DEMO-04512,Female,No,Yes,Yes,29,Yes,No,No,No,Two year,No,Credit card,20.0,442.83,No
DEMO-04513,Female,No,No,No,8,Yes,Fiber optic,No,Yes,Month-to-month,No,Bank transfer,61.84,594.67,No
DEMO-04514,Female,Yes,Yes,No,21,Yes,DSL,No internet service,No,Month-to-month,Yes,Electronic check,116.14,2471.33,Yes
DEMO-04515,Female,No,Yes,No,29,Yes,Fiber optic,Yes,No,Month-to-month,No,Bank transfer,51.3,1576.34,Yes
DEMO-04516,Female,Yes,No,No,72,Yes,DSL,No,No,Month-to-month,No,Bank transfer,66.75,4716.82,No
DEMO-04517,Female,Yes,Yes,No,17,Yes,DSL,No,No,Month-to-month,Yes,Credit card,58.14,1174.76,Yes
DEMO-04518,Female,No,No,Yes,32,Yes,No,No,No,One year,Yes,Bank transfer,81.37,2825.81,Yes
DEMO-04519,Female,No,No,No,15,Yes,Fiber optic,Yes,No,Month-to-month,Yes,Electronic check,104.15,1565.25,Yes
DEMO-04520,Female,No,Yes,No,27,Yes,DSL,No,Yes,Month-to-month,No,Credit card,33.52,944.38,Yes
DEMO-04521,Female,No,No,No,45,Yes,No,No,No,Month-to-month,Yes,Credit card,38.31,1722.67,Yes
DEMO-04522,Male,No,No,No,50,Yes,No,No internet service,Yes,One year,Yes,Electronic check,109.17,5559.23,No
DEMO-04523,Male,No,No,Yes,25,Yes,Fiber optic,No,No,Two year,No,Bank transfer,90.33,2337.52,No
DEMO-04524,Male,No,Yes,No,20,Yes,Fiber optic,No,No,One year,Yes,Bank transfer,65.52,1132.86,No
DEMO-04525,Female,Yes,No,No,72,Yes,Fiber optic,No,Yes,Month-to-month,Yes,Bank transfer,114.68,8174.3,No
DEMO-04526,Male,No,No,No,23,Yes,Fiber optic,Yes,No,One year,Yes,Credit card,37.87,910.29,Yes
DEMO-04527,Male,Yes,Yes,No,4,No,Fiber optic,No internet service,No,One year,No,Electronic check,95.28,458.49,Yes
DEMO-04528,Male,No,Yes,No,72,No,No,No,No,Month-to-month,No,Electronic check,70.29,5075.82,Yes
DEMO-04529,Female,No,No,No,5,Yes,Fiber optic,No,Yes,Month-to-month,No,Electronic check,87.16,266.13,Yes
DEMO-04530,Male,No,Yes,No,72,No,DSL,No internet service,No,One year,Yes,Credit card,20.0,1495.66,No
DEMO-04531,Male,No,No,Yes,8,No,DSL,Yes,No,Month-to-month,Yes,Electronic check,65.48,706.32,Yes
DEMO-04532,Male,No,No,Yes,10,Yes,Fiber optic,No,No,One year,Yes,Bank transfer,90.42,674.59,Yes
DEMO-04533,Male,Yes,No,Yes,12,Yes,DSL,Yes,No,Month-to-month,No,Credit card,70.42,938.97,No
DEMO-04534,Female,No,No,No,22,Yes,DSL,No,No,Month-to-month,Yes,Credit card,103.38,2457.57,Yes
DEMO-04535,Male,Yes,No,No,72,Yes,Fiber optic,No,Yes,Month-to-month,Yes,Electronic check,102.55,7477.96,No
DEMO-04536,Female,Yes,No,No,13,Yes,No,No,Yes,One year,Yes,Electronic check,48.04,616.45,Yes
DEMO-04537,Male,No,No,No,45,Yes,DSL,No,No,Two year,No,Credit card,92.6,4256.69,No
DEMO-04538,Female,No,No,Yes,38,Yes,DSL,No,No,Month-to-month,Yes,Bank transfer,47.18,1784.18,Yes
DEMO-04539,Female,Yes,No,No,34,Yes,No,No,No,Month-to-month,Yes,Electronic check,73.35,2548.1,Yes
DEMO-04540,Male,Yes,Yes,Yes,64,Yes,Fiber optic,No internet service,No,Month-to-month,Yes,Electronic check,88.4,5665.93,No
DEMO-04541,Male,No,Yes,No,36,Yes,Fiber optic,Yes,Yes,Month-to-month,No,Credit card,51.12,1851.45,No
DEMO-04542,Female,No,No,No,38,Yes,Fiber optic,No,Yes,Two year,Yes,Credit card,91.67,3407.27,No
DEMO-04543,Female,No,Yes,Yes,53,Yes,Fiber optic,No,No,Month-to-month,No,Bank transfer,59.37,3100.28,No
DEMO-04544,Female,No,Yes,No,22,Yes,DSL,No,Yes,Month-to-month,Yes,Mailed check,57.48,1427.03,Yes
DEMO-04545,Female,No,No,No,32,Yes,Fiber optic,No,Yes,Month-to-month,No,Bank transfer,89.67,2807.46,No
DEMO-04546,Female,Yes,Yes,Yes,40,Yes,Fiber optic,No internet service,Yes,Two year,No,Electronic check,51.1,1848.42,No
DEMO-04547,Female,No,Yes,No,60,Yes,DSL,Yes,No,Month-to-month,Yes,Credit card,49.83,3341.34,No
DEMO-04548,Female,No,Yes,Yes,29,Yes,DSL,No,Yes,One year,Yes,Electronic check,98.03,2799.21,No
DEMO-04549,Female,No,No,No,31,Yes,Fiber optic,Yes,No,Month-to-month,No,Electronic check,74.71,2289.16,No
DEMO-04550,Female,No,Yes,Yes,44,Yes,Fiber optic,Yes,No,Month-to-month,No,Electronic check,35.65,1528.39,Yes
DEMO-04551,Female,Yes,No,No,29,Yes,Fiber optic,Yes,Yes,One year,Yes,Electronic check,93.39,2709.9,No
DEMO-04552,Female,Yes,No,Yes,18,Yes,Fiber optic,No internet service,No,Month-to-month,Yes,Mailed check,61.83,1037.03,Yes
DEMO-04553,Male,No,No,No,53,Yes,Fiber optic,No internet service,No,One year,No,Bank transfer,36.92,2105.7,No
DEMO-04554,Female,No,Yes,Yes,36,Yes,DSL,No,No,Month-to-month,No,Mailed check,20.0,700.04,Yes
DEMO-04555,Male,No,Yes,No,24,Yes,No,No,No,One year,Yes,Bank transfer,94.59,2165.61,No
DEMO-04556,Male,No,No,No,12,Yes,No,Yes,Yes,One year,Yes,Electronic check,50.5,319.13,Yes
DEMO-04557,Female,No,Yes,Yes,5,Yes,DSL,No,Yes,One year,No,Mailed check,40.9,313.99,No
DEMO-04558,Female,Yes,Yes,Yes,46,Yes,Fiber optic,No internet service,No,Month-to-month,Yes,Mailed check,87.99,4003.47,Yes
DEMO-04559,Male,Yes,No,Yes,17,Yes,DSL,No internet service,No,One year,Yes,Bank transfer,92.14,1603.95,No
DEMO-04560,Female,No,No,No,7,Yes,No,No,No,Two year,No,Electronic check,52.32,273.34,Yes
DEMO-04561,Male,No,Yes,No,16,Yes,Fiber optic,No,No,Month-to-month,No,Credit card,94.82,1526.5,No
DEMO-04562,Female,Yes,Yes,No,40,Yes,Fiber optic,No,No,Month-to-month,Yes,Electronic check,123.37,4932.07,Yes
DEMO-04563,Male,No,No,No,17,Yes,No,Yes,No,Two year,No,Electronic check,105.67,1888.48,No
DEMO-04564,Female,Yes,Yes,Yes,41,Yes,Fiber optic,Yes,No,Month-to-month,Yes,Electronic check,101.78,4189.53,Yes
DEMO-04565,Female,No,Yes,No,20,Yes,DSL,Yes,Yes,One year,Yes,Bank transfer,79.85,1484.71,No
DEMO-04566,Female,No,Yes,No,32,Yes,Fiber optic,No,Yes,One year,Yes,Electronic check,60.91,2189.36,No
DEMO-04567,Male,Yes,No,Yes,34,Yes,Fiber optic,Yes,No,Month-to-month,No,Electronic check,70.6,2443.86,Yes
DEMO-04568,Female,No,No,No,51,Yes,DSL,No,Yes,Month-to-month,Yes,Mailed check,83.02,4139.53,No
DEMO-04569,Female,No,No,Yes,52,Yes,Fiber optic,No,No,One year,Yes,Mailed check,40.56,2128.03,No
DEMO-04570,Male,No,Yes,No,32,Yes,Fiber optic,No,No,Month-to-month,Yes,Electronic check,52.77,1727.75,Yes
DEMO-04571,Male,No,No,No,14,Yes,Fiber optic,No internet service,Yes,Two year,Yes,Bank transfer,36.31,556.75,Yes
DEMO-04572,Female,Yes,Yes,No,69,Yes,No,No internet service,No,Month-to-month,Yes,Bank transfer,77.88,5410.05,No
DEMO-04573,Female,No,No,No,23,Yes,Fiber optic,Yes,No,Month-to-month,Yes,Electronic check,74.08,1728.37,Yes
DEMO-04574,Female,No,No,No,2,Yes,Fiber optic,No internet service,No,Two year,No,Electronic check,55.68,203.13,Yes
DEMO-04575,Male,No,Yes,No,39,Yes,Fiber optic,No internet service,Yes,Month-to-month,Yes,Mailed check,92.51,3680.68,Yes
DEMO-04576,Male,Yes,Yes,No,40,Yes,DSL,No,No,Two year,No,Credit card,45.88,1909.85,No
DEMO-04577,Female,No,No,No,24,Yes,DSL,No,No,Month-to-month,No,Credit card,54.75,1136.34,No
DEMO-04578,Male,No,No,No,8,Yes,No,Yes,No,Month-to-month,Yes,Electronic check,91.51,558.65,Yes
DEMO-04579,Female,No,Yes,Yes,6,Yes,Fiber optic,Yes,No,Month-to-month,Yes,Credit card,95.22,492.0,Yes
DEMO-04580,Male,No,Yes,No,25,Yes,Fiber optic,No internet service,Yes,One year,Yes,Mailed check,52.11,1277.91,Yes
DEMO-04581,Male,No,No,No,13,Yes,DSL,No internet service,Yes,Two year,Yes,Mailed check,77.8,935.41,No
DEMO-04582,Male,No,No,No,60,Yes,DSL,No,No,Two year,Yes,Credit card,52.53,3050.22,No
DEMO-04583,Male,No,Yes,Yes,25,Yes,DSL,Yes,No,Two year,Yes,Bank transfer,67.07,1700.64,No
DEMO-04584,Male,No,No,No,22,Yes,Fiber optic,Yes,No,One year,No,Bank transfer,75.6,1575.92,No
DEMO-04585,Female,No,Yes,No,72,Yes,Fiber optic,No,No,One year,No,Bank transfer,86.01,5952.37,No
DEMO-04586,Female,No,Yes,Yes,3,Yes,DSL,Yes,Yes,Month-to-month,No,Credit card,79.94,104.0,Yes
DEMO-04587,Female,No,No,Yes,31,Yes,Fiber optic,No,Yes,Two year,No,Electronic check,78.83,2382.76,No
DEMO-04588,Female,No,No,No,5,Yes,No,Yes,Yes,One year,Yes,Mailed check,45.04,199.37,Yes
DEMO-04589,Male,No,Yes,No,72,Yes,No,No internet service,Yes,Two year,Yes,Mailed check,81.71,5972.99,No
DEMO-04590,Male,No,No,No,7,Yes,No,Yes,Yes,Month-to-month,No,Credit card,85.78,643.91,No
DEMO-04591,Female,Yes,Yes,Yes,42,Yes,Fiber optic,No,No,Month-to-month,No,Electronic check,89.22,3546.72,No
DEMO-04592,Female,No,No,Yes,37,Yes,Fiber optic,Yes,No,One year,No,Electronic check,54.01,2143.63,No
DEMO-04593,Male,No,No,No,5,Yes,Fiber optic,No,No,Month-to-month,Yes,Mailed check,94.89,454.52,Yes
DEMO-04594,Female,No,No,No,42,Yes,DSL,No,No,Month-to-month,No,Electronic check,39.07,1647.86,No
DEMO-04595,Female,No,Yes,Yes,20,Yes,No,No,Yes,Two year,No,Bank transfer,61.23,1236.72,No
DEMO-04596,Female,No,No,No,48,Yes,Fiber optic,No internet service,No,Month-to-month,Yes,Mailed check,65.11,3040.01,No
DEMO-04597,Female,Yes,No,Yes,19,Yes,Fiber optic,No internet service,Yes,Month-to-month,Yes,Credit card,40.44,824.7,No
DEMO-04598,Female,No,No,No,42,Yes,DSL,No,Yes,Month-to-month,No,Bank transfer,64.73,2523.83,No
DEMO-04599,Female,No,Yes,No,29,Yes,DSL,No internet service,Yes,Month-to-month,No,Mailed check,77.54,2382.67,Yes
DEMO-04600,Male,Yes,Yes,Yes,42,Yes,No,Yes,Yes,One year,Yes,Credit card,26.36,1125.87,No
DEMO-04601,Male,No,Yes,No,47,Yes,DSL,No,No,Two year,Yes,Electronic check,62.13,2956.43,No
DEMO-04602,Female,No,No,No,27,Yes,DSL,Yes,No,Two year,No,Bank transfer,28.29,816.49,No
DEMO-04603,Male,No,Yes,No,23,Yes,Fiber optic,No,No,One year,Yes,Bank transfer,123.04,2785.78,No
DEMO-04604,Male,No,Yes,No,46,Yes,Fiber optic,No internet service,No,One year,Yes,Electronic check,77.31,3683.38,No
DEMO-04605,Male,No,No,No,21,Yes,DSL,No,No,Month-to-month,Yes,Electronic check,75.15,1505.63,No
DEMO-04606,Female,No,Yes,No,27,No,DSL,Yes,No,Two year,Yes,Bank transfer,77.8,2000.54,No
DEMO-04607,Male,No,No,Yes,72,Yes,Fiber optic,Yes,No,Month-to-month,Yes,Mailed check,87.11,6286.82,No
DEMO-04608,Female,No,No,No,32,Yes,No,No internet service,No,Month-to-month,Yes,Bank transfer,96.45,2948.62,No
DEMO-04609,Male,No,Yes,No,52,Yes,Fiber optic,No internet service,Yes,Two year,Yes,Electronic check,32.91,1654.69,No
DEMO-04610,Female,No,No,Yes,18,Yes,Fiber optic,No,No,Two year,No,Electronic check,104.75,1911.58,No
DEMO-04611,Male,No,Yes,No,41,Yes,DSL,No,No,Month-to-month,No,Credit card,103.15,4302.66,No
DEMO-04612,Female,No,No,No,28,Yes,Fiber optic,Yes,Yes,One year,No,Electronic check,70.34,1965.78,Yes
DEMO-04613,Male,Yes,No,No,24,No,Fiber optic,Yes,No,Month-to-month,Yes,Credit card,69.03,1566.29,Yes
DEMO-04614,Female,No,Yes,No,5,Yes,No,No,No,Month-to-month,No,Bank transfer,20.0,66.28,Yes
DEMO-04615,Male,No,No,Yes,13,Yes,Fiber optic,No,No,Month-to-month,No,Bank transfer,40.9,464.89,Yes
DEMO-04616,Male,No,No,No,72,Yes,DSL,Yes,Yes,Month-to-month,Yes,Electronic check,84.97,6108.07,Yes
DEMO-04617,Male,No,Yes,No,29,Yes,DSL,No,Yes,Month-to-month,No,Credit card,102.02,2896.55,No
DEMO-04618,Male,No,No,No,32,Yes,No,Yes,Yes,Month-to-month,Yes,Credit card,90.22,2789.31,Yes
DEMO-04619,Female,No,No,No,59,Yes,DSL,Yes,No,Month-to-month,Yes,Bank transfer,70.11,4026.31,No
DEMO-04620,Female,Yes,Yes,No,39,Yes,Fiber optic,No,No,Month-to-month,Yes,Bank transfer,120.15,4502.02,Yes
DEMO-04621,Male,No,No,Yes,24,Yes,Fiber optic,No,No,Two year,Yes,Mailed check,97.13,2439.25,Yes
DEMO-04622,Male,No,No,No,24,Yes,DSL,Yes,No,One year,No,Electronic check,62.15,1563.18,No
DEMO-04623,Female,No,No,Yes,12,Yes,Fiber optic,No,Yes,Two year,Yes,Credit card,126.55,1395.75,No
DEMO-04624,Male,Yes,Yes,No,44,Yes,Fiber optic,Yes,Yes,Month-to-month,No,Electronic check,44.6,2027.48,Yes
DEMO-04625,Female,No,Yes,No,45,Yes,No,Yes,No,One year,No,Mailed check,35.2,1588.24,No
DEMO-04626,Male,No,Yes,No,32,No,DSL,No internet service,Yes,Two year,Yes,Mailed check,61.47,1837.84,No
DEMO-04627,Male,No,Yes,Yes,28,Yes,DSL,Yes,No,Month-to-month,No,Credit card,53.03,1379.79,No
DEMO-04628,Female,No,Yes,No,45,Yes,DSL,No,No,Month-to-month,Yes,Bank transfer,62.88,2814.7,No
DEMO-04629,Male,No,Yes,Yes,12,Yes,DSL,Yes,No,Month-to-month,Yes,Bank transfer,91.95,1177.52,Yes
DEMO-04630,Female,No,Yes,Yes,40,Yes,Fiber optic,No,No,Month-to-month,Yes,Electronic check,71.15,2905.41,No
DEMO-04631,Female,No,No,No,72,No,Fiber optic,Yes,Yes,Month-to-month,No,Electronic check,71.79,5115.01,No
DEMO-04632,Male,No,Yes,Yes,19,No,DSL,Yes,No,Month-to-month,No,Electronic check,73.47,1441.86,Yes
DEMO-04633,Male,No,Yes,No,26,Yes,No,No,No,Month-to-month,No,Credit card,20.0,503.73,Yes
DEMO-04634,Male,Yes,No,No,72,Yes,DSL,No internet service,Yes,One year,Yes,Electronic check,34.12,2383.15,No
DEMO-04635,Female,No,Yes,Yes,32,Yes,Fiber optic,Yes,No,Month-to-month,No,Credit card,62.37,2091.89,No
DEMO-04636,Female,No,Yes,No,55,Yes,No,No,No,Month-to-month,No,Electronic check,50.93,2816.73,Yes
DEMO-04637,Male,No,Yes,No,42,Yes,Fiber optic,No,Yes,One year,No,Credit card,66.21,2831.9,Yes
DEMO-04638,Male,No,Yes,No,44,Yes,DSL,No,Yes,Month-to-month,No,Bank transfer,107.1,4602.63,No
DEMO-04639,Male,No,No,No,18,Yes,No,No internet service,Yes,Month-to-month,Yes,Credit card,70.14,1210.55,No
DEMO-04640,Female,No,Yes,No,17,No,Fiber optic,No,Yes,Month-to-month,No,Bank transfer,38.95,744.16,No
DEMO-04641,Female,No,Yes,No,50,Yes,DSL,No internet service,Yes,Month-to-month,No,Credit card,52.17,2580.43,Yes
DEMO-04642,Male,No,Yes,No,9,Yes,DSL,No internet service,Yes,Month-to-month,Yes,Bank transfer,114.76,1010.55,No
DEMO-04643,Female,No,Yes,No,27,Yes,No,No internet service,No,Month-to-month,No,Electronic check,110.31,2872.26,Yes
DEMO-04644,Female,No,No,No,45,Yes,DSL,Yes,No,Month-to-month,Yes,Credit card,86.9,3930.19,Yes
DEMO-04645,Female,No,Yes,No,26,Yes,No,No,Yes,Two year,No,Bank transfer,32.94,748.52,No
DEMO-04646,Female,No,No,No,28,Yes,DSL,No,No,Two year,Yes,Electronic check,79.67,2267.34,No
DEMO-04647,Female,No,Yes,Yes,57,Yes,DSL,Yes,Yes,Month-to-month,No,Electronic check,81.59,4551.34,No
DEMO-04648,Male,Yes,No,No,72,Yes,No,No,No,Month-to-month,Yes,Bank transfer,72.64,5209.14,No
DEMO-04649,Female,Yes,No,No,72,No,No,No,Yes,Month-to-month,No,Credit card,57.75,4315.5,No
DEMO-04650,Male,Yes,No,No,72,Yes,DSL,No,Yes,Two year,Yes,Credit card,62.93,4567.54,No
DEMO-04651,Male,Yes,No,Yes,22,Yes,DSL,No,No,Two year,Yes,Electronic check,56.01,1197.57,Yes
DEMO-04652,Female,No,No,No,15,No,Fiber optic,Yes,No,Month-to-month,Yes,Bank transfer,43.37,736.23,Yes
DEMO-04653,Male,No,No,No,22,Yes,Fiber optic,No,No,Month-to-month,Yes,Electronic check,106.15,2262.95,Yes
DEMO-04654,Female,No,Yes,Yes,46,Yes,Fiber optic,No internet service,No,Month-to-month,No,Electronic check,94.06,4228.14,No
DEMO-04655,Male,No,No,No,24,No,DSL,No internet service,No,Two year,Yes,Credit card,64.88,1520.65,Yes
DEMO-04656,Female,Yes,Yes,Yes,18,Yes,No,Yes,Yes,Two year,Yes,Electronic check,80.8,1564.27,No
DEMO-04657,Female,Yes,Yes,No,72,No,DSL,Yes,No,Month-to-month,No,Mailed check,81.74,5989.53,No
DEMO-04658,Female,Yes,Yes,Yes,23,Yes,DSL,Yes,No,One year,Yes,Electronic check,130.57,2953.44,No
DEMO-04659,Male,No,Yes,No,43,Yes,DSL,No,No,Month-to-month,Yes,Electronic check,93.81,4005.44,Yes
DEMO-04660,Male,No,No,No,43,Yes,DSL,Yes,No,One year,Yes,Electronic check,92.87,4035.44,No
DEMO-04661,Female,No,No,No,5,Yes,Fiber optic,No,Yes,Two year,No,Electronic check,72.95,607.57,Yes
DEMO-04662,Female,Yes,No,Yes,72,Yes,DSL,No internet service,No,Month-to-month,Yes,Mailed check,61.14,4378.32,Yes
DEMO-04663,Male,No,Yes,No,11,Yes,Fiber optic,No,No,Month-to-month,Yes,Credit card,106.57,1310.52,Yes
DEMO-04664,Male,No,Yes,Yes,8,Yes,Fiber optic,No,Yes,One year,Yes,Electronic check,88.31,731.43,No
DEMO-04665,Male,No,Yes,Yes,21,Yes,DSL,No,No,Month-to-month,No,Credit card,51.26,1161.79,No
DEMO-04666,Male,No,No,No,15,Yes,No,Yes,Yes,Two year,Yes,Bank transfer,83.35,1351.61,No
DEMO-04667,Male,Yes,Yes,No,72,Yes,Fiber optic,No,No,Month-to-month,No,Electronic check,92.93,6708.56,Yes
DEMO-04668,Female,No,Yes,No,38,Yes,DSL,No,No,Two year,Yes,Electronic check,20.0,757.17,No
DEMO-04669,Female,No,Yes,No,20,Yes,DSL,Yes,Yes,Month-to-month,No,Electronic check,48.94,958.08,No
DEMO-04670,Female,No,No,No,8,Yes,Fiber optic,No,No,Month-to-month,Yes,Credit card,81.07,683.62,Yes
DEMO-04671,Female,No,Yes,Yes,42,Yes,Fiber optic,No,Yes,Month-to-month,No,Bank transfer,23.89,1122.16,Yes
DEMO-04672,Male,No,No,No,25,Yes,Fiber optic,No internet service,Yes,Month-to-month,Yes,Electronic check,27.85,828.52,Yes
DEMO-04673,Male,No,No,No,46,No,Fiber optic,Yes,No,Month-to-month,Yes,Electronic check,65.24,3122.1,Yes
DEMO-04674,Female,No,Yes,No,38,Yes,DSL,Yes,No,One year,Yes,Electronic check,84.29,3156.43,No
DEMO-04675,Female,No,Yes,No,16,Yes,No,Yes,No,Month-to-month,Yes,Bank transfer,85.44,1310.22,No
DEMO-04676,Male,No,Yes,No,50,Yes,DSL,Yes,No,Month-to-month,Yes,Electronic check,111.56,5495.19,Yes
DEMO-04677,Male,No,No,No,10,No,DSL,No,No,Month-to-month,Yes,Bank transfer,74.06,756.0,Yes
DEMO-04678,Female,No,Yes,Yes,24,Yes,Fiber optic,Yes,Yes,Month-to-month,Yes,Bank transfer,62.68,1597.61,Yes
DEMO-04679,Female,No,Yes,No,27,Yes,DSL,Yes,No,Two year,Yes,Bank transfer,39.32,1005.14,No
DEMO-04680,Female,No,Yes,No,30,No,Fiber optic,No internet service,Yes,Two year,Yes,Electronic check,62.38,1853.1,No
DEMO-04681,Male,No,Yes,No,9,Yes,DSL,Yes,No,Month-to-month,Yes,Mailed check,89.69,871.88,No
DEMO-04682,Male,No,No,No,70,Yes,Fiber optic,No,No,One year,Yes,Mailed check,90.82,6325.28,No
DEMO-04683,Male,Yes,No,Yes,16,Yes,Fiber optic,No,Yes,One year,No,Credit card,78.62,1238.88,No
DEMO-04684,Male,No,Yes,Yes,6,Yes,Fiber optic,No,No,Two year,Yes,Mailed check,85.68,625.51,Yes
DEMO-04685,Male,No,Yes,Yes,39,Yes,Fiber optic,No internet service,No,Month-to-month,No,Mailed check,103.91,4054.86,Yes
DEMO-04686,Female,No,No,No,72,Yes,DSL,No,Yes,Month-to-month,Yes,Electronic check,73.88,5247.33,No
DEMO-04687,Female,No,No,No,5,Yes,No,No,No,Month-to-month,Yes,Bank transfer,106.18,540.53,No
DEMO-04688,Female,No,Yes,Yes,13,Yes,Fiber optic,No,No,Two year,No,Bank transfer,53.83,743.12,No
DEMO-04689,Female,No,No,No,58,Yes,Fiber optic,No,Yes,One year,No,Bank transfer,70.17,4320.31,No
DEMO-04690,Female,No,Yes,No,32,Yes,DSL,No internet service,No,Month-to-month,No,Bank transfer,59.98,2071.27,No
DEMO-04691,Male,No,No,No,10,Yes,DSL,No internet service,No,Month-to-month,Yes,Credit card,91.82,1237.44,Yes
DEMO-04692,Female,Yes,No,Yes,27,Yes,Fiber optic,No,Yes,One year,No,Credit card,46.64,1152.75,No
DEMO-04693,Female,No,Yes,Yes,72,Yes,Fiber optic,No internet service,Yes,Two year,No,Electronic check,63.96,4744.24,No
DEMO-04694,Male,No,Yes,No,72,Yes,No,No,No,Month-to-month,Yes,Electronic check,25.51,1992.01,No
DEMO-04695,Female,No,Yes,Yes,72,Yes,No,No,No,One year,Yes,Credit card,86.86,6256.97,Yes
DEMO-04696,Male,No,No,No,51,Yes,Fiber optic,No,No,Month-to-month,No,Bank transfer,103.17,5222.43,No
DEMO-04697,Male,No,No,No,21,No,Fiber optic,No,No,Month-to-month,Yes,Credit card,94.77,2063.9,No
DEMO-04698,Male,No,Yes,No,57,Yes,Fiber optic,No,No,Month-to-month,Yes,Mailed check,92.32,5229.65,Yes
DEMO-04699,Male,Yes,Yes,Yes,17,Yes,DSL,No,No,One year,Yes,Credit card,92.99,1466.44,No
DEMO-04700,Male,No,Yes,Yes,29,Yes,Fiber optic,No internet service,Yes,Two year,Yes,Electronic check,89.49,2453.49,Yes
DEMO-04701,Male,No,Yes,No,17,Yes,Fiber optic,No,No,Month-to-month,Yes,Bank transfer,87.36,1335.44,Yes
DEMO-04702,Female,No,Yes,Yes,51,Yes,DSL,No,Yes,Month-to-month,Yes,Mailed check,88.97,4560.78,No
DEMO-04703,Female,No,No,No,48,Yes,DSL,Yes,No,Month-to-month,Yes,Electronic check,55.61,2736.41,No
DEMO-04704,Female,No,Yes,No,19,Yes,Fiber optic,No,Yes,Month-to-month,Yes,Electronic check,67.0,1175.54,Yes
DEMO-04705,Female,No,Yes,Yes,66,Yes,Fiber optic,No,Yes,Month-to-month,Yes,Electronic check,73.76,4916.52,Yes
DEMO-04706,Female,No,Yes,No,72,Yes,DSL,No internet service,No,Month-to-month,No,Electronic check,63.61,4627.58,No
DEMO-04707,Male,No,No,No,21,Yes,DSL,No internet service,Yes,Month-to-month,No,Credit card,32.84,724.31,No
DEMO-04708,Male,No,Yes,No,42,Yes,DSL,No,No,Month-to-month,Yes,Credit card,41.12,1795.03,Yes
DEMO-04709,Male,Yes,No,No,72,Yes,No,No,No,Month-to-month,Yes,Credit card,77.75,5619.55,No
DEMO-04710,Male,No,Yes,No,39,No,No,No,No,Two year,No,Credit card,94.64,3824.25,No
DEMO-04711,Male,No,No,Yes,24,No,No,No internet service,Yes,Month-to-month,No,Credit card,72.23,1795.9,No
DEMO-04712,Female,No,Yes,No,30,Yes,No,No,Yes,One year,No,Credit card,141.12,4108.14,Yes
DEMO-04713,Male,No,Yes,No,21,Yes,DSL,Yes,No,Two year,No,Electronic check,49.01,1213.21,Yes
DEMO-04714,Male,No,No,No,68,No,DSL,No internet service,No,One year,Yes,Electronic check,83.12,5556.08,Yes
DEMO-04715,Male,No,No,No,62,Yes,Fiber optic,No,Yes,Month-to-month,Yes,Credit card,104.28,6463.74,No
DEMO-04716,Female,No,Yes,No,72,Yes,Fiber optic,No,Yes,Month-to-month,Yes,Mailed check,98.64,7357.29,No
DEMO-04717,Male,No,No,No,17,Yes,Fiber optic,Yes,No,One year,Yes,Bank transfer,88.38,1551.43,Yes
DEMO-04718,Female,Yes,No,No,20,Yes,DSL,Yes,Yes,Month-to-month,No,Bank transfer,98.76,1892.95,No
DEMO-04719,Male,No,No,Yes,8,Yes,No,No,No,Month-to-month,Yes,Electronic check,73.38,620.72,Yes
DEMO-04720,Female,No,No,No,46,Yes,DSL,Yes,Yes,Month-to-month,No,Electronic check,113.57,5276.46,Yes
DEMO-04721,Male,No,No,Yes,12,Yes,Fiber optic,No,No,Month-to-month,No,Bank transfer,104.08,1269.08,Yes
DEMO-04722,Female,No,Yes,No,72,Yes,No,No,No,Month-to-month,No,Bank transfer,50.69,3599.0,No
DEMO-04723,Female,No,No,Yes,15,Yes,Fiber optic,No,Yes,One year,Yes,Mailed check,80.04,1072.62,No
DEMO-04724,Female,No,Yes,No,4,No,Fiber optic,No,No,Month-to-month,Yes,Bank transfer,33.32,16.81,No
DEMO-04725,Male,No,Yes,Yes,11,Yes,Fiber optic,No internet service,Yes,Month-to-month,Yes,Mailed check,110.04,1132.51,Yes
DEMO-04726,Male,No,No,No,39,Yes,Fiber optic,No,No,Two year,No,Mailed check,77.61,3156.28,No
DEMO-04727,Female,No,Yes,No,29,Yes,No,No,No,Month-to-month,Yes,Bank transfer,105.72,2943.99,Yes
DEMO-04728,Female,No,Yes,No,15,Yes,Fiber optic,No,Yes,One year,No,Mailed check,69.27,1054.62,No
DEMO-04729,Female,No,Yes,No,28,Yes,Fiber optic,No,No,Month-to-month,Yes,Credit card,25.59,856.35,Yes
DEMO-04730,Female,No,Yes,No,19,Yes,No,Yes,No,Month-to-month,No,Mailed check,137.93,2685.75,Yes
DEMO-04731,Female,No,Yes,Yes,45,Yes,Fiber optic,No,No,Two year,Yes,Credit card,75.28,3529.74,No
DEMO-04732,Female,No,No,No,12,Yes,Fiber optic,Yes,Yes,Month-to-month,No,Credit card,46.99,505.25,No
DEMO-04733,Female,No,Yes,No,35,Yes,Fiber optic,Yes,No,Month-to-month,No,Credit card,100.64,3585.21,No
DEMO-04734,Female,No,No,No,36,Yes,DSL,No,Yes,Two year,Yes,Credit card,122.9,4539.49,Yes
DEMO-04735,Male,No,Yes,No,30,Yes,Fiber optic,No internet service,No,One year,No,Bank transfer,66.94,2102.32,Yes
DEMO-04736,Male,Yes,No,No,42,Yes,No,No,Yes,One year,No,Bank transfer,69.52,3008.83,No
DEMO-04737,Female,No,Yes,Yes,28,Yes,DSL,No,No,Month-to-month,Yes,Bank transfer,77.95,2063.14,Yes
DEMO-04738,Female,Yes,No,No,51,Yes,DSL,Yes,No,Month-to-month,No,Electronic check,44.23,2322.44,Yes
DEMO-04739,Female,No,Yes,No,30,Yes,DSL,No,Yes,One year,No,Electronic check,54.73,1690.68,No
DEMO-04740,Male,No,Yes,Yes,70,Yes,Fiber optic,Yes,No,Month-to-month,Yes,Electronic check,116.55,8143.47,Yes
DEMO-04741,Female,No,No,No,35,Yes,DSL,No internet service,No,Month-to-month,Yes,Bank transfer,68.69,2343.66,No
DEMO-04742,Female,No,No,No,67,Yes,Fiber optic,No,Yes,One year,No,Electronic check,51.06,3466.06,No
DEMO-04743,Male,No,Yes,No,19,Yes,DSL,No internet service,No,Month-to-month,Yes,Bank transfer,60.7,1054.57,Yes
DEMO-04744,Female,No,Yes,Yes,13,Yes,DSL,No,No,Month-to-month,Yes,Electronic check,98.82,1241.53,Yes
DEMO-04745,Female,No,No,No,51,Yes,DSL,Yes,Yes,Month-to-month,Yes,Electronic check,22.6,1246.81,Yes
DEMO-04746,Male,No,No,No,30,Yes,DSL,No internet service,No,Month-to-month,Yes,Bank transfer,78.37,2455.3,Yes
DEMO-04747,Male,No,No,Yes,3,No,No,No,No,One year,Yes,Credit card,133.56,448.89,Yes
DEMO-04748,Male,Yes,Yes,No,17,No,No,No,Yes,Two year,Yes,Mailed check,122.78,2041.28,Yes
DEMO-04749,Male,No,No,No,39,Yes,Fiber optic,Yes,No,Month-to-month,Yes,Credit card,86.33,3255.72,Yes
DEMO-04750,Female,No,Yes,No,28,No,No,No,No,Month-to-month,Yes,Electronic check,104.91,2859.54,Yes
DEMO-04751,Male,No,Yes,No,16,Yes,DSL,Yes,Yes,Month-to-month,No,Mailed check,104.67,1803.28,No
DEMO-04752,Female,No,No,Yes,30,Yes,No,Yes,No,Month-to-month,No,Electronic check,68.85,2084.95,No
DEMO-04753,Male,Yes,Yes,No,34,Yes,Fiber optic,No,No,Month-to-month,No,Electronic check,95.12,3223.89,Yes
DEMO-04754,Female,Yes,No,Yes,6,Yes,Fiber optic,No internet service,No,Two year,Yes,Electronic check,116.71,716.61,Yes
DEMO-04755,Female,Yes,No,Yes,65,Yes,Fiber optic,No internet service,No,Month-to-month,Yes,Electronic check,40.41,2695.11,Yes
DEMO-04756,Female,No,Yes,No,72,Yes,DSL,No,Yes,Month-to-month,No,Bank transfer,86.42,6119.58,No
DEMO-04757,Female,No,No,No,17,Yes,DSL,Yes,Yes,Two year,Yes,Bank transfer,81.04,1329.04,No
DEMO-04758,Female,No,Yes,No,72,Yes,DSL,No internet service,Yes,Month-to-month,Yes,Electronic check,74.58,5434.37,Yes
DEMO-04759,Female,No,Yes,No,29,Yes,Fiber optic,No,No,Two year,No,Credit card,72.37,2122.71,Yes
DEMO-04760,Female,No,Yes,No,18,Yes,Fiber optic,No,No,Month-to-month,Yes,Bank transfer,77.79,1510.83,Yes
DEMO-04761,Female,No,No,No,18,Yes,No,Yes,No,Month-to-month,Yes,Electronic check,79.89,1513.36,No
DEMO-04762,Male,Yes,Yes,Yes,72,Yes,DSL,Yes,No,Two year,No,Mailed check,99.97,7120.63,No
DEMO-04763,Female,No,No,No,12,Yes,Fiber optic,Yes,No,Month-to-month,Yes,Electronic check,83.91,673.17,Yes
DEMO-04764,Male,Yes,No,No,34,Yes,Fiber optic,Yes,Yes,Month-to-month,Yes,Credit card,67.55,2317.13,No
DEMO-04765,Male,No,No,No,38,Yes,DSL,No,No,Month-to-month,No,Mailed check,51.0,1833.47,No
DEMO-04766,Male,No,No,Yes,51,Yes,DSL,No,Yes,One year,Yes,Electronic check,60.19,3120.45,No
DEMO-04767,Male,Yes,No,No,32,Yes,Fiber optic,Yes,Yes,One year,Yes,Electronic check,78.53,2672.01,Yes
DEMO-04768,Female,Yes,Yes,No,72,Yes,Fiber optic,Yes,Yes,Month-to-month,Yes,Electronic check,54.35,3810.24,No
DEMO-04769,Male,Yes,No,No,72,Yes,DSL,No,No,One year,No,Mailed check,95.65,6951.45,No
DEMO-04770,Male,Yes,No,Yes,72,Yes,DSL,No,No,One year,Yes,Bank transfer,82.75,6045.02,No
DEMO-04771,Male,Yes,Yes,Yes,40,Yes,DSL,No,Yes,Month-to-month,No,Credit card,100.59,4058.17,No
DEMO-04772,Female,Yes,Yes,No,58,Yes,No,No,No,Month-to-month,Yes,Electronic check,56.03,3282.53,No
DEMO-04773,Female,No,Yes,Yes,24,Yes,No,No,No,Month-to-month,No,Electronic check,51.22,1021.64,No
DEMO-04774,Male,Yes,Yes,No,67,No,DSL,No,No,Month-to-month,No,Electronic check,100.4,6733.35,No
DEMO-04775,Male,No,Yes,No,19,No,Fiber optic,Yes,Yes,Month-to-month,Yes,Mailed check,75.25,1428.88,No
DEMO-04776,Male,No,No,No,14,No,No,No internet service,Yes,Month-to-month,No,Bank transfer,66.94,1042.13,Yes
DEMO-04777,Female,No,Yes,Yes,14,Yes,DSL,No internet service,Yes,Month-to-month,Yes,Credit card,89.47,1348.57,Yes
DEMO-04778,Male,No,No,No,46,Yes,DSL,No,No,Month-to-month,Yes,Bank transfer,88.54,4021.81,No
DEMO-04779,Male,No,No,Yes,72,Yes,DSL,No,No,One year,Yes,Electronic check,40.61,2733.93,No
DEMO-04780,Male,No,Yes,No,72,Yes,DSL,No,Yes,Month-to-month,No,Credit card,106.62,7517.04,No
DEMO-04781,Female,No,Yes,Yes,3,Yes,No,No internet service,Yes,Two year,Yes,Credit card,61.74,326.09,No
DEMO-04782,Male,No,Yes,Yes,61,Yes,No,Yes,No,Two year,No,Electronic check,114.5,6976.77,No
DEMO-04783,Female,Yes,No,No,13,Yes,Fiber optic,Yes,No,One year,No,Credit card,38.66,357.92,Yes
DEMO-04784,Male,No,No,Yes,72,Yes,DSL,No,Yes,Two year,Yes,Bank transfer,79.93,5622.73,No
DEMO-04785,Female,No,No,No,10,Yes,No,Yes,No,Two year,Yes,Credit card,67.36,696.68,No
DEMO-04786,Male,No,Yes,No,6,Yes,DSL,No internet service,No,Month-to-month,No,Mailed check,22.62,147.82,Yes
DEMO-04787,Male,No,Yes,No,62,Yes,DSL,No internet service,No,One year,Yes,Electronic check,88.46,5650.11,No
DEMO-04788,Male,No,Yes,No,23,No,DSL,No internet service,No,Month-to-month,Yes,Credit card,23.9,541.68,Yes
DEMO-04789,Male,No,Yes,Yes,22,Yes,No,Yes,No,One year,Yes,Mailed check,64.71,1462.24,No
DEMO-04790,Male,No,Yes,No,16,Yes,Fiber optic,Yes,No,Month-to-month,Yes,Credit card,99.61,1589.57,Yes
DEMO-04791,Female,No,No,Yes,19,Yes,Fiber optic,No internet service,No,Month-to-month,No,Electronic check,58.75,1198.14,Yes
DEMO-04792,Male,No,Yes,No,63,Yes,Fiber optic,No,Yes,Month-to-month,Yes,Mailed check,49.41,3288.84,No
DEMO-04793,Female,No,No,No,14,Yes,DSL,No,Yes,Two year,No,Bank transfer,92.01,1382.58,No
DEMO-04794,Female,No,Yes,No,28,No,Fiber optic,No,Yes,Month-to-month,No,Bank transfer,65.76,2038.38,Yes
DEMO-04795,Male,No,No,Yes,13,Yes,No,No internet service,Yes,Month-to-month,No,Mailed check,61.87,858.41,Yes
DEMO-04796,Female,No,No,No,33,Yes,No,No,No,Month-to-month,No,Bank transfer,103.87,3269.11,Yes
DEMO-04797,Female,No,No,No,22,Yes,Fiber optic,No,Yes,Month-to-month,Yes,Bank transfer,42.82,859.64,No
DEMO-04798,Female,No,No,No,43,Yes,DSL,No,No,Two year,Yes,Bank transfer,60.51,2684.02,No
DEMO-04799,Male,No,Yes,No,48,Yes,No,No,No,One year,Yes,Electronic check,93.66,4471.55,Yes
DEMO-04800,Female,Yes,No,Yes,72,Yes,Fiber optic,No,No,Month-to-month,No,Bank transfer,41.2,2966.58,Yes
DEMO-04801,Male,No,No,No,72,Yes,DSL,No,Yes,Month-to-month,No,Bank transfer,116.38,8298.35,No
DEMO-04802,Male,No,Yes,No,18,Yes,DSL,No internet service,Yes,Month-to-month,Yes,Credit card,66.58,1342.88,Yes
DEMO-04803,Female,No,Yes,Yes,52,Yes,DSL,No,Yes,Month-to-month,No,Bank transfer,93.86,5033.86,No
DEMO-04804,Female,No,No,No,21,Yes,Fiber optic,No internet service,No,Two year,Yes,Mailed check,93.81,1947.11,Yes
DEMO-04805,Male,No,No,No,47,Yes,Fiber optic,No,Yes,One year,No,Electronic check,68.19,3183.01,No
DEMO-04806,Male,No,No,No,45,Yes,DSL,No,Yes,Month-to-month,Yes,Electronic check,60.02,2828.44,Yes
DEMO-04807,Male,No,Yes,Yes,44,Yes,DSL,No internet service,Yes,One year,Yes,Electronic check,70.93,3225.53,No
DEMO-04808,Female,No,No,Yes,54,No,Fiber optic,Yes,No,Month-to-month,Yes,Bank transfer,89.82,4687.18,Yes
DEMO-04809,Male,No,No,No,35,Yes,Fiber optic,No,No,One year,No,Credit card,47.34,1724.85,No
DEMO-04810,Male,No,Yes,No,23,Yes,DSL,Yes,No,Month-to-month,No,Credit card,41.92,1013.74,Yes
DEMO-04811,Male,No,No,No,34,Yes,DSL,No,Yes,One year,Yes,Bank transfer,109.11,3728.41,Yes
DEMO-04812,Male,No,Yes,No,72,Yes,No,No,Yes,Month-to-month,Yes,Bank transfer,53.63,3773.6,No
DEMO-04813,Male,Yes,Yes,No,20,Yes,No,No,No,Two year,Yes,Bank transfer,80.85,1531.42,No
DEMO-04814,Male,No,No,No,24,Yes,Fiber optic,No,Yes,Month-to-month,Yes,Mailed check,66.94,1296.71,Yes
DEMO-04815,Male,No,Yes,No,17,Yes,Fiber optic,No internet service,Yes,Month-to-month,No,Bank transfer,68.05,1091.21,No
DEMO-04816,Male,No,No,Yes,5,Yes,No,Yes,No,Month-to-month,Yes,Mailed check,107.76,341.73,No
DEMO-04817,Male,No,No,Yes,30,Yes,DSL,No,No,Month-to-month,Yes,Mailed check,69.87,2042.01,Yes
DEMO-04818,Male,No,Yes,No,49,Yes,No,No,No,Month-to-month,Yes,Credit card,63.08,3131.14,No
DEMO-04819,Male,No,Yes,No,14,Yes,Fiber optic,No internet service,No,Month-to-month,No,Bank transfer,65.26,796.87,Yes
DEMO-04820,Male,No,Yes,No,72,Yes,Fiber optic,Yes,Yes,One year,Yes,Electronic check,59.41,4410.71,No
DEMO-04821,Male,No,Yes,Yes,43,Yes,Fiber optic,Yes,Yes,Month-to-month,Yes,Bank transfer,55.25,2571.34,Yes
DEMO-04822,Female,No,Yes,No,64,Yes,DSL,Yes,Yes,One year,Yes,Credit card,59.51,3832.33,No
DEMO-04823,Male,No,Yes,No,40,Yes,Fiber optic,Yes,Yes,One year,No,Electronic check,113.58,4604.05,No
DEMO-04824,Male,No,No,No,28,Yes,Fiber optic,No,No,Month-to-month,No,Credit card,89.79,2352.27,No
DEMO-04825,Male,No,Yes,No,23,Yes,DSL,No,No,Month-to-month,Yes,Credit card,63.37,1475.85,Yes
DEMO-04826,Male,No,No,No,38,Yes,Fiber optic,No,No,Month-to-month,Yes,Bank transfer,96.54,3528.0,Yes
DEMO-04827,Male,No,Yes,Yes,41,Yes,No,No internet service,No,Month-to-month,No,Electronic check,32.32,1152.72,No
DEMO-04828,Male,No,No,No,21,Yes,No,No,No,One year,Yes,Electronic check,106.39,2107.59,Yes
DEMO-04829,Male,No,Yes,Yes,27,Yes,Fiber optic,No,No,Two year,Yes,Electronic check,104.38,2802.82,No
DEMO-04830,Female,No,No,No,72,No,DSL,Yes,Yes,One year,Yes,Mailed check,127.91,9205.45,No
DEMO-04831,Male,No,No,No,34,Yes,DSL,No internet service,Yes,Month-to-month,Yes,Credit card,97.29,3300.58,No
DEMO-04832,Female,No,Yes,No,37,Yes,DSL,No,No,One year,Yes,Credit card,82.93,2952.03,No
DEMO-04833,Male,No,Yes,No,72,Yes,No,No internet service,Yes,One year,Yes,Electronic check,104.28,7518.78,No
DEMO-04834,Male,No,No,No,41,Yes,Fiber optic,No,Yes,Month-to-month,Yes,Mailed check,56.35,2240.81,No
DEMO-04835,Female,No,Yes,No,31,Yes,No,No,No,Two year,Yes,Mailed check,62.11,1938.28,Yes
DEMO-04836,Female,No,No,Yes,63,Yes,DSL,No,Yes,Month-to-month,Yes,Mailed check,70.39,4410.97,No
DEMO-04837,Male,No,Yes,Yes,53,Yes,No,No internet service,No,Month-to-month,No,Bank transfer,106.22,5449.39,Yes
DEMO-04838,Female,No,No,Yes,38,No,No,Yes,Yes,Month-to-month,Yes,Credit card,50.6,1854.86,No
DEMO-04839,Male,No,Yes,Yes,40,Yes,Fiber optic,No internet service,No,Month-to-month,No,Mailed check,47.95,1972.43,Yes
DEMO-04840,Female,No,No,No,25,Yes,No,Yes,No,Two year,No,Electronic check,77.91,2031.62,No
DEMO-04841,Female,No,No,No,12,Yes,Fiber optic,Yes,Yes,Month-to-month,Yes,Bank transfer,89.94,956.1,No
DEMO-04842,Female,No,Yes,No,48,Yes,DSL,Yes,Yes,Month-to-month,No,Electronic check,54.42,2535.75,No
DEMO-04843,Male,No,No,Yes,8,Yes,DSL,No,No,Month-to-month,Yes,Credit card,88.76,665.35,Yes
DEMO-04844,Male,No,Yes,Yes,12,Yes,DSL,No,No,Month-to-month,Yes,Credit card,106.21,1391.67,No
DEMO-04845,Male,No,Yes,No,27,No,DSL,No internet service,Yes,Month-to-month,No,Electronic check,102.01,2801.19,Yes
DEMO-04846,Female,No,No,Yes,25,Yes,Fiber optic,No,Yes,Month-to-month,Yes,Bank transfer,80.83,1892.76,Yes
DEMO-04847,Female,No,No,No,52,Yes,DSL,No,Yes,One year,No,Credit card,69.74,3675.69,No
DEMO-04848,Female,No,No,No,61,No,DSL,No,Yes,Month-to-month,No,Mailed check,115.39,7165.66,No
DEMO-04849,Male,No,Yes,No,72,Yes,DSL,No,No,One year,No,Mailed check,72.39,5233.72,No
DEMO-04850,Male,Yes,Yes,Yes,6,Yes,Fiber optic,No,Yes,Month-to-month,Yes,Credit card,95.51,495.56,Yes
DEMO-04851,Female,No,No,Yes,44,No,No,Yes,No,One year,No,Electronic check,120.96,5407.06,No
DEMO-04852,Female,No,Yes,No,43,Yes,Fiber optic,No,No,Two year,No,Bank transfer,92.88,4012.34,No
DEMO-04853,Female,No,Yes,No,39,Yes,Fiber optic,No,No,Month-to-month,Yes,Electronic check,47.07,1810.76,Yes
DEMO-04854,Male,No,No,No,48,No,No,No internet service,Yes,Month-to-month,Yes,Electronic check,41.02,2058.27,No
DEMO-04855,Female,No,No,Yes,55,Yes,Fiber optic,No,No,Two year,No,Credit card,64.56,3550.41,No
DEMO-04856,Male,No,Yes,No,72,Yes,Fiber optic,Yes,No,Month-to-month,Yes,Bank transfer,89.74,6469.35,Yes
DEMO-04857,Female,No,Yes,No,40,No,Fiber optic,No,Yes,One year,No,Bank transfer,83.12,3410.82,No
DEMO-04858,Female,No,No,Yes,72,Yes,No,No,Yes,Month-to-month,Yes,Electronic check,127.18,9106.86,No
DEMO-04859,Male,No,Yes,No,40,No,DSL,No,No,Month-to-month,No,Credit card,82.88,3199.57,No
DEMO-04860,Male,No,No,No,22,Yes,Fiber optic,No,No,Month-to-month,Yes,Electronic check,63.81,1436.35,Yes
DEMO-04861,Female,No,Yes,Yes,38,Yes,Fiber optic,No,Yes,Two year,Yes,Bank transfer,43.67,1815.14,Yes
DEMO-04862,Male,No,No,Yes,16,No,DSL,No,No,Month-to-month,No,Electronic check,101.51,1396.71,No
DEMO-04863,Male,Yes,Yes,No,16,Yes,Fiber optic,No,Yes,One year,Yes,Bank transfer,71.85,1222.94,No
DEMO-04864,Male,No,Yes,No,29,Yes,No,Yes,Yes,One year,No,Bank transfer,34.35,999.63,No
DEMO-04865,Male,Yes,No,No,25,Yes,No,No,Yes,Month-to-month,Yes,Mailed check,72.56,1760.59,Yes
DEMO-04866,Male,Yes,No,No,72,Yes,No,No,Yes,Month-to-month,Yes,Mailed check,47.11,3327.29,Yes
DEMO-04867,Male,No,No,No,28,Yes,Fiber optic,No internet service,No,Month-to-month,No,Mailed check,61.36,1808.38,Yes
DEMO-04868,Male,No,No,Yes,14,Yes,Fiber optic,No,No,Month-to-month,Yes,Bank transfer,72.15,1078.09,Yes
DEMO-04869,Male,Yes,No,Yes,33,Yes,No,No,Yes,One year,Yes,Bank transfer,49.37,1525.5,No
DEMO-04870,Male,No,Yes,No,40,No,DSL,Yes,No,Month-to-month,Yes,Credit card,59.81,2422.86,No
DEMO-04871,Male,No,Yes,No,35,Yes,DSL,No,No,Month-to-month,Yes,Electronic check,53.4,2006.23,No
DEMO-04872,Male,Yes,Yes,No,13,Yes,Fiber optic,No,No,One year,No,Electronic check,54.07,772.65,No
DEMO-04873,Female,No,Yes,Yes,72,Yes,Fiber optic,No internet service,Yes,One year,Yes,Electronic check,46.8,3202.81,No
DEMO-04874,Male,Yes,Yes,No,6,Yes,Fiber optic,No,Yes,Month-to-month,Yes,Electronic check,59.93,424.18,Yes
DEMO-04875,Male,No,Yes,No,35,Yes,No,Yes,No,Month-to-month,Yes,Bank transfer,49.63,1612.31,Yes
DEMO-04876,Female,No,No,No,13,Yes,DSL,No,Yes,Month-to-month,Yes,Electronic check,86.66,1148.39,No
DEMO-04877,Female,No,No,Yes,65,Yes,No,No,Yes,One year,No,Electronic check,77.02,4931.53,No
DEMO-04878,Female,No,No,No,44,Yes,Fiber optic,No internet service,No,Month-to-month,Yes,Electronic check,101.87,4522.53,Yes
DEMO-04879,Female,No,Yes,No,40,Yes,No,No,No,Month-to-month,Yes,Mailed check,119.17,4699.83,No
DEMO-04880,Male,No,Yes,No,27,Yes,DSL,No,No,Month-to-month,Yes,Bank transfer,88.93,2296.47,Yes
DEMO-04881,Male,No,No,Yes,72,Yes,Fiber optic,No internet service,No,One year,Yes,Mailed check,83.24,6024.77,No
DEMO-04882,Female,No,Yes,No,27,No,Fiber optic,No,No,One year,No,Credit card,90.51,2455.31,Yes
DEMO-04883,Male,No,No,No,72,Yes,Fiber optic,No,Yes,Month-to-month,No,Electronic check,83.66,6105.68,No
DEMO-04884,Female,No,Yes,No,16,Yes,DSL,No,No,Two year,Yes,Mailed check,73.25,1118.97,Yes
DEMO-04885,Male,No,Yes,Yes,33,Yes,DSL,Yes,Yes,Two year,Yes,Electronic check,71.27,2200.52,No
DEMO-04886,Female,Yes,Yes,Yes,54,Yes,DSL,No,No,Month-to-month,Yes,Credit card,46.46,2576.44,No
DEMO-04887,Male,No,No,No,46,Yes,Fiber optic,No,No,One year,Yes,Electronic check,92.97,4421.31,No
DEMO-04888,Male,Yes,Yes,No,31,No,Fiber optic,Yes,No,Month-to-month,Yes,Credit card,71.22,2150.04,Yes
DEMO-04889,Male,No,No,Yes,7,Yes,Fiber optic,No internet service,No,Two year,No,Bank transfer,108.24,806.29,Yes
DEMO-04890,Female,No,No,Yes,37,Yes,Fiber optic,No internet service,Yes,Month-to-month,No,Bank transfer,94.88,3479.39,Yes
DEMO-04891,Male,No,Yes,No,24,Yes,DSL,No,No,Month-to-month,Yes,Bank transfer,56.35,1545.65,Yes
DEMO-04892,Male,No,No,No,20,Yes,DSL,No,Yes,Month-to-month,Yes,Mailed check,103.17,2010.81,Yes
DEMO-04893,Female,No,No,No,56,Yes,Fiber optic,No,No,Month-to-month,No,Electronic check,20.0,1115.39,No
DEMO-04894,Male,No,No,No,5,Yes,Fiber optic,No internet service,Yes,One year,Yes,Credit card,120.26,399.09,No
DEMO-04895,Female,Yes,Yes,No,32,Yes,Fiber optic,No internet service,Yes,Month-to-month,Yes,Credit card,38.54,1390.59,Yes
DEMO-04896,Male,No,No,No,1,Yes,Fiber optic,No,Yes,Month-to-month,Yes,Electronic check,84.38,30.94,Yes
DEMO-04897,Male,No,Yes,No,47,Yes,No,No,No,Month-to-month,No,Electronic check,82.69,4016.28,No
DEMO-04898,Male,No,No,Yes,57,Yes,No,Yes,No,Two year,Yes,Electronic check,100.09,5638.12,Yes
DEMO-04899,Female,Yes,Yes,No,36,Yes,Fiber optic,No,No,Two year,No,Credit card,63.78,2288.21,Yes
DEMO-04900,Female,No,Yes,Yes,22,No,DSL,Yes,Yes,Month-to-month,No,Mailed check,20.0,361.86,No
DEMO-04901,Female,No,No,No,72,Yes,DSL,No internet service,Yes,Month-to-month,Yes,Bank transfer,63.82,4501.58,No
DEMO-04902,Male,No,Yes,No,72,Yes,Fiber optic,No,No,Month-to-month,No,Electronic check,66.52,4760.13,Yes
DEMO-04903,Female,No,Yes,No,41,Yes,Fiber optic,Yes,Yes,Two year,Yes,Credit card,20.77,837.72,No
DEMO-04904,Female,No,Yes,No,72,No,DSL,No,No,One year,No,Electronic check,73.13,5228.88,No
DEMO-04905,Male,No,No,No,16,Yes,DSL,No,No,One year,Yes,Electronic check,45.1,569.41,No
DEMO-04906,Female,No,Yes,No,29,Yes,No,No internet service,No,Two year,Yes,Credit card,88.23,2587.04,No
DEMO-04907,Male,No,No,No,3,Yes,DSL,No,Yes,Month-to-month,No,Bank transfer,65.85,1.87,Yes
DEMO-04908,Male,No,No,No,12,Yes,Fiber optic,Yes,No,One year,No,Mailed check,121.03,1418.57,No
DEMO-04909,Female,No,No,Yes,11,Yes,No,No,No,Month-to-month,Yes,Credit card,65.6,563.55,Yes
DEMO-04910,Female,No,No,No,46,No,Fiber optic,No internet service,No,Month-to-month,Yes,Electronic check,82.76,3896.99,Yes
DEMO-04911,Male,Yes,No,Yes,13,Yes,DSL,No,No,Month-to-month,Yes,Electronic check,66.67,989.92,Yes
DEMO-04912,Male,Yes,Yes,No,5,No,No,No internet service,Yes,Month-to-month,No,Electronic check,31.42,216.29,Yes
DEMO-04913,Male,No,No,No,18,Yes,Fiber optic,No,No,Two year,No,Electronic check,66.88,1156.22,No
DEMO-04914,Female,No,Yes,Yes,20,No,DSL,No,No,Month-to-month,Yes,Bank transfer,90.84,1742.65,Yes
DEMO-04915,Male,No,Yes,No,10,Yes,Fiber optic,No internet service,Yes,Two year,Yes,Bank transfer,87.05,845.13,Yes
DEMO-04916,Female,No,Yes,No,34,No,DSL,No,Yes,One year,No,Mailed check,64.67,2193.3,No
DEMO-04917,Male,No,No,No,39,No,Fiber optic,No internet service,No,One year,No,Credit card,35.58,1435.88,No
DEMO-04918,Female,Yes,Yes,No,7,Yes,No,No internet service,Yes,Two year,No,Electronic check,88.11,656.56,No
DEMO-04919,Female,No,Yes,No,52,Yes,Fiber optic,No,No,Month-to-month,No,Electronic check,82.49,4085.65,No
DEMO-04920,Female,No,Yes,Yes,15,Yes,No,No,Yes,Month-to-month,Yes,Mailed check,93.09,1462.56,No
DEMO-04921,Female,Yes,No,No,20,Yes,Fiber optic,No,No,Month-to-month,Yes,Credit card,65.15,1341.56,Yes
DEMO-04922,Male,No,Yes,No,44,No,No,No,No,Month-to-month,Yes,Mailed check,29.89,1236.98,Yes
DEMO-04923,Male,No,Yes,Yes,20,Yes,Fiber optic,No,No,Two year,Yes,Credit card,85.34,1610.05,Yes
DEMO-04924,Male,No,Yes,Yes,12,Yes,DSL,No internet service,No,Month-to-month,No,Credit card,71.77,867.4,Yes
DEMO-04925,Female,No,No,Yes,33,Yes,No,No,Yes,Month-to-month,No,Credit card,106.79,3542.08,No
DEMO-04926,Male,No,Yes,No,66,Yes,No,No,Yes,Month-to-month,No,Credit card,72.72,4689.32,No
DEMO-04927,Male,Yes,No,Yes,60,Yes,Fiber optic,Yes,Yes,Month-to-month,Yes,Bank transfer,70.86,4257.43,Yes
DEMO-04928,Female,No,Yes,No,19,Yes,Fiber optic,No,No,One year,No,Credit card,82.43,1584.62,No
DEMO-04929,Male,No,No,No,14,Yes,DSL,No,Yes,Month-to-month,No,Bank transfer,57.08,884.92,No
DEMO-04930,Female,No,No,No,17,Yes,DSL,No,No,One year,Yes,Mailed check,55.87,938.69,Yes
DEMO-04931,Female,No,Yes,No,61,Yes,DSL,No,No,One year,Yes,Electronic check,69.55,4039.75,No
DEMO-04932,Female,No,No,No,16,Yes,Fiber optic,No internet service,No,One year,No,Credit card,48.99,809.04,No
DEMO-04933,Male,No,Yes,No,72,Yes,DSL,No,No,Month-to-month,Yes,Mailed check,66.27,4602.37,No
DEMO-04934,Female,Yes,No,No,44,Yes,DSL,No internet service,No,One year,No,Credit card,120.49,5216.56,No
DEMO-04935,Female,No,No,No,30,Yes,No,No,No,Month-to-month,Yes,Credit card,98.07,2807.02,No
DEMO-04936,Female,No,Yes,Yes,19,Yes,Fiber optic,No internet service,Yes,Month-to-month,Yes,Mailed check,79.7,1563.69,No
DEMO-04937,Female,Yes,Yes,Yes,33,Yes,No,No,Yes,One year,No,Mailed check,110.79,3547.45,No
DEMO-04938,Female,No,Yes,No,12,Yes,DSL,No,No,One year,Yes,Electronic check,51.38,716.49,Yes
DEMO-04939,Male,No,No,Yes,8,Yes,DSL,No,Yes,Month-to-month,Yes,Mailed check,134.26,958.29,Yes
DEMO-04940,Female,No,No,Yes,44,Yes,Fiber optic,No,No,Two year,Yes,Bank transfer,60.49,2460.21,No
DEMO-04941,Male,Yes,No,No,30,Yes,DSL,Yes,No,Month-to-month,Yes,Electronic check,122.1,3628.21,Yes
DEMO-04942,Female,No,No,No,53,Yes,Fiber optic,No,No,One year,Yes,Mailed check,121.99,6332.68,Yes
DEMO-04943,Male,No,Yes,No,38,Yes,No,No,Yes,Two year,No,Bank transfer,28.17,1202.12,No
DEMO-04944,Male,No,No,No,18,Yes,DSL,No internet service,Yes,Month-to-month,Yes,Electronic check,108.68,1888.29,Yes
DEMO-04945,Male,Yes,Yes,Yes,60,Yes,Fiber optic,No,No,Two year,Yes,Electronic check,64.9,4009.42,No
DEMO-04946,Male,No,Yes,No,20,Yes,Fiber optic,No,Yes,One year,Yes,Electronic check,57.8,1125.41,Yes
DEMO-04947,Female,No,Yes,No,72,Yes,DSL,Yes,Yes,One year,No,Credit card,85.12,6164.26,Yes
DEMO-04948,Female,Yes,No,No,20,Yes,Fiber optic,Yes,No,One year,Yes,Electronic check,46.8,883.06,No
DEMO-04949,Male,No,No,No,9,Yes,Fiber optic,No,No,One year,No,Electronic check,84.55,998.66,Yes
DEMO-04950,Female,Yes,No,No,72,Yes,DSL,Yes,No,Month-to-month,No,Mailed check,48.48,3375.68,No
DEMO-04951,Female,Yes,No,No,19,Yes,Fiber optic,Yes,No,One year,Yes,Bank transfer,76.43,1146.95,Yes
DEMO-04952,Male,No,Yes,No,20,Yes,Fiber optic,No internet service,No,Month-to-month,Yes,Bank transfer,105.38,2133.62,Yes
DEMO-04953,Male,No,No,Yes,9,Yes,Fiber optic,Yes,Yes,Two year,No,Mailed check,81.66,632.45,No
DEMO-04954,Female,No,No,Yes,28,Yes,No,No,No,Month-to-month,Yes,Bank transfer,63.01,1784.71,No
DEMO-04955,Male,No,No,No,11,Yes,Fiber optic,No,No,Month-to-month,No,Bank transfer,85.54,934.01,Yes
DEMO-04956,Female,No,No,Yes,72,Yes,Fiber optic,Yes,No,Two year,No,Credit card,36.84,2599.54,No
DEMO-04957,Male,No,Yes,No,23,Yes,No,Yes,No,Month-to-month,No,Bank transfer,51.03,1133.0,Yes
DEMO-04958,Female,No,Yes,Yes,14,Yes,Fiber optic,Yes,Yes,Month-to-month,Yes,Bank transfer,61.24,898.28,Yes
DEMO-04959,Male,No,Yes,No,32,Yes,DSL,Yes,No,One year,Yes,Electronic check,91.67,2897.31,Yes
DEMO-04960,Female,No,No,No,72,Yes,DSL,No internet service,No,Month-to-month,Yes,Mailed check,82.14,5898.8,Yes
DEMO-04961,Female,No,Yes,Yes,33,Yes,DSL,No internet service,No,Month-to-month,Yes,Credit card,85.38,2767.76,No
DEMO-04962,Female,No,No,No,25,Yes,DSL,No internet service,Yes,Month-to-month,No,Electronic check,71.32,1945.84,Yes
DEMO-04963,Male,No,Yes,No,31,Yes,Fiber optic,No,No,Month-to-month,Yes,Electronic check,52.3,1752.26,Yes
DEMO-04964,Female,No,No,No,55,Yes,DSL,Yes,No,Month-to-month,No,Bank transfer,109.2,5858.76,No
DEMO-04965,Female,No,Yes,Yes,51,Yes,No,No,No,Month-to-month,No,Credit card,54.56,2782.81,No
DEMO-04966,Female,No,Yes,No,37,Yes,Fiber optic,No,Yes,Month-to-month,Yes,Electronic check,82.48,2970.3,No
DEMO-04967,Female,No,Yes,No,62,Yes,DSL,Yes,Yes,Month-to-month,No,Credit card,69.2,4165.88,No
DEMO-04968,Female,No,Yes,No,33,Yes,No,No,No,Month-to-month,No,Electronic check,86.07,2520.47,No
DEMO-04969,Male,No,No,No,27,Yes,Fiber optic,Yes,Yes,One year,Yes,Credit card,56.86,1502.67,No
DEMO-04970,Male,No,No,Yes,32,Yes,DSL,Yes,No,One year,Yes,Credit card,98.32,3121.37,No
DEMO-04971,Male,No,Yes,No,20,No,DSL,No,No,Month-to-month,Yes,Credit card,106.46,2264.79,No
DEMO-04972,Male,No,No,Yes,56,Yes,Fiber optic,No,No,Month-to-month,No,Credit card,96.78,5524.42,No
DEMO-04973,Female,No,No,No,19,Yes,Fiber optic,No,Yes,Two year,No,Credit card,75.94,1492.04,No
DEMO-04974,Male,No,Yes,No,4,Yes,Fiber optic,Yes,No,One year,No,Credit card,61.12,318.27,No
DEMO-04975,Male,Yes,Yes,Yes,8,Yes,No,Yes,Yes,Month-to-month,Yes,Mailed check,142.55,1225.57,Yes
DEMO-04976,Female,No,No,No,40,Yes,Fiber optic,Yes,Yes,Month-to-month,Yes,Mailed check,47.21,1937.16,Yes
DEMO-04977,Female,No,No,No,16,Yes,No,No,No,Month-to-month,No,Electronic check,94.03,1642.96,Yes
DEMO-04978,Male,No,Yes,No,52,Yes,Fiber optic,No,Yes,Two year,No,Electronic check,80.32,4049.68,Yes
DEMO-04979,Female,No,No,No,30,Yes,Fiber optic,Yes,Yes,Two year,Yes,Bank transfer,70.44,2064.46,No
DEMO-04980,Male,No,Yes,No,55,No,DSL,Yes,No,Two year,No,Electronic check,76.63,4151.79,No
DEMO-04981,Male,No,Yes,No,5,Yes,Fiber optic,No,No,Month-to-month,Yes,Credit card,59.24,241.05,Yes
DEMO-04982,Female,No,Yes,Yes,19,Yes,Fiber optic,No,No,Month-to-month,No,Electronic check,82.68,1555.76,Yes
DEMO-04983,Female,No,No,No,14,Yes,Fiber optic,No,Yes,Month-to-month,Yes,Electronic check,79.92,1282.14,Yes
DEMO-04984,Male,No,Yes,No,72,Yes,Fiber optic,Yes,No,Month-to-month,Yes,Electronic check,138.94,10093.21,Yes
DEMO-04985,Female,No,No,Yes,22,Yes,Fiber optic,No,No,Month-to-month,Yes,Electronic check,98.77,2295.25,Yes
DEMO-04986,Female,No,Yes,No,8,Yes,Fiber optic,No,Yes,One year,Yes,Electronic check,84.9,671.41,Yes
DEMO-04987,Male,No,Yes,No,39,Yes,Fiber optic,No internet service,No,Month-to-month,No,Bank transfer,86.39,3356.89,Yes
DEMO-04988,Male,No,Yes,No,13,Yes,Fiber optic,No,No,Two year,No,Electronic check,117.99,1591.71,No
DEMO-04989,Male,No,Yes,No,59,Yes,No,Yes,No,Month-to-month,No,Credit card,47.74,2859.87,No
DEMO-04990,Male,No,Yes,No,66,Yes,Fiber optic,No,No,Month-to-month,Yes,Mailed check,67.43,4493.52,No
DEMO-04991,Male,No,Yes,No,14,Yes,Fiber optic,No internet service,Yes,Two year,No,Bank transfer,24.32,572.32,Yes
DEMO-04992,Female,No,Yes,No,17,Yes,Fiber optic,Yes,No,One year,No,Bank transfer,85.97,1520.08,Yes
DEMO-04993,Male,No,No,No,37,Yes,Fiber optic,No,Yes,Month-to-month,No,Electronic check,93.2,3369.69,Yes
DEMO-04994,Female,No,No,No,60,Yes,No,No,No,One year,No,Electronic check,47.11,2756.21,No
DEMO-04995,Male,No,Yes,No,40,Yes,No,No,No,Month-to-month,Yes,Credit card,107.88,4399.39,No
DEMO-04996,Male,No,Yes,No,22,No,Fiber optic,Yes,No,Month-to-month,No,Bank transfer,54.03,1265.04,Yes
DEMO-04997,Male,No,No,No,9,Yes,No,Yes,No,Month-to-month,Yes,Electronic check,63.44,668.83,Yes
DEMO-04998,Female,No,No,Yes,72,Yes,Fiber optic,No,No,Month-to-month,No,Bank transfer,74.99,5451.37,No
DEMO-04999,Female,Yes,No,No,41,Yes,No,No,Yes,One year,Yes,Electronic check,111.85,4481.84,No
